problem,algorithm,run,seed,dimension,optimal,tour_cost,gap_pct,elapsed_sec,iterations
eil76,E2BSO-TSP,1,251035873,76,538,538,0.0,11.456,380
eil76,E2BSO-TSP,2,503599048,76,538,538,0.0,17.149,380
eil76,E2BSO-TSP,3,1903301870,76,538,538,0.0,18.909,380
eil76,R2DMA-TSP,1,1876103991,76,538,549,2.0446,43.619,380
eil76,R2DMA-TSP,2,801728473,76,538,550,2.2305,48.213,380
eil76,R2DMA-TSP,3,714646863,76,538,542,0.7435,50.489,380
eil76,P-AOEA-TSP,1,1331398446,76,538,538,0.0,50.502,380
eil76,P-AOEA-TSP,2,1772279002,76,538,538,0.0,72.353,380
eil76,P-AOEA-TSP,3,302142187,76,538,538,0.0,89.717,380
