timestamp,problem,algorithm,run,seed,dimension,optimal,tour_cost,gap_pct,elapsed_sec,iterations
19:50:47,a280,E2BSO-TSP,3,1942,280,2579,2606,1.05,301.987,96
19:50:48,a280,E2BSO-TSP,2,1941,280,2579,2619,1.55,302.127,102
19:50:48,a280,E2BSO-TSP,1,1940,280,2579,2622,1.67,302.975,99
19:51:22,a280,R2DMA-TSP,1,1359,280,2579,2615,1.4,336.95,7
19:55:51,a280,R2DMA-TSP,2,1360,280,2579,2631,2.02,303.827,7
19:56:03,a280,P-AOEA-TSP,1,1795,280,2579,2642,2.44,314.969,15
19:56:19,a280,R2DMA-TSP,3,1361,280,2579,2651,2.79,331.265,8
19:56:25,a280,P-AOEA-TSP,2,1796,280,2579,2632,2.06,303.039,17
20:00:55,a280,P-AOEA-TSP,3,1797,280,2579,2638,2.29,303.696,23
