problem,algorithm,run,dimension,tour_length,optimal,gap_percent,elapsed_ms,iterations,seed
eil51,2-opt,1,51,437.0,426,2.5821596244131455,2726.621599998907,0,1000
eil51,2-opt,2,51,443.0,426,3.9906103286384975,14.666100003523752,0,1001
eil51,2-opt,3,51,433.0,426,1.643192488262911,11.84909998846706,0,1002
eil51,2-opt,4,51,441.0,426,3.5211267605633805,14.357199994265102,0,1003
eil51,2-opt,5,51,436.0,426,2.3474178403755865,14.718000005814247,0,1004
eil51,2-opt,6,51,439.0,426,3.051643192488263,14.95230000000447,0,1005
eil51,2-opt,7,51,430.0,426,0.9389671361502347,13.898700010031462,0,1006
eil51,2-opt,8,51,435.0,426,2.112676056338028,13.606200009235181,0,1007
eil51,2-opt,9,51,432.0,426,1.4084507042253522,12.640000000828877,0,1008
eil51,2-opt,10,51,436.0,426,2.3474178403755865,15.432699990924448,0,1009
eil51,2-opt,11,51,440.0,426,3.286384976525822,18.97340000141412,0,1010
eil51,2-opt,12,51,437.0,426,2.5821596244131455,19.45469999918714,0,1011
eil51,2-opt,13,51,437.0,426,2.5821596244131455,16.716500002075918,0,1012
eil51,2-opt,14,51,438.0,426,2.8169014084507045,15.282899999874644,0,1013
eil51,2-opt,15,51,437.0,426,2.5821596244131455,16.85420000285376,0,1014
eil51,2-opt,16,51,437.0,426,2.5821596244131455,20.605400000931695,0,1015
eil51,2-opt,17,51,438.0,426,2.8169014084507045,17.524099996080622,0,1016
eil51,2-opt,18,51,440.0,426,3.286384976525822,21.91090000269469,0,1017
eil51,2-opt,19,51,432.0,426,1.4084507042253522,19.18160000059288,0,1018
eil51,2-opt,20,51,433.0,426,1.643192488262911,21.86029999575112,0,1019
eil51,2-opt,21,51,433.0,426,1.643192488262911,15.904699990642257,0,1020
eil51,2-opt,22,51,435.0,426,2.112676056338028,19.79340000252705,0,1021
eil51,2-opt,23,51,439.0,426,3.051643192488263,19.637200006400235,0,1022
eil51,2-opt,24,51,442.0,426,3.755868544600939,17.651100002694875,0,1023
eil51,2-opt,25,51,438.0,426,2.8169014084507045,21.902899999986403,0,1024
eil51,2-opt,26,51,432.0,426,1.4084507042253522,19.445600002654828,0,1025
eil51,2-opt,27,51,431.0,426,1.1737089201877933,15.276599995559081,0,1026
eil51,2-opt,28,51,437.0,426,2.5821596244131455,15.760900001623668,0,1027
eil51,2-opt,29,51,440.0,426,3.286384976525822,15.183499999693595,0,1028
eil51,2-opt,30,51,438.0,426,2.8169014084507045,13.158499990822747,0,1029
eil51,3-opt,1,51,437.0,426,2.5821596244131455,1168.9737999986392,0,1000
eil51,3-opt,2,51,438.0,426,2.8169014084507045,1007.1784000028856,0,1001
eil51,3-opt,3,51,447.0,426,4.929577464788732,609.2871000000741,0,1002
eil51,3-opt,4,51,436.0,426,2.3474178403755865,900.7448999909684,0,1003
eil51,3-opt,5,51,429.0,426,0.7042253521126761,896.0621000005631,0,1004
eil51,3-opt,6,51,435.0,426,2.112676056338028,926.1022999999113,0,1005
eil51,3-opt,7,51,436.0,426,2.3474178403755865,921.8885999871418,0,1006
eil51,3-opt,8,51,445.0,426,4.460093896713615,861.140199995134,0,1007
eil51,3-opt,9,51,436.0,426,2.3474178403755865,764.387799994438,0,1008
eil51,3-opt,10,51,432.0,426,1.4084507042253522,917.9211000009673,0,1009
eil51,3-opt,11,51,430.0,426,0.9389671361502347,1051.064300001599,0,1010
eil51,3-opt,12,51,439.0,426,3.051643192488263,873.3441999938805,0,1011
eil51,3-opt,13,51,439.0,426,3.051643192488263,892.2781000001123,0,1012
eil51,3-opt,14,51,438.0,426,2.8169014084507045,858.6262000026181,0,1013
eil51,3-opt,15,51,442.0,426,3.755868544600939,866.8484000081662,0,1014
eil51,3-opt,16,51,440.0,426,3.286384976525822,864.7266000043601,0,1015
eil51,3-opt,17,51,438.0,426,2.8169014084507045,939.2215000116266,0,1016
eil51,3-opt,18,51,432.0,426,1.4084507042253522,895.8638000040082,0,1017
eil51,3-opt,19,51,435.0,426,2.112676056338028,752.1061000006739,0,1018
eil51,3-opt,20,51,443.0,426,3.9906103286384975,710.8214000036241,0,1019
eil51,3-opt,21,51,438.0,426,2.8169014084507045,1089.8332999931881,0,1020
eil51,3-opt,22,51,437.0,426,2.5821596244131455,937.4705999944126,0,1021
eil51,3-opt,23,51,440.0,426,3.286384976525822,962.0747999870218,0,1022
eil51,3-opt,24,51,432.0,426,1.4084507042253522,1164.9954000022262,0,1023
eil51,3-opt,25,51,433.0,426,1.643192488262911,821.6691999987233,0,1024
eil51,3-opt,26,51,432.0,426,1.4084507042253522,816.1783999967156,0,1025
eil51,3-opt,27,51,436.0,426,2.3474178403755865,689.9134999985108,0,1026
eil51,3-opt,28,51,440.0,426,3.286384976525822,806.7906999931438,0,1027
eil51,3-opt,29,51,435.0,426,2.112676056338028,900.1347000012174,0,1028
eil51,3-opt,30,51,433.0,426,1.643192488262911,599.2798000079347,0,1029
eil51,Or-opt,1,51,455.0,426,6.807511737089202,196.09850000415463,0,1000
eil51,Or-opt,2,51,453.0,426,6.338028169014084,193.7881999911042,0,1001
eil51,Or-opt,3,51,454.0,426,6.572769953051644,193.9146999939112,0,1002
eil51,Or-opt,4,51,444.0,426,4.225352112676056,178.39939999976195,0,1003
eil51,Or-opt,5,51,451.0,426,5.868544600938967,204.21149999310728,0,1004
eil51,Or-opt,6,51,449.0,426,5.39906103286385,234.35760001302697,0,1005
eil51,Or-opt,7,51,440.0,426,3.286384976525822,226.84270000900142,0,1006
eil51,Or-opt,8,51,434.0,426,1.8779342723004695,246.57139999908395,0,1007
eil51,Or-opt,9,51,445.0,426,4.460093896713615,236.10689998895396,0,1008
eil51,Or-opt,10,51,452.0,426,6.103286384976526,171.99940000136849,0,1009
eil51,Or-opt,11,51,443.0,426,3.9906103286384975,207.81029999488965,0,1010
eil51,Or-opt,12,51,462.0,426,8.450704225352112,194.2126000067219,0,1011
eil51,Or-opt,13,51,454.0,426,6.572769953051644,181.33050001051743,0,1012
eil51,Or-opt,14,51,443.0,426,3.9906103286384975,190.09730000107083,0,1013
eil51,Or-opt,15,51,442.0,426,3.755868544600939,188.14499999280088,0,1014
eil51,Or-opt,16,51,446.0,426,4.694835680751173,190.13790000462905,0,1015
eil51,Or-opt,17,51,458.0,426,7.511737089201878,199.30150000436697,0,1016
eil51,Or-opt,18,51,445.0,426,4.460093896713615,166.52610000164714,0,1017
eil51,Or-opt,19,51,460.0,426,7.981220657276995,203.02929999888875,0,1018
eil51,Or-opt,20,51,441.0,426,3.5211267605633805,196.28419999207836,0,1019
eil51,Or-opt,21,51,443.0,426,3.9906103286384975,208.5201000008965,0,1020
eil51,Or-opt,22,51,458.0,426,7.511737089201878,220.64050000335556,0,1021
eil51,Or-opt,23,51,437.0,426,2.5821596244131455,218.0202999879839,0,1022
eil51,Or-opt,24,51,446.0,426,4.694835680751173,203.64069999777712,0,1023
eil51,Or-opt,25,51,451.0,426,5.868544600938967,239.54730000696145,0,1024
eil51,Or-opt,26,51,442.0,426,3.755868544600939,176.79769999813288,0,1025
eil51,Or-opt,27,51,442.0,426,3.755868544600939,204.4339999993099,0,1026
eil51,Or-opt,28,51,447.0,426,4.929577464788732,207.96529999643099,0,1027
eil51,Or-opt,29,51,449.0,426,5.39906103286385,171.18109999864828,0,1028
eil51,Or-opt,30,51,450.0,426,5.633802816901409,169.19920001237188,0,1029
eil51,GA,1,51,453.0,426,6.338028169014084,1865.8704999979818,100,1000
eil51,GA,2,51,438.0,426,2.8169014084507045,2170.2579999982845,100,1001
eil51,GA,3,51,459.0,426,7.746478873239436,1531.6129999991972,100,1002
eil51,GA,4,51,455.0,426,6.807511737089202,1903.9239999983693,100,1003
eil51,GA,5,51,474.0,426,11.267605633802818,1390.9684000100242,100,1004
eil51,GA,6,51,449.0,426,5.39906103286385,2049.6604000072693,100,1005
eil51,GA,7,51,439.0,426,3.051643192488263,2120.4894999973476,100,1006
eil51,GA,8,51,437.0,426,2.5821596244131455,2059.252999999444,100,1007
eil51,GA,9,51,468.0,426,9.859154929577464,2130.042600008892,100,1008
eil51,GA,10,51,445.0,426,4.460093896713615,2198.5791999904905,100,1009
eil51,GA,11,51,446.0,426,4.694835680751173,1796.3173999887658,100,1010
eil51,GA,12,51,471.0,426,10.56338028169014,1940.6813000096008,100,1011
eil51,GA,13,51,439.0,426,3.051643192488263,1897.6811000029556,100,1012
eil51,GA,14,51,444.0,426,4.225352112676056,1550.4467999999179,100,1013
eil51,GA,15,51,457.0,426,7.276995305164319,1344.6552000095835,100,1014
eil51,GA,16,51,436.0,426,2.3474178403755865,2172.5145999953384,100,1015
eil51,GA,17,51,473.0,426,11.032863849765258,1872.6519999909215,100,1016
eil51,GA,18,51,451.0,426,5.868544600938967,2599.1929000010714,100,1017
eil51,GA,19,51,457.0,426,7.276995305164319,2370.991200004937,100,1018
eil51,GA,20,51,435.0,426,2.112676056338028,1890.3054999973392,100,1019
eil51,GA,21,51,455.0,426,6.807511737089202,2022.088600002462,100,1020
eil51,GA,22,51,454.0,426,6.572769953051644,1927.010400002473,100,1021
eil51,GA,23,51,466.0,426,9.389671361502346,1760.3996000107145,100,1022
eil51,GA,24,51,457.0,426,7.276995305164319,2329.284599996754,100,1023
eil51,GA,25,51,484.0,426,13.615023474178404,1366.0596000117948,100,1024
eil51,GA,26,51,452.0,426,6.103286384976526,2375.2850000018952,100,1025
eil51,GA,27,51,439.0,426,3.051643192488263,2762.044400005834,100,1026
eil51,GA,28,51,442.0,426,3.755868544600939,1923.7551999976858,100,1027
eil51,GA,29,51,457.0,426,7.276995305164319,2519.678600001498,100,1028
eil51,GA,30,51,450.0,426,5.633802816901409,1790.2918999898247,100,1029
eil51,PSO,1,51,440.0,426,3.286384976525822,4823.6093999876175,100,1000
eil51,PSO,2,51,457.0,426,7.276995305164319,4666.0776999924565,100,1001
eil51,PSO,3,51,442.0,426,3.755868544600939,4787.196100005531,100,1002
eil51,PSO,4,51,442.0,426,3.755868544600939,4780.665700003738,100,1003
eil51,PSO,5,51,440.0,426,3.286384976525822,6895.827000000281,100,1004
eil51,PSO,6,51,449.0,426,5.39906103286385,4867.598299999372,100,1005
eil51,PSO,7,51,446.0,426,4.694835680751173,3949.697299991385,100,1006
eil51,PSO,8,51,471.0,426,10.56338028169014,6608.787100005429,100,1007
eil51,PSO,9,51,456.0,426,7.042253521126761,5058.517099998426,100,1008
eil51,PSO,10,51,454.0,426,6.572769953051644,6038.962899998296,100,1009
eil51,PSO,11,51,447.0,426,4.929577464788732,6608.55009999068,100,1010
eil51,PSO,12,51,455.0,426,6.807511737089202,5032.711499996367,100,1011
eil51,PSO,13,51,437.0,426,2.5821596244131455,5063.961000007112,100,1012
eil51,PSO,14,51,445.0,426,4.460093896713615,9261.011299997335,100,1013
eil51,PSO,15,51,455.0,426,6.807511737089202,6891.0132000019075,100,1014
eil51,PSO,16,51,435.0,426,2.112676056338028,5252.261300003738,100,1015
eil51,PSO,17,51,448.0,426,5.164319248826291,4566.744099996868,100,1016
eil51,PSO,18,51,443.0,426,3.9906103286384975,3348.4370000078343,100,1017
eil51,PSO,19,51,452.0,426,6.103286384976526,5050.6774999958,100,1018
eil51,PSO,20,51,452.0,426,6.103286384976526,7028.175300001749,100,1019
eil51,PSO,21,51,452.0,426,6.103286384976526,21946.01520001015,100,1020
eil51,PSO,22,51,458.0,426,7.511737089201878,44397.736700004316,100,1021
eil51,PSO,23,51,455.0,426,6.807511737089202,44941.54729999718,100,1022
eil51,PSO,24,51,434.0,426,1.8779342723004695,38353.70000000694,100,1023
eil51,PSO,25,51,434.0,426,1.8779342723004695,14413.749100000132,100,1024
eil51,PSO,26,51,448.0,426,5.164319248826291,5360.702799996943,100,1025
eil51,PSO,27,51,450.0,426,5.633802816901409,4983.7021000130335,100,1026
eil51,PSO,28,51,436.0,426,2.3474178403755865,2727.1129000000656,100,1027
eil51,PSO,29,51,462.0,426,8.450704225352112,5101.205500002834,100,1028
eil51,PSO,30,51,449.0,426,5.39906103286385,5942.611000005854,100,1029
berlin52,2-opt,1,52,7833.0,7542,3.8583929992044554,22.68989999720361,0,1000
berlin52,2-opt,2,52,7772.0,7542,3.0495889684433837,25.771000000531785,0,1001
berlin52,2-opt,3,52,7848.0,7542,4.05727923627685,21.64999999513384,0,1002
berlin52,2-opt,4,52,7820.0,7542,3.6860249270750463,15.87170000129845,0,1003
berlin52,2-opt,5,52,7682.0,7542,1.856271546009016,18.59040000999812,0,1004
berlin52,2-opt,6,52,7784.0,7542,3.2086979581012995,17.010199997457676,0,1005
berlin52,2-opt,7,52,7703.0,7542,2.134712277910369,17.404800004442222,0,1006
berlin52,2-opt,8,52,8036.0,7542,6.549986740917528,16.975899998215027,0,1007
berlin52,2-opt,9,52,8005.0,7542,6.138955184301246,16.716399986762553,0,1008
berlin52,2-opt,10,52,7735.0,7542,2.559002916998144,24.3079000065336,0,1009
berlin52,2-opt,11,52,7706.0,7542,2.1744895253248475,31.834099994739518,0,1010
berlin52,2-opt,12,52,7753.0,7542,2.797666401485017,21.055300006992184,0,1011
berlin52,2-opt,13,52,7815.0,7542,3.619729514717582,23.12170001096092,0,1012
berlin52,2-opt,14,52,7960.0,7542,5.542296473084063,17.254299993510358,0,1013
berlin52,2-opt,15,52,7788.0,7542,3.261734287987271,18.923499999800697,0,1014
berlin52,2-opt,16,52,7716.0,7542,2.307080350039777,18.364900010055862,0,1015
berlin52,2-opt,17,52,7817.0,7542,3.6462476796605676,24.452799989376217,0,1016
berlin52,2-opt,18,52,7820.0,7542,3.6860249270750463,23.720199998933822,0,1017
berlin52,2-opt,19,52,7833.0,7542,3.8583929992044554,20.94829999259673,0,1018
berlin52,2-opt,20,52,7724.0,7542,2.413153009811721,31.50570001162123,0,1019
berlin52,2-opt,21,52,7797.0,7542,3.3810660302307083,19.550199998775497,0,1020
berlin52,2-opt,22,52,7782.0,7542,3.182179793158314,21.97659999364987,0,1021
berlin52,2-opt,23,52,7967.0,7542,5.6351100503845135,19.17719999619294,0,1022
berlin52,2-opt,24,52,7945.0,7542,5.3434102360116675,14.883099996950477,0,1023
berlin52,2-opt,25,52,7788.0,7542,3.261734287987271,18.334500011405908,0,1024
berlin52,2-opt,26,52,7882.0,7542,4.5080880403076105,15.81379999697674,0,1025
berlin52,2-opt,27,52,7846.0,7542,4.030761071333864,17.419499999959953,0,1026
berlin52,2-opt,28,52,7703.0,7542,2.134712277910369,18.07849999750033,0,1027
berlin52,2-opt,29,52,7782.0,7542,3.182179793158314,20.65950000542216,0,1028
berlin52,2-opt,30,52,7860.0,7542,4.216388225934765,14.45160000002943,0,1029
berlin52,3-opt,1,52,7902.0,7542,4.77326968973747,1171.4439000061247,0,1000
berlin52,3-opt,2,52,7739.0,7542,2.6120392468841156,1273.2201000035275,0,1001
berlin52,3-opt,3,52,7734.0,7542,2.5457438345266508,1123.6866999970516,0,1002
berlin52,3-opt,4,52,7986.0,7542,5.88703261734288,893.3584000042174,0,1003
berlin52,3-opt,5,52,7872.0,7542,4.375497215592681,1209.6651000028942,0,1004
berlin52,3-opt,6,52,7989.0,7542,5.926809864757359,1120.1835999963805,0,1005
berlin52,3-opt,7,52,7911.0,7542,4.892601431980907,1083.6314000043785,0,1006
berlin52,3-opt,8,52,7750.0,7542,2.7578891540705386,1223.8778000028105,0,1007
berlin52,3-opt,9,52,7792.0,7542,3.314770617873243,1384.3780999886803,0,1008
berlin52,3-opt,10,52,7857.0,7542,4.176610978520286,1112.628599992604,0,1009
berlin52,3-opt,11,52,7542.0,7542,0.0,1158.6234999995213,0,1010
berlin52,3-opt,12,52,7918.0,7542,4.985415009281358,1474.5264000084717,0,1011
berlin52,3-opt,13,52,7561.0,7542,0.2519225669583665,1207.482900004834,0,1012
berlin52,3-opt,14,52,7920.0,7542,5.011933174224343,994.3621000129497,0,1013
berlin52,3-opt,15,52,7775.0,7542,3.0893662158578623,1071.9019999960437,0,1014
berlin52,3-opt,16,52,7733.0,7542,2.532484752055158,1247.6412999967579,0,1015
berlin52,3-opt,17,52,7657.0,7542,1.5247944842216918,1474.172300004284,0,1016
berlin52,3-opt,18,52,7885.0,7542,4.5478652877220895,1123.7650999973994,0,1017
berlin52,3-opt,19,52,7799.0,7542,3.407584195173694,957.5021000055131,0,1018
berlin52,3-opt,20,52,7896.0,7542,4.6937151949085125,1334.62339999096,0,1019
berlin52,3-opt,21,52,7862.0,7542,4.242906390877751,1100.1407999865478,0,1020
berlin52,3-opt,22,52,7623.0,7542,1.0739856801909307,1070.2954000007594,0,1021
berlin52,3-opt,23,52,8002.0,7542,6.099177936886767,1045.500299995183,0,1022
berlin52,3-opt,24,52,7627.0,7542,1.1270220100769026,984.9768999993103,0,1023
berlin52,3-opt,25,52,7542.0,7542,0.0,1188.8083000085317,0,1024
berlin52,3-opt,26,52,7939.0,7542,5.26385574118271,959.6940999908838,0,1025
berlin52,3-opt,27,52,8006.0,7542,6.15221426677274,1376.9241999980295,0,1026
berlin52,3-opt,28,52,7782.0,7542,3.182179793158314,1174.6884000021964,0,1027
berlin52,3-opt,29,52,7904.0,7542,4.799787854680456,1021.8165999976918,0,1028
berlin52,3-opt,30,52,7912.0,7542,4.9058605144524,965.5786999937845,0,1029
berlin52,Or-opt,1,52,8376.0,7542,11.05807478122514,239.25679999229033,0,1000
berlin52,Or-opt,2,52,7929.0,7542,5.13126491646778,280.6935999979032,0,1001
berlin52,Or-opt,3,52,7906.0,7542,4.826306019623442,240.58640000293963,0,1002
berlin52,Or-opt,4,52,7819.0,7542,3.672765844603553,290.39900000498164,0,1003
berlin52,Or-opt,5,52,8013.0,7542,6.24502784407319,275.3062999981921,0,1004
berlin52,Or-opt,6,52,7880.0,7542,4.481569875364625,304.65790000744164,0,1005
berlin52,Or-opt,7,52,8116.0,7542,7.610713338636967,311.15569999383297,0,1006
berlin52,Or-opt,8,52,7915.0,7542,4.9456377618668785,299.8282000044128,0,1007
berlin52,Or-opt,9,52,8038.0,7542,6.576504905860514,302.00650000188034,0,1008
berlin52,Or-opt,10,52,7969.0,7542,5.661628215327499,342.60240000730846,0,1009
berlin52,Or-opt,11,52,7765.0,7542,2.956775391142933,229.51270001067314,0,1010
berlin52,Or-opt,12,52,7856.0,7542,4.163351896048793,325.6683000072371,0,1011
berlin52,Or-opt,13,52,7912.0,7542,4.9058605144524,288.16949999600183,0,1012
berlin52,Or-opt,14,52,7673.0,7542,1.7369398037655792,325.0941000005696,0,1013
berlin52,Or-opt,15,52,8191.0,7542,8.60514452399894,232.59119999420363,0,1014
berlin52,Or-opt,16,52,7831.0,7542,3.8318748342614692,256.99550000717863,0,1015
berlin52,Or-opt,17,52,8080.0,7542,7.133386369663219,284.88340000330936,0,1016
berlin52,Or-opt,18,52,7914.0,7542,4.932378679395385,320.94839999626856,0,1017
berlin52,Or-opt,19,52,7996.0,7542,6.019623442057809,238.63110000093002,0,1018
berlin52,Or-opt,20,52,8242.0,7542,9.28135773004508,290.55520000110846,0,1019
berlin52,Or-opt,21,52,8210.0,7542,8.857067090957306,289.73010000481736,0,1020
berlin52,Or-opt,22,52,7673.0,7542,1.7369398037655792,333.06840001023374,0,1021
berlin52,Or-opt,23,52,7823.0,7542,3.7258021744895253,375.1636000088183,0,1022
berlin52,Or-opt,24,52,7966.0,7542,5.62185096791302,301.61140000564046,0,1023
berlin52,Or-opt,25,52,7953.0,7542,5.4494828957836114,265.3573999996297,0,1024
berlin52,Or-opt,26,52,8134.0,7542,7.84937682312384,309.56539999169763,0,1025
berlin52,Or-opt,27,52,8299.0,7542,10.037125430920181,341.0637999913888,0,1026
berlin52,Or-opt,28,52,8324.0,7542,10.368602492707504,315.43990000500344,0,1027
berlin52,Or-opt,29,52,8327.0,7542,10.408379740121983,310.7216999924276,0,1028
berlin52,Or-opt,30,52,8022.0,7542,6.364359586316628,236.27890000352636,0,1029
berlin52,GA,1,52,7874.0,7542,4.4020153805356665,2193.8062999979593,100,1000
berlin52,GA,2,52,7604.0,7542,0.8220631132325642,2961.6734000010183,100,1001
berlin52,GA,3,52,8014.0,7542,6.258286926544683,3375.3277999931015,100,1002
berlin52,GA,4,52,8288.0,7542,9.891275523733757,2080.5126000050223,100,1003
berlin52,GA,5,52,7893.0,7542,4.6539379474940334,2598.897299991222,100,1004
berlin52,GA,6,52,8109.0,7542,7.517899761336516,2307.717599993339,100,1005
berlin52,GA,7,52,8134.0,7542,7.84937682312384,3018.711600001552,100,1006
berlin52,GA,8,52,8529.0,7542,13.086714399363563,1379.4710000074701,100,1007
berlin52,GA,9,52,8028.0,7542,6.443914081145586,2277.187400002731,100,1008
berlin52,GA,10,52,7686.0,7542,1.9093078758949882,1890.3662000084296,100,1009
berlin52,GA,11,52,7938.0,7542,5.250596658711217,3533.9321000064956,100,1010
berlin52,GA,12,52,8015.0,7542,6.271546009016177,3158.6886000004597,100,1011
berlin52,GA,13,52,7862.0,7542,4.242906390877751,2630.31900000351,100,1012
berlin52,GA,14,52,8171.0,7542,8.33996287456908,2400.169199987431,100,1013
berlin52,GA,15,52,7994.0,7542,5.993105277114823,3106.733599997824,100,1014
berlin52,GA,16,52,8035.0,7542,6.536727658446035,2851.586800010409,100,1015
berlin52,GA,17,52,7953.0,7542,5.4494828957836114,2299.9462000007043,100,1016
berlin52,GA,18,52,8286.0,7542,9.86475735879077,2065.570499995374,100,1017
berlin52,GA,19,52,8156.0,7542,8.141076637496687,4889.651899997261,100,1018
berlin52,GA,20,52,8627.0,7542,14.386104481569875,2950.201300001936,100,1019
berlin52,GA,21,52,8673.0,7542,14.996022275258552,2025.0560999993468,100,1020
berlin52,GA,22,52,8165.0,7542,8.260408379740122,3707.5568000000203,100,1021
berlin52,GA,23,52,7981.0,7542,5.820737204985415,2074.5014999993145,100,1022
berlin52,GA,24,52,8401.0,7542,11.389551843012462,1670.9362999972655,100,1023
berlin52,GA,25,52,8213.0,7542,8.896844338371784,2365.4542000003858,100,1024
berlin52,GA,26,52,7542.0,7542,0.0,3406.0827999928733,100,1025
berlin52,GA,27,52,8174.0,7542,8.37974012198356,2583.9180999901146,100,1026
berlin52,GA,28,52,8385.0,7542,11.177406523468576,3911.274300000514,100,1027
berlin52,GA,29,52,8386.0,7542,11.190665605940069,3629.623900007573,100,1028
berlin52,GA,30,52,8147.0,7542,8.021744895253248,2438.290700010839,100,1029
berlin52,PSO,1,52,8353.0,7542,10.7531158843808,8367.999599999166,100,1000
berlin52,PSO,2,52,8333.0,7542,10.487934234950941,7027.773599998909,100,1001
berlin52,PSO,3,52,8447.0,7542,11.999469636701141,7488.253299990902,100,1002
berlin52,PSO,4,52,7985.0,7542,5.873773534871387,6069.502400001511,100,1003
berlin52,PSO,5,52,8067.0,7542,6.961018297533811,5619.836900004884,100,1004
berlin52,PSO,6,52,7849.0,7542,4.070538318748343,8074.689399989438,100,1005
berlin52,PSO,7,52,8079.0,7542,7.120127287191726,4671.208300002036,100,1006
berlin52,PSO,8,52,8276.0,7542,9.732166534075843,10706.048199994257,100,1007
berlin52,PSO,9,52,8071.0,7542,7.014054627419783,12345.569400000386,100,1008
berlin52,PSO,10,52,8238.0,7542,9.228321400159109,7131.914199999301,100,1009
berlin52,PSO,11,52,8553.0,7542,13.404932378679396,5744.509399999515,100,1010
berlin52,PSO,12,52,8025.0,7542,6.404136833731106,4488.13749999681,100,1011
berlin52,PSO,13,52,8275.0,7542,9.718907451604348,4921.752000009292,100,1012
berlin52,PSO,14,52,8013.0,7542,6.24502784407319,3541.431300007389,100,1013
berlin52,PSO,15,52,8300.0,7542,10.050384513391673,4843.300199994701,100,1014
berlin52,PSO,16,52,8233.0,7542,9.162025987801645,6313.95579999662,100,1015
berlin52,PSO,17,52,8124.0,7542,7.716785998408911,6776.057100010803,100,1016
berlin52,PSO,18,52,8151.0,7542,8.07478122513922,5338.264899997739,100,1017
berlin52,PSO,19,52,8630.0,7542,14.425881728984354,5856.40700001386,100,1018
berlin52,PSO,20,52,8103.0,7542,7.438345266507558,5514.419200000702,100,1019
berlin52,PSO,21,52,8074.0,7542,7.053831874834262,5977.826000002096,100,1020
berlin52,PSO,22,52,8108.0,7542,7.504640678865022,4346.846500004176,100,1021
berlin52,PSO,23,52,8044.0,7542,6.656059400689472,3932.8092000068864,100,1022
berlin52,PSO,24,52,8313.0,7542,10.222752585521082,5875.038300000597,100,1023
berlin52,PSO,25,52,7970.0,7542,5.674887297798993,6956.827200003318,100,1024
berlin52,PSO,26,52,8012.0,7542,6.231768761601697,3737.6453000033507,100,1025
berlin52,PSO,27,52,8360.0,7542,10.845929461681251,13040.193600012572,100,1026
berlin52,PSO,28,52,8100.0,7542,7.398568019093078,40411.117900002864,100,1027
berlin52,PSO,29,52,8168.0,7542,8.300185627154601,34570.915500007686,100,1028
berlin52,PSO,30,52,8407.0,7542,11.46910633784142,51594.108300007065,100,1029
st70,2-opt,1,70,685.0,675,1.4814814814814816,46.99350000009872,0,1000
st70,2-opt,2,70,687.0,675,1.7777777777777777,23.982500002603047,0,1001
st70,2-opt,3,70,684.0,675,1.3333333333333335,28.389499988406897,0,1002
st70,2-opt,4,70,706.0,675,4.592592592592593,28.06919999420643,0,1003
st70,2-opt,5,70,693.0,675,2.666666666666667,28.0683000019053,0,1004
st70,2-opt,6,70,687.0,675,1.7777777777777777,30.463000002782792,0,1005
st70,2-opt,7,70,686.0,675,1.6296296296296295,30.496399995172396,0,1006
st70,2-opt,8,70,691.0,675,2.3703703703703702,34.92190000542905,0,1007
st70,2-opt,9,70,682.0,675,1.037037037037037,29.710000002523884,0,1008
st70,2-opt,10,70,676.0,675,0.14814814814814814,33.98249999736436,0,1009
st70,2-opt,11,70,690.0,675,2.2222222222222223,31.937899999320507,0,1010
st70,2-opt,12,70,691.0,675,2.3703703703703702,31.834599998546764,0,1011
st70,2-opt,13,70,689.0,675,2.074074074074074,31.59689999301918,0,1012
st70,2-opt,14,70,693.0,675,2.666666666666667,29.923599999165162,0,1013
st70,2-opt,15,70,695.0,675,2.9629629629629632,28.150099999038503,0,1014
st70,2-opt,16,70,688.0,675,1.925925925925926,29.59289999853354,0,1015
st70,2-opt,17,70,688.0,675,1.925925925925926,26.852700000745244,0,1016
st70,2-opt,18,70,686.0,675,1.6296296296296295,29.771199988317676,0,1017
st70,2-opt,19,70,684.0,675,1.3333333333333335,33.30700000515208,0,1018
st70,2-opt,20,70,694.0,675,2.814814814814815,32.13609999511391,0,1019
st70,2-opt,21,70,689.0,675,2.074074074074074,33.66760000062641,0,1020
st70,2-opt,22,70,682.0,675,1.037037037037037,26.698099987697788,0,1021
st70,2-opt,23,70,690.0,675,2.2222222222222223,23.22730000014417,0,1022
st70,2-opt,24,70,688.0,675,1.925925925925926,25.642000007792376,0,1023
st70,2-opt,25,70,697.0,675,3.259259259259259,24.102399998810142,0,1024
st70,2-opt,26,70,685.0,675,1.4814814814814816,29.45420000469312,0,1025
st70,2-opt,27,70,684.0,675,1.3333333333333335,25.424100007512607,0,1026
st70,2-opt,28,70,697.0,675,3.259259259259259,24.94850000948645,0,1027
st70,2-opt,29,70,703.0,675,4.148148148148148,23.730700006126426,0,1028
st70,2-opt,30,70,683.0,675,1.1851851851851851,23.385599997709505,0,1029
st70,3-opt,1,70,682.0,675,1.037037037037037,1842.2592999995686,0,1000
st70,3-opt,2,70,683.0,675,1.1851851851851851,1908.0164000042714,0,1001
st70,3-opt,3,70,697.0,675,3.259259259259259,1997.7466999989701,0,1002
st70,3-opt,4,70,697.0,675,3.259259259259259,1849.5199999888428,0,1003
st70,3-opt,5,70,686.0,675,1.6296296296296295,2117.237300000852,0,1004
st70,3-opt,6,70,697.0,675,3.259259259259259,2375.789199999417,0,1005
st70,3-opt,7,70,687.0,675,1.7777777777777777,2049.883299987414,0,1006
st70,3-opt,8,70,685.0,675,1.4814814814814816,1962.8354000014951,0,1007
st70,3-opt,9,70,677.0,675,0.2962962962962963,1741.3222000031965,0,1008
st70,3-opt,10,70,688.0,675,1.925925925925926,1894.7225000010803,0,1009
st70,3-opt,11,70,689.0,675,2.074074074074074,1895.5934999976307,0,1010
st70,3-opt,12,70,706.0,675,4.592592592592593,1876.8657999899006,0,1011
st70,3-opt,13,70,697.0,675,3.259259259259259,1927.6123000017833,0,1012
st70,3-opt,14,70,694.0,675,2.814814814814815,1972.1627999970224,0,1013
st70,3-opt,15,70,684.0,675,1.3333333333333335,2434.869000004255,0,1014
st70,3-opt,16,70,693.0,675,2.666666666666667,2749.3803999968804,0,1015
st70,3-opt,17,70,688.0,675,1.925925925925926,2881.4716000051703,0,1016
st70,3-opt,18,70,682.0,675,1.037037037037037,2274.0741000015987,0,1017
st70,3-opt,19,70,701.0,675,3.851851851851852,2419.68690000067,0,1018
st70,3-opt,20,70,690.0,675,2.2222222222222223,2952.7750999986893,0,1019
st70,3-opt,21,70,682.0,675,1.037037037037037,2876.9476000015857,0,1020
st70,3-opt,22,70,687.0,675,1.7777777777777777,2331.0005999956047,0,1021
st70,3-opt,23,70,699.0,675,3.5555555555555554,2703.9236999989953,0,1022
st70,3-opt,24,70,693.0,675,2.666666666666667,2672.4649999960093,0,1023
st70,3-opt,25,70,689.0,675,2.074074074074074,2419.8439000028884,0,1024
st70,3-opt,26,70,702.0,675,4.0,2325.4530999984127,0,1025
st70,3-opt,27,70,681.0,675,0.8888888888888888,2175.202700003865,0,1026
st70,3-opt,28,70,704.0,675,4.296296296296296,2831.6126999998232,0,1027
st70,3-opt,29,70,683.0,675,1.1851851851851851,2348.0959000007715,0,1028
st70,3-opt,30,70,687.0,675,1.7777777777777777,2421.6912999982014,0,1029
st70,Or-opt,1,70,688.0,675,1.925925925925926,558.658199995989,0,1000
st70,Or-opt,2,70,717.0,675,6.222222222222222,610.2816999919014,0,1001
st70,Or-opt,3,70,732.0,675,8.444444444444445,686.2617000006139,0,1002
st70,Or-opt,4,70,735.0,675,8.88888888888889,483.33039999124594,0,1003
st70,Or-opt,5,70,724.0,675,7.2592592592592595,551.9829999975627,0,1004
st70,Or-opt,6,70,730.0,675,8.148148148148149,547.6246000034735,0,1005
st70,Or-opt,7,70,722.0,675,6.962962962962963,502.9703999898629,0,1006
st70,Or-opt,8,70,726.0,675,7.555555555555555,517.3753999988548,0,1007
st70,Or-opt,9,70,712.0,675,5.481481481481482,508.09770000341814,0,1008
st70,Or-opt,10,70,746.0,675,10.518518518518519,526.2856999906944,0,1009
st70,Or-opt,11,70,727.0,675,7.703703703703704,477.1899999905145,0,1010
st70,Or-opt,12,70,752.0,675,11.407407407407408,542.6771999918856,0,1011
st70,Or-opt,13,70,749.0,675,10.962962962962964,571.1327000026358,0,1012
st70,Or-opt,14,70,729.0,675,8.0,607.531099987682,0,1013
st70,Or-opt,15,70,711.0,675,5.333333333333334,532.9728999931831,0,1014
st70,Or-opt,16,70,731.0,675,8.296296296296296,551.0570000042208,0,1015
st70,Or-opt,17,70,728.0,675,7.851851851851851,598.7332999939099,0,1016
st70,Or-opt,18,70,754.0,675,11.703703703703704,543.8233000022592,0,1017
st70,Or-opt,19,70,688.0,675,1.925925925925926,551.986799997394,0,1018
st70,Or-opt,20,70,748.0,675,10.814814814814815,559.6702000038931,0,1019
st70,Or-opt,21,70,728.0,675,7.851851851851851,647.8422000072896,0,1020
st70,Or-opt,22,70,731.0,675,8.296296296296296,611.736299993936,0,1021
st70,Or-opt,23,70,733.0,675,8.592592592592592,570.4030000051716,0,1022
st70,Or-opt,24,70,733.0,675,8.592592592592592,634.3214000080479,0,1023
st70,Or-opt,25,70,711.0,675,5.333333333333334,506.3338999898406,0,1024
st70,Or-opt,26,70,723.0,675,7.111111111111111,601.46839999652,0,1025
st70,Or-opt,27,70,744.0,675,10.222222222222223,549.1760000004433,0,1026
st70,Or-opt,28,70,720.0,675,6.666666666666667,436.49230001028627,0,1027
st70,Or-opt,29,70,750.0,675,11.11111111111111,483.36539999581873,0,1028
st70,Or-opt,30,70,702.0,675,4.0,592.8611999988789,0,1029
st70,GA,1,70,715.0,675,5.9259259259259265,7486.147999996319,100,1000
st70,GA,2,70,727.0,675,7.703703703703704,5575.391699996544,100,1001
st70,GA,3,70,725.0,675,7.4074074074074066,4856.727499995031,100,1002
st70,GA,4,70,726.0,675,7.555555555555555,6186.7667000042275,100,1003
st70,GA,5,70,756.0,675,12.0,5447.485999990022,100,1004
st70,GA,6,70,731.0,675,8.296296296296296,5977.6075000118,100,1005
st70,GA,7,70,702.0,675,4.0,7229.5954000001075,100,1006
st70,GA,8,70,723.0,675,7.111111111111111,6226.776399998926,100,1007
st70,GA,9,70,731.0,675,8.296296296296296,5085.246200003894,100,1008
st70,GA,10,70,706.0,675,4.592592592592593,6091.619600003469,100,1009
st70,GA,11,70,712.0,675,5.481481481481482,8642.966900006286,100,1010
st70,GA,12,70,687.0,675,1.7777777777777777,7140.337199991336,100,1011
st70,GA,13,70,714.0,675,5.777777777777778,9813.6577999976,100,1012
st70,GA,14,70,748.0,675,10.814814814814815,8557.881600005203,100,1013
st70,GA,15,70,714.0,675,5.777777777777778,6774.222100008046,100,1014
st70,GA,16,70,694.0,675,2.814814814814815,7694.727200010675,100,1015
st70,GA,17,70,711.0,675,5.333333333333334,6549.526100003277,100,1016
st70,GA,18,70,721.0,675,6.814814814814815,5641.943599999649,100,1017
st70,GA,19,70,689.0,675,2.074074074074074,5781.318599998485,100,1018
st70,GA,20,70,734.0,675,8.74074074074074,5932.912499993108,100,1019
st70,GA,21,70,721.0,675,6.814814814814815,5262.061400004313,100,1020
st70,GA,22,70,723.0,675,7.111111111111111,5959.479899989674,100,1021
st70,GA,23,70,734.0,675,8.74074074074074,5613.258199999109,100,1022
st70,GA,24,70,689.0,675,2.074074074074074,7441.539000006742,100,1023
st70,GA,25,70,741.0,675,9.777777777777779,5370.811899992987,100,1024
st70,GA,26,70,683.0,675,1.1851851851851851,6103.54670000379,100,1025
st70,GA,27,70,691.0,675,2.3703703703703702,7489.304499991704,100,1026
st70,GA,28,70,704.0,675,4.296296296296296,3140.767599994433,100,1027
st70,GA,29,70,689.0,675,2.074074074074074,9142.976300005103,100,1028
st70,GA,30,70,690.0,675,2.2222222222222223,9036.109599997872,100,1029
st70,PSO,1,70,724.0,675,7.2592592592592595,12353.816200004076,100,1000
st70,PSO,2,70,701.0,675,3.851851851851852,13739.9860000005,100,1001
st70,PSO,3,70,711.0,675,5.333333333333334,6569.624100011424,100,1002
st70,PSO,4,70,723.0,675,7.111111111111111,11899.206499991124,100,1003
st70,PSO,5,70,698.0,675,3.4074074074074074,10052.067800002987,100,1004
st70,PSO,6,70,702.0,675,4.0,10315.86880001123,100,1005
st70,PSO,7,70,724.0,675,7.2592592592592595,7786.2017000006745,100,1006
st70,PSO,8,70,731.0,675,8.296296296296296,11090.987200004747,100,1007
st70,PSO,9,70,721.0,675,6.814814814814815,14381.093799995142,100,1008
st70,PSO,10,70,730.0,675,8.148148148148149,6630.922600001213,100,1009
st70,PSO,11,70,724.0,675,7.2592592592592595,10234.58479999681,100,1010
st70,PSO,12,70,727.0,675,7.703703703703704,8490.171700002975,100,1011
st70,PSO,13,70,712.0,675,5.481481481481482,13852.768800003105,100,1012
st70,PSO,14,70,692.0,675,2.5185185185185186,8655.03369999351,100,1013
st70,PSO,15,70,765.0,675,13.333333333333334,9637.311900005443,100,1014
st70,PSO,16,70,703.0,675,4.148148148148148,10801.342799997656,100,1015
st70,PSO,17,70,693.0,675,2.666666666666667,8349.241599993547,100,1016
st70,PSO,18,70,708.0,675,4.888888888888889,10647.452900011558,100,1017
st70,PSO,19,70,697.0,675,3.259259259259259,9038.346100001945,100,1018
st70,PSO,20,70,727.0,675,7.703703703703704,8329.518200000166,100,1019
st70,PSO,21,70,695.0,675,2.9629629629629632,6786.446699989028,100,1020
st70,PSO,22,70,726.0,675,7.555555555555555,6867.846300010569,100,1021
st70,PSO,23,70,733.0,675,8.592592592592592,8502.72319999931,100,1022
st70,PSO,24,70,717.0,675,6.222222222222222,5200.875900001847,100,1023
st70,PSO,25,70,733.0,675,8.592592592592592,7236.845999999787,100,1024
st70,PSO,26,70,703.0,675,4.148148148148148,7189.161599992076,100,1025
st70,PSO,27,70,696.0,675,3.111111111111111,9820.842000000994,100,1026
st70,PSO,28,70,708.0,675,4.888888888888889,7635.571199993137,100,1027
st70,PSO,29,70,730.0,675,8.148148148148149,12114.153200003784,100,1028
st70,PSO,30,70,685.0,675,1.4814814814814816,10875.535799990757,100,1029
eil76,2-opt,1,76,554.0,538,2.973977695167286,28.011000002152286,0,1000
eil76,2-opt,2,76,559.0,538,3.903345724907063,27.965200002654456,0,1001
eil76,2-opt,3,76,561.0,538,4.275092936802974,23.18109999760054,0,1002
eil76,2-opt,4,76,565.0,538,5.018587360594796,19.381100006285124,0,1003
eil76,2-opt,5,76,563.0,538,4.646840148698884,33.90880000370089,0,1004
eil76,2-opt,6,76,567.0,538,5.390334572490707,27.64770000067074,0,1005
eil76,2-opt,7,76,547.0,538,1.6728624535315983,27.392299991333857,0,1006
eil76,2-opt,8,76,564.0,538,4.83271375464684,27.27170000434853,0,1007
eil76,2-opt,9,76,560.0,538,4.089219330855019,30.162199996993877,0,1008
eil76,2-opt,10,76,563.0,538,4.646840148698884,29.62259999185335,0,1009
eil76,2-opt,11,76,564.0,538,4.83271375464684,30.54550000524614,0,1010
eil76,2-opt,12,76,560.0,538,4.089219330855019,26.465799994184636,0,1011
eil76,2-opt,13,76,563.0,538,4.646840148698884,31.475499999942258,0,1012
eil76,2-opt,14,76,565.0,538,5.018587360594796,30.632600013632327,0,1013
eil76,2-opt,15,76,557.0,538,3.5315985130111525,26.53689999715425,0,1014
eil76,2-opt,16,76,563.0,538,4.646840148698884,23.089400012395345,0,1015
eil76,2-opt,17,76,560.0,538,4.089219330855019,27.25490000739228,0,1016
eil76,2-opt,18,76,555.0,538,3.1598513011152414,24.904999998398125,0,1017
eil76,2-opt,19,76,564.0,538,4.83271375464684,27.594900006079115,0,1018
eil76,2-opt,20,76,564.0,538,4.83271375464684,21.654700001818128,0,1019
eil76,2-opt,21,76,563.0,538,4.646840148698884,29.928700008895248,0,1020
eil76,2-opt,22,76,567.0,538,5.390334572490707,27.883300004759803,0,1021
eil76,2-opt,23,76,563.0,538,4.646840148698884,27.239000002737157,0,1022
eil76,2-opt,24,76,559.0,538,3.903345724907063,27.551000006496906,0,1023
eil76,2-opt,25,76,563.0,538,4.646840148698884,26.850599999306723,0,1024
eil76,2-opt,26,76,560.0,538,4.089219330855019,29.14680000685621,0,1025
eil76,2-opt,27,76,556.0,538,3.3457249070631967,30.698400005348958,0,1026
eil76,2-opt,28,76,557.0,538,3.5315985130111525,26.825600012671202,0,1027
eil76,2-opt,29,76,563.0,538,4.646840148698884,27.36469999945257,0,1028
eil76,2-opt,30,76,556.0,538,3.3457249070631967,27.609299999312498,0,1029
eil76,3-opt,1,76,554.0,538,2.973977695167286,2765.575400000671,0,1000
eil76,3-opt,2,76,549.0,538,2.0446096654275094,2207.8038999898126,0,1001
eil76,3-opt,3,76,565.0,538,5.018587360594796,2728.862099989783,0,1002
eil76,3-opt,4,76,562.0,538,4.4609665427509295,2018.0851999903098,0,1003
eil76,3-opt,5,76,551.0,538,2.41635687732342,3212.1121999953175,0,1004
eil76,3-opt,6,76,554.0,538,2.973977695167286,2812.56370000483,0,1005
eil76,3-opt,7,76,563.0,538,4.646840148698884,3713.972300000023,0,1006
eil76,3-opt,8,76,550.0,538,2.2304832713754648,3522.4556000030134,0,1007
eil76,3-opt,9,76,559.0,538,3.903345724907063,3563.908600001014,0,1008
eil76,3-opt,10,76,555.0,538,3.1598513011152414,3178.305299996282,0,1009
eil76,3-opt,11,76,562.0,538,4.4609665427509295,3353.903499999433,0,1010
eil76,3-opt,12,76,562.0,538,4.4609665427509295,2915.489200007869,0,1011
eil76,3-opt,13,76,564.0,538,4.83271375464684,3340.4336999956286,0,1012
eil76,3-opt,14,76,555.0,538,3.1598513011152414,3164.372100000037,0,1013
eil76,3-opt,15,76,554.0,538,2.973977695167286,3335.3611000056844,0,1014
eil76,3-opt,16,76,559.0,538,3.903345724907063,3419.716399992467,0,1015
eil76,3-opt,17,76,555.0,538,3.1598513011152414,3331.1979999998584,0,1016
eil76,3-opt,18,76,552.0,538,2.6022304832713754,3412.0523000019602,0,1017
eil76,3-opt,19,76,558.0,538,3.717472118959108,3090.0973999960115,0,1018
eil76,3-opt,20,76,562.0,538,4.4609665427509295,2886.5726000076393,0,1019
eil76,3-opt,21,76,554.0,538,2.973977695167286,3136.9854000076884,0,1020
eil76,3-opt,22,76,560.0,538,4.089219330855019,2818.579899991164,0,1021
eil76,3-opt,23,76,558.0,538,3.717472118959108,2670.353100009379,0,1022
eil76,3-opt,24,76,565.0,538,5.018587360594796,2612.888899995596,0,1023
eil76,3-opt,25,76,568.0,538,5.5762081784386615,3760.113900003489,0,1024
eil76,3-opt,26,76,562.0,538,4.4609665427509295,3124.8437999893213,0,1025
eil76,3-opt,27,76,568.0,538,5.5762081784386615,3209.242600001744,0,1026
eil76,3-opt,28,76,557.0,538,3.5315985130111525,3212.431199994171,0,1027
eil76,3-opt,29,76,559.0,538,3.903345724907063,3038.063499989221,0,1028
eil76,3-opt,30,76,561.0,538,4.275092936802974,3021.2681999983033,0,1029
eil76,Or-opt,1,76,579.0,538,7.6208178438661704,549.9242000078084,0,1000
eil76,Or-opt,2,76,578.0,538,7.434944237918216,675.8484000019962,0,1001
eil76,Or-opt,3,76,575.0,538,6.877323420074349,684.8034000140615,0,1002
eil76,Or-opt,4,76,567.0,538,5.390334572490707,585.6478000059724,0,1003
eil76,Or-opt,5,76,560.0,538,4.089219330855019,698.4515000076499,0,1004
eil76,Or-opt,6,76,579.0,538,7.6208178438661704,542.895500009763,0,1005
eil76,Or-opt,7,76,606.0,538,12.639405204460965,529.1579000040656,0,1006
eil76,Or-opt,8,76,575.0,538,6.877323420074349,729.4037000101525,0,1007
eil76,Or-opt,9,76,587.0,538,9.107806691449815,555.132000008598,0,1008
eil76,Or-opt,10,76,583.0,538,8.364312267657994,482.77910001343116,0,1009
eil76,Or-opt,11,76,584.0,538,8.550185873605948,615.5973999993876,0,1010
eil76,Or-opt,12,76,565.0,538,5.018587360594796,648.0598000052851,0,1011
eil76,Or-opt,13,76,578.0,538,7.434944237918216,648.9306000003126,0,1012
eil76,Or-opt,14,76,586.0,538,8.921933085501859,632.490299991332,0,1013
eil76,Or-opt,15,76,578.0,538,7.434944237918216,614.6465999918291,0,1014
eil76,Or-opt,16,76,568.0,538,5.5762081784386615,680.0439999933587,0,1015
eil76,Or-opt,17,76,579.0,538,7.6208178438661704,595.7997000077739,0,1016
eil76,Or-opt,18,76,579.0,538,7.6208178438661704,641.0484999942128,0,1017
eil76,Or-opt,19,76,581.0,538,7.992565055762081,612.8959000052419,0,1018
eil76,Or-opt,20,76,603.0,538,12.0817843866171,551.0001000075135,0,1019
eil76,Or-opt,21,76,565.0,538,5.018587360594796,609.3873999925563,0,1020
eil76,Or-opt,22,76,583.0,538,8.364312267657994,584.5503999880748,0,1021
eil76,Or-opt,23,76,570.0,538,5.947955390334572,594.1969999985304,0,1022
eil76,Or-opt,24,76,589.0,538,9.479553903345725,644.7426000086125,0,1023
eil76,Or-opt,25,76,575.0,538,6.877323420074349,757.9498999984935,0,1024
eil76,Or-opt,26,76,582.0,538,8.178438661710038,748.6948000005214,0,1025
eil76,Or-opt,27,76,567.0,538,5.390334572490707,736.2570000113919,0,1026
eil76,Or-opt,28,76,574.0,538,6.691449814126393,620.2301000012085,0,1027
eil76,Or-opt,29,76,615.0,538,14.312267657992564,537.9998999997042,0,1028
eil76,Or-opt,30,76,593.0,538,10.223048327137546,587.2028000012506,0,1029
eil76,GA,1,76,579.0,538,7.6208178438661704,5360.863199995947,100,1000
eil76,GA,2,76,566.0,538,5.204460966542751,5103.756800002884,100,1001
eil76,GA,3,76,576.0,538,7.063197026022305,5929.274299996905,100,1002
eil76,GA,4,76,592.0,538,10.037174721189592,5860.629200004041,100,1003
eil76,GA,5,76,587.0,538,9.107806691449815,5938.18429998646,100,1004
eil76,GA,6,76,573.0,538,6.5055762081784385,6127.5861999893095,100,1005
eil76,GA,7,76,591.0,538,9.851301115241636,3920.8147000026656,100,1006
eil76,GA,8,76,567.0,538,5.390334572490707,7267.653300004895,100,1007
eil76,GA,9,76,577.0,538,7.24907063197026,6275.983100000303,100,1008
eil76,GA,10,76,577.0,538,7.24907063197026,5225.969599996461,100,1009
eil76,GA,11,76,572.0,538,6.319702602230483,8267.174499997054,100,1010
eil76,GA,12,76,578.0,538,7.434944237918216,2917.984100000467,100,1011
eil76,GA,13,76,596.0,538,10.780669144981413,7640.6002000003355,100,1012
eil76,GA,14,76,579.0,538,7.6208178438661704,6823.705100003281,100,1013
eil76,GA,15,76,566.0,538,5.204460966542751,9084.054500010097,100,1014
eil76,GA,16,76,573.0,538,6.5055762081784385,5052.569899999071,100,1015
eil76,GA,17,76,601.0,538,11.71003717472119,8153.47199999087,100,1016
eil76,GA,18,76,596.0,538,10.780669144981413,5030.684099998325,100,1017
eil76,GA,19,76,565.0,538,5.018587360594796,4826.615599988145,100,1018
eil76,GA,20,76,565.0,538,5.018587360594796,7939.099299997906,100,1019
eil76,GA,21,76,564.0,538,4.83271375464684,7174.901100006537,100,1020
eil76,GA,22,76,572.0,538,6.319702602230483,5925.59220000112,100,1021
eil76,GA,23,76,557.0,538,3.5315985130111525,8389.663900001324,100,1022
eil76,GA,24,76,577.0,538,7.24907063197026,8329.260099999374,100,1023
eil76,GA,25,76,567.0,538,5.390334572490707,6763.605000000098,100,1024
eil76,GA,26,76,585.0,538,8.736059479553903,6934.10829998902,100,1025
eil76,GA,27,76,564.0,538,4.83271375464684,4997.163699998055,100,1026
eil76,GA,28,76,564.0,538,4.83271375464684,7354.544599991641,100,1027
eil76,GA,29,76,593.0,538,10.223048327137546,6810.447199997725,100,1028
eil76,GA,30,76,606.0,538,12.639405204460965,5217.030200001318,100,1029
eil76,PSO,1,76,577.0,538,7.24907063197026,7716.117199990549,100,1000
eil76,PSO,2,76,565.0,538,5.018587360594796,11695.44440000027,100,1001
eil76,PSO,3,76,575.0,538,6.877323420074349,8384.946100006346,100,1002
eil76,PSO,4,76,572.0,538,6.319702602230483,6800.74120000063,100,1003
eil76,PSO,5,76,564.0,538,4.83271375464684,14853.956399994786,100,1004
eil76,PSO,6,76,585.0,538,8.736059479553903,9565.498099997058,100,1005
eil76,PSO,7,76,578.0,538,7.434944237918216,13459.820799995214,100,1006
eil76,PSO,8,76,561.0,538,4.275092936802974,12042.529400001513,100,1007
eil76,PSO,9,76,562.0,538,4.4609665427509295,14132.811599993147,100,1008
eil76,PSO,10,76,570.0,538,5.947955390334572,12381.431100002374,100,1009
eil76,PSO,11,76,571.0,538,6.133828996282528,12144.454399996903,100,1010
eil76,PSO,12,76,572.0,538,6.319702602230483,16627.94639999629,100,1011
eil76,PSO,13,76,573.0,538,6.5055762081784385,13247.538499999791,100,1012
eil76,PSO,14,76,575.0,538,6.877323420074349,13823.623099990073,100,1013
eil76,PSO,15,76,571.0,538,6.133828996282528,12646.301600005245,100,1014
eil76,PSO,16,76,574.0,538,6.691449814126393,7001.77979998989,100,1015
eil76,PSO,17,76,579.0,538,7.6208178438661704,8906.282500000088,100,1016
eil76,PSO,18,76,580.0,538,7.806691449814126,10011.539999992237,100,1017
eil76,PSO,19,76,580.0,538,7.806691449814126,7430.2639000088675,100,1018
eil76,PSO,20,76,567.0,538,5.390334572490707,10164.702299996861,100,1019
eil76,PSO,21,76,576.0,538,7.063197026022305,13918.886999992537,100,1020
eil76,PSO,22,76,565.0,538,5.018587360594796,14510.336799998186,100,1021
eil76,PSO,23,76,569.0,538,5.762081784386617,13546.048699994572,100,1022
eil76,PSO,24,76,569.0,538,5.762081784386617,12025.956299999962,100,1023
eil76,PSO,25,76,593.0,538,10.223048327137546,7495.960700005526,100,1024
eil76,PSO,26,76,574.0,538,6.691449814126393,13629.62890000199,100,1025
eil76,PSO,27,76,585.0,538,8.736059479553903,9134.122500006924,100,1026
eil76,PSO,28,76,566.0,538,5.204460966542751,9477.63429999759,100,1027
eil76,PSO,29,76,573.0,538,6.5055762081784385,9069.017800007714,100,1028
eil76,PSO,30,76,567.0,538,5.390334572490707,11231.289599993033,100,1029
eil101,2-opt,1,101,658.0,629,4.610492845786964,65.35210000583902,0,1000
eil101,2-opt,2,101,661.0,629,5.087440381558029,68.6005000025034,0,1001
eil101,2-opt,3,101,660.0,629,4.92845786963434,61.944500004756264,0,1002
eil101,2-opt,4,101,659.0,629,4.769475357710652,63.805099998717196,0,1003
eil101,2-opt,5,101,657.0,629,4.451510333863275,60.44309999560937,0,1004
eil101,2-opt,6,101,653.0,629,3.815580286168521,70.99579999339767,0,1005
eil101,2-opt,7,101,661.0,629,5.087440381558029,60.483699999167584,0,1006
eil101,2-opt,8,101,663.0,629,5.405405405405405,59.47059999743942,0,1007
eil101,2-opt,9,101,652.0,629,3.6565977742448332,60.76809999649413,0,1008
eil101,2-opt,10,101,661.0,629,5.087440381558029,61.55479999142699,0,1009
eil101,2-opt,11,101,668.0,629,6.200317965023848,68.71880000107922,0,1010
eil101,2-opt,12,101,671.0,629,6.677265500794912,67.46050000947434,0,1011
eil101,2-opt,13,101,663.0,629,5.405405405405405,60.18729999777861,0,1012
eil101,2-opt,14,101,657.0,629,4.451510333863275,65.79429999692366,0,1013
eil101,2-opt,15,101,663.0,629,5.405405405405405,63.88190000143368,0,1014
eil101,2-opt,16,101,655.0,629,4.133545310015898,64.26579999970272,0,1015
eil101,2-opt,17,101,652.0,629,3.6565977742448332,68.01139999879524,0,1016
eil101,2-opt,18,101,657.0,629,4.451510333863275,54.95679999876302,0,1017
eil101,2-opt,19,101,651.0,629,3.4976152623211445,58.828399996855296,0,1018
eil101,2-opt,20,101,655.0,629,4.133545310015898,63.67310001223814,0,1019
eil101,2-opt,21,101,658.0,629,4.610492845786964,60.64689999038819,0,1020
eil101,2-opt,22,101,662.0,629,5.246422893481717,54.10130000382196,0,1021
eil101,2-opt,23,101,656.0,629,4.292527821939586,59.8461000045063,0,1022
eil101,2-opt,24,101,648.0,629,3.0206677265500796,107.61520000232849,0,1023
eil101,2-opt,25,101,658.0,629,4.610492845786964,84.83829999750014,0,1024
eil101,2-opt,26,101,656.0,629,4.292527821939586,82.7869000058854,0,1025
eil101,2-opt,27,101,665.0,629,5.723370429252783,73.2438999984879,0,1026
eil101,2-opt,28,101,653.0,629,3.815580286168521,75.51770001009572,0,1027
eil101,2-opt,29,101,667.0,629,6.041335453100159,74.72380000399426,0,1028
eil101,2-opt,30,101,660.0,629,4.92845786963434,67.60260000010021,0,1029
eil101,3-opt,1,101,664.0,629,5.5643879173290935,5868.763699996634,0,1000
eil101,3-opt,2,101,668.0,629,6.200317965023848,6709.5897999970475,0,1001
eil101,3-opt,3,101,674.0,629,7.154213036565977,5576.346699992428,0,1002
eil101,3-opt,4,101,670.0,629,6.518282988871224,5076.187399987248,0,1003
eil101,3-opt,5,101,666.0,629,5.88235294117647,5346.905900005368,0,1004
eil101,3-opt,6,101,666.0,629,5.88235294117647,4560.349499995937,0,1005
eil101,3-opt,7,101,660.0,629,4.92845786963434,4526.294700001017,0,1006
eil101,3-opt,8,101,660.0,629,4.92845786963434,5977.836899997783,0,1007
eil101,3-opt,9,101,692.0,629,10.01589825119237,4370.559599992703,0,1008
eil101,3-opt,10,101,676.0,629,7.472178060413355,5151.860299985856,0,1009
eil101,3-opt,11,101,643.0,629,2.2257551669316373,8646.739899995737,0,1010
eil101,3-opt,12,101,663.0,629,5.405405405405405,7566.4435000071535,0,1011
eil101,3-opt,13,101,668.0,629,6.200317965023848,4367.886100008036,0,1012
eil101,3-opt,14,101,668.0,629,6.200317965023848,4106.809099990642,0,1013
eil101,3-opt,15,101,675.0,629,7.3131955484896665,5991.428399996948,0,1014
eil101,3-opt,16,101,667.0,629,6.041335453100159,3877.8004000050714,0,1015
eil101,3-opt,17,101,665.0,629,5.723370429252783,5686.61649999558,0,1016
eil101,3-opt,18,101,658.0,629,4.610492845786964,5475.75619998679,0,1017
eil101,3-opt,19,101,698.0,629,10.969793322734498,4959.376400001929,0,1018
eil101,3-opt,20,101,668.0,629,6.200317965023848,5598.248099995544,0,1019
eil101,3-opt,21,101,653.0,629,3.815580286168521,6533.4554000000935,0,1020
eil101,3-opt,22,101,660.0,629,4.92845786963434,7857.215500000166,0,1021
eil101,3-opt,23,101,660.0,629,4.92845786963434,5002.399000004516,0,1022
eil101,3-opt,24,101,677.0,629,7.631160572337042,4563.997899997048,0,1023
eil101,3-opt,25,101,670.0,629,6.518282988871224,6343.456000002334,0,1024
eil101,3-opt,26,101,658.0,629,4.610492845786964,5444.22510000004,0,1025
eil101,3-opt,27,101,677.0,629,7.631160572337042,5225.399200004176,0,1026
eil101,3-opt,28,101,711.0,629,13.036565977742448,4489.933000004385,0,1027
eil101,3-opt,29,101,672.0,629,6.836248012718602,8521.586300004856,0,1028
eil101,3-opt,30,101,673.0,629,6.995230524642289,4280.117100002826,0,1029
eil101,Or-opt,1,101,909.0,629,44.51510333863275,642.911599992658,0,1000
eil101,Or-opt,2,101,784.0,629,24.6422893481717,912.6379000081215,0,1001
eil101,Or-opt,3,101,745.0,629,18.441971383147855,859.4785000022966,0,1002
eil101,Or-opt,4,101,739.0,629,17.488076311605724,806.4696000074036,0,1003
eil101,Or-opt,5,101,863.0,629,37.20190779014308,642.1292000013636,0,1004
eil101,Or-opt,6,101,903.0,629,43.56120826709062,581.6320000012638,0,1005
eil101,Or-opt,7,101,812.0,629,29.093799682034977,640.8072000049287,0,1006
eil101,Or-opt,8,101,740.0,629,17.647058823529413,734.090500001912,0,1007
eil101,Or-opt,9,101,901.0,629,43.24324324324324,736.5334000060102,0,1008
eil101,Or-opt,10,101,815.0,629,29.570747217806044,655.3312000032747,0,1009
eil101,Or-opt,11,101,778.0,629,23.68839427662957,671.1321000038879,0,1010
eil101,Or-opt,12,101,756.0,629,20.190779014308426,989.5131999946898,0,1011
eil101,Or-opt,13,101,799.0,629,27.027027027027028,798.5154000052717,0,1012
eil101,Or-opt,14,101,866.0,629,37.67885532591415,921.1317999870516,0,1013
eil101,Or-opt,15,101,764.0,629,21.462639109697935,842.2586999949999,0,1014
eil101,Or-opt,16,101,870.0,629,38.3147853736089,669.2180999962147,0,1015
eil101,Or-opt,17,101,744.0,629,18.282988871224166,953.6196999979438,0,1016
eil101,Or-opt,18,101,784.0,629,24.6422893481717,780.3110999957426,0,1017
eil101,Or-opt,19,101,835.0,629,32.75039745627981,687.138799999957,0,1018
eil101,Or-opt,20,101,742.0,629,17.965023847376788,1007.4071999988519,0,1019
eil101,Or-opt,21,101,809.0,629,28.61685214626391,821.8648999900324,0,1020
eil101,Or-opt,22,101,689.0,629,9.538950715421304,910.3274999943096,0,1021
eil101,Or-opt,23,101,801.0,629,27.344992050874406,938.1097000004956,0,1022
eil101,Or-opt,24,101,766.0,629,21.78060413354531,600.0802000053227,0,1023
eil101,Or-opt,25,101,754.0,629,19.87281399046105,1113.9051999925869,0,1024
eil101,Or-opt,26,101,820.0,629,30.36565977742448,745.0875999929849,0,1025
eil101,Or-opt,27,101,786.0,629,24.96025437201908,850.1363999966998,0,1026
eil101,Or-opt,28,101,953.0,629,51.51033386327504,829.9437999958172,0,1027
eil101,Or-opt,29,101,816.0,629,29.72972972972973,853.1414000026416,0,1028
eil101,Or-opt,30,101,903.0,629,43.56120826709062,745.4906999919331,0,1029
eil101,GA,1,101,676.0,629,7.472178060413355,16794.634799996857,100,1000
eil101,GA,2,101,686.0,629,9.062003179650238,24027.44919998804,100,1001
eil101,GA,3,101,679.0,629,7.94912559618442,16969.235100012156,100,1002
eil101,GA,4,101,678.0,629,7.790143084260731,25745.37119999877,100,1003
eil101,GA,5,101,661.0,629,5.087440381558029,26680.222800001502,100,1004
eil101,GA,6,101,677.0,629,7.631160572337042,24195.165999990422,100,1005
eil101,GA,7,101,677.0,629,7.631160572337042,25634.964700002456,100,1006
eil101,GA,8,101,707.0,629,12.400635930047695,30464.67539999867,100,1007
eil101,GA,9,101,670.0,629,6.518282988871224,22672.563999993145,100,1008
eil101,GA,10,101,690.0,629,9.697933227344992,18279.563500007498,100,1009
eil101,GA,11,101,666.0,629,5.88235294117647,24223.726899988833,100,1010
eil101,GA,12,101,682.0,629,8.426073131955485,27151.665199999115,100,1011
eil101,GA,13,101,679.0,629,7.94912559618442,24728.58599999745,100,1012
eil101,GA,14,101,667.0,629,6.041335453100159,27544.07840000931,100,1013
eil101,GA,15,101,685.0,629,8.90302066772655,25705.437299999176,100,1014
eil101,GA,16,101,674.0,629,7.154213036565977,26704.089800012298,100,1015
eil101,GA,17,101,696.0,629,10.651828298887123,24047.036100004334,100,1016
eil101,GA,18,101,669.0,629,6.359300476947535,19620.91149999469,100,1017
eil101,GA,19,101,658.0,629,4.610492845786964,24321.05149999552,100,1018
eil101,GA,20,101,658.0,629,4.610492845786964,20004.89660000312,100,1019
eil101,GA,21,101,671.0,629,6.677265500794912,21283.345799995004,100,1020
eil101,GA,22,101,695.0,629,10.492845786963434,26419.83970000001,100,1021
eil101,GA,23,101,671.0,629,6.677265500794912,20399.583899998106,100,1022
eil101,GA,24,101,681.0,629,8.267090620031796,16400.95409999776,100,1023
eil101,GA,25,101,667.0,629,6.041335453100159,23379.13240000489,100,1024
eil101,GA,26,101,647.0,629,2.8616852146263914,30071.231299996725,100,1025
eil101,GA,27,101,679.0,629,7.94912559618442,21053.973100002622,100,1026
eil101,GA,28,101,670.0,629,6.518282988871224,23400.59210000618,100,1027
eil101,GA,29,101,666.0,629,5.88235294117647,16876.26380000438,100,1028
eil101,GA,30,101,676.0,629,7.472178060413355,30486.094199994113,100,1029
eil101,PSO,1,101,667.0,629,6.041335453100159,40424.1439000034,100,1000
eil101,PSO,2,101,675.0,629,7.3131955484896665,29804.40819999785,100,1001
eil101,PSO,3,101,670.0,629,6.518282988871224,32378.422800000408,100,1002
eil101,PSO,4,101,675.0,629,7.3131955484896665,24707.028199991328,100,1003
eil101,PSO,5,101,681.0,629,8.267090620031796,35680.28850000701,100,1004
eil101,PSO,6,101,687.0,629,9.220985691573928,32378.83810000494,100,1005
eil101,PSO,7,101,693.0,629,10.174880763116057,27543.991200000164,100,1006
eil101,PSO,8,101,661.0,629,5.087440381558029,39052.614700005506,100,1007
eil101,PSO,9,101,664.0,629,5.5643879173290935,21171.001200011233,100,1008
eil101,PSO,10,101,665.0,629,5.723370429252783,44243.18950000452,100,1009
eil101,PSO,11,101,679.0,629,7.94912559618442,29011.061099998187,100,1010
eil101,PSO,12,101,692.0,629,10.01589825119237,36139.67170000251,100,1011
eil101,PSO,13,101,679.0,629,7.94912559618442,37821.210599999176,100,1012
eil101,PSO,14,101,684.0,629,8.744038155802862,36059.785200006445,100,1013
eil101,PSO,15,101,658.0,629,4.610492845786964,38622.77570000151,100,1014
eil101,PSO,16,101,684.0,629,8.744038155802862,27734.562700003153,100,1015
eil101,PSO,17,101,699.0,629,11.128775834658187,29918.270800000755,100,1016
eil101,PSO,18,101,663.0,629,5.405405405405405,36816.54400000116,100,1017
eil101,PSO,19,101,669.0,629,6.359300476947535,33007.500199993956,100,1018
eil101,PSO,20,101,673.0,629,6.995230524642289,19271.510400008992,100,1019
eil101,PSO,21,101,675.0,629,7.3131955484896665,27274.16109999467,100,1020
eil101,PSO,22,101,668.0,629,6.200317965023848,30243.223500001477,100,1021
eil101,PSO,23,101,663.0,629,5.405405405405405,18200.604400000884,100,1022
eil101,PSO,24,101,678.0,629,7.790143084260731,19361.70329999004,100,1023
eil101,PSO,25,101,683.0,629,8.585055643879173,21803.25320000702,100,1024
eil101,PSO,26,101,675.0,629,7.3131955484896665,28087.810199998785,100,1025
eil101,PSO,27,101,696.0,629,10.651828298887123,31291.77390001132,100,1026
eil101,PSO,28,101,692.0,629,10.01589825119237,35361.122599992086,100,1027
eil101,PSO,29,101,682.0,629,8.426073131955485,22419.723500002874,100,1028
eil101,PSO,30,101,683.0,629,8.585055643879173,45263.4332000016,100,1029
