date,ride_limit,scenario,car_id,window_start,window_end,busy_minutes,routes,waves
2026-10-05,50,L0,C1,07:12,19:03,427,7,"[""2026-10-05:dropoff:1035"",""2026-10-05:dropoff:1095"",""2026-10-05:dropoff:735"",""2026-10-05:dropoff:795"",""2026-10-05:dropoff:915"",""2026-10-05:pickup:525"",""2026-10-05:pickup:705""]"
2026-10-05,50,L0,C2,07:22,18:21,385,6,"[""2026-10-05:dropoff:1035"",""2026-10-05:dropoff:735"",""2026-10-05:dropoff:855"",""2026-10-05:dropoff:915"",""2026-10-05:pickup:525"",""2026-10-05:pickup:705""]"
2026-10-05,50,L0,C3,07:28,16:36,287,4,"[""2026-10-05:dropoff:675"",""2026-10-05:dropoff:735"",""2026-10-05:dropoff:915"",""2026-10-05:pickup:525""]"
2026-10-05,50,L0,C4,07:31,16:31,259,5,"[""2026-10-05:dropoff:795"",""2026-10-05:dropoff:975"",""2026-10-05:pickup:525"",""2026-10-05:pickup:765"",""2026-10-05:pickup:945""]"
2026-10-05,50,L0,C5,07:45,17:07,165,3,"[""2026-10-05:dropoff:975"",""2026-10-05:pickup:525"",""2026-10-05:pickup:765""]"
2026-10-05,50,L0,C6,07:49,17:10,111,2,"[""2026-10-05:dropoff:975"",""2026-10-05:pickup:525""]"
2026-10-05,50,L0,C7,08:29,08:45,16,1,"[""2026-10-05:pickup:525""]"
2026-10-05,50,L1,C1,07:22,18:21,354,6,"[""2026-10-05:dropoff:1035"",""2026-10-05:dropoff:735"",""2026-10-05:dropoff:795"",""2026-10-05:dropoff:915"",""2026-10-05:pickup:525"",""2026-10-05:pickup:705""]"
2026-10-05,50,L1,C2,07:28,16:20,271,4,"[""2026-10-05:dropoff:675"",""2026-10-05:dropoff:735"",""2026-10-05:dropoff:915"",""2026-10-05:pickup:525""]"
2026-10-05,50,L1,C3,07:31,16:31,259,5,"[""2026-10-05:dropoff:795"",""2026-10-05:dropoff:975"",""2026-10-05:pickup:525"",""2026-10-05:pickup:765"",""2026-10-05:pickup:945""]"
2026-10-05,50,L1,C4,07:45,17:07,165,3,"[""2026-10-05:dropoff:975"",""2026-10-05:pickup:525"",""2026-10-05:pickup:765""]"
2026-10-05,50,L1,C5,07:49,17:10,111,2,"[""2026-10-05:dropoff:975"",""2026-10-05:pickup:525""]"
2026-10-05,50,L1,C6,08:29,08:45,16,1,"[""2026-10-05:pickup:525""]"
2026-10-05,50,L2,C1,07:28,16:09,282,5,"[""2026-10-05:dropoff:735"",""2026-10-05:dropoff:795"",""2026-10-05:dropoff:915"",""2026-10-05:pickup:525"",""2026-10-05:pickup:705""]"
2026-10-05,50,L2,C2,07:31,16:31,248,5,"[""2026-10-05:dropoff:675"",""2026-10-05:dropoff:735"",""2026-10-05:dropoff:975"",""2026-10-05:pickup:525"",""2026-10-05:pickup:945""]"
2026-10-05,50,L2,C3,07:45,17:07,133,3,"[""2026-10-05:dropoff:975"",""2026-10-05:pickup:525"",""2026-10-05:pickup:765""]"
2026-10-05,50,L2,C4,07:49,17:10,111,2,"[""2026-10-05:dropoff:975"",""2026-10-05:pickup:525""]"
2026-10-05,50,L2,C5,08:29,08:45,16,1,"[""2026-10-05:pickup:525""]"
2026-10-05,60,L0,C1,07:03,18:43,464,6,"[""2026-10-05:dropoff:1035"",""2026-10-05:dropoff:735"",""2026-10-05:dropoff:795"",""2026-10-05:dropoff:915"",""2026-10-05:pickup:525"",""2026-10-05:pickup:705""]"
2026-10-05,60,L0,C2,07:05,19:03,415,6,"[""2026-10-05:dropoff:1095"",""2026-10-05:dropoff:735"",""2026-10-05:dropoff:855"",""2026-10-05:dropoff:915"",""2026-10-05:pickup:525"",""2026-10-05:pickup:705""]"
2026-10-05,60,L0,C3,07:19,16:31,260,5,"[""2026-10-05:dropoff:675"",""2026-10-05:dropoff:735"",""2026-10-05:dropoff:975"",""2026-10-05:pickup:525"",""2026-10-05:pickup:945""]"
2026-10-05,60,L0,C4,07:38,17:07,258,4,"[""2026-10-05:dropoff:795"",""2026-10-05:dropoff:975"",""2026-10-05:pickup:525"",""2026-10-05:pickup:765""]"
2026-10-05,60,L0,C5,07:51,17:10,162,3,"[""2026-10-05:dropoff:975"",""2026-10-05:pickup:525"",""2026-10-05:pickup:765""]"
2026-10-05,60,L0,C6,08:29,08:45,16,1,"[""2026-10-05:pickup:525""]"
2026-10-05,60,L1,C1,07:05,18:43,417,5,"[""2026-10-05:dropoff:1035"",""2026-10-05:dropoff:735"",""2026-10-05:dropoff:915"",""2026-10-05:pickup:525"",""2026-10-05:pickup:705""]"
2026-10-05,60,L1,C2,07:19,16:51,282,4,"[""2026-10-05:dropoff:675"",""2026-10-05:dropoff:795"",""2026-10-05:dropoff:915"",""2026-10-05:pickup:525""]"
2026-10-05,60,L1,C3,07:38,16:31,222,4,"[""2026-10-05:dropoff:795"",""2026-10-05:dropoff:975"",""2026-10-05:pickup:525"",""2026-10-05:pickup:765""]"
2026-10-05,60,L1,C4,07:51,12:45,107,2,"[""2026-10-05:pickup:525"",""2026-10-05:pickup:765""]"
2026-10-05,60,L1,C5,08:29,08:45,16,1,"[""2026-10-05:pickup:525""]"
2026-10-05,60,L2,C1,06:56,16:38,338,4,"[""2026-10-05:dropoff:735"",""2026-10-05:dropoff:915"",""2026-10-05:pickup:525"",""2026-10-05:pickup:705""]"
2026-10-05,60,L2,C2,07:12,16:31,209,4,"[""2026-10-05:dropoff:675"",""2026-10-05:dropoff:795"",""2026-10-05:dropoff:975"",""2026-10-05:pickup:525""]"
2026-10-05,60,L2,C3,07:53,08:45,52,1,"[""2026-10-05:pickup:525""]"
2026-10-05,70,L0,C1,07:07,18:43,498,6,"[""2026-10-05:dropoff:1035"",""2026-10-05:dropoff:735"",""2026-10-05:dropoff:855"",""2026-10-05:dropoff:915"",""2026-10-05:pickup:525"",""2026-10-05:pickup:705""]"
2026-10-05,70,L0,C2,07:13,19:03,385,5,"[""2026-10-05:dropoff:1095"",""2026-10-05:dropoff:675"",""2026-10-05:dropoff:735"",""2026-10-05:dropoff:915"",""2026-10-05:pickup:525""]"
2026-10-05,70,L0,C3,07:33,16:31,279,5,"[""2026-10-05:dropoff:795"",""2026-10-05:dropoff:975"",""2026-10-05:pickup:525"",""2026-10-05:pickup:765"",""2026-10-05:pickup:945""]"
2026-10-05,70,L0,C4,07:37,17:07,173,3,"[""2026-10-05:dropoff:975"",""2026-10-05:pickup:525"",""2026-10-05:pickup:765""]"
2026-10-05,70,L0,C5,07:51,17:10,109,2,"[""2026-10-05:dropoff:975"",""2026-10-05:pickup:525""]"
2026-10-05,70,L0,C6,08:09,08:45,36,1,"[""2026-10-05:pickup:525""]"
2026-10-05,70,L1,C1,06:57,18:43,388,5,"[""2026-10-05:dropoff:1035"",""2026-10-05:dropoff:675"",""2026-10-05:dropoff:735"",""2026-10-05:dropoff:915"",""2026-10-05:pickup:525""]"
2026-10-05,70,L1,C2,07:13,16:53,352,4,"[""2026-10-05:dropoff:795"",""2026-10-05:dropoff:915"",""2026-10-05:pickup:525"",""2026-10-05:pickup:765""]"
2026-10-05,70,L1,C3,07:51,12:45,107,2,"[""2026-10-05:pickup:525"",""2026-10-05:pickup:765""]"
2026-10-05,70,L1,C4,08:09,08:45,36,1,"[""2026-10-05:pickup:525""]"
2026-10-05,70,L2,C1,07:07,16:20,290,4,"[""2026-10-05:dropoff:675"",""2026-10-05:dropoff:735"",""2026-10-05:dropoff:915"",""2026-10-05:pickup:525""]"
2026-10-05,70,L2,C2,07:07,08:45,98,1,"[""2026-10-05:pickup:525""]"
2026-10-05,90,L0,C1,06:47,18:43,502,6,"[""2026-10-05:dropoff:1035"",""2026-10-05:dropoff:735"",""2026-10-05:dropoff:855"",""2026-10-05:dropoff:915"",""2026-10-05:pickup:525"",""2026-10-05:pickup:705""]"
2026-10-05,90,L0,C2,06:55,19:03,407,5,"[""2026-10-05:dropoff:1095"",""2026-10-05:dropoff:675"",""2026-10-05:dropoff:735"",""2026-10-05:dropoff:915"",""2026-10-05:pickup:525""]"
2026-10-05,90,L0,C3,07:37,16:31,275,5,"[""2026-10-05:dropoff:795"",""2026-10-05:dropoff:975"",""2026-10-05:pickup:525"",""2026-10-05:pickup:765"",""2026-10-05:pickup:945""]"
2026-10-05,90,L0,C4,07:42,17:07,168,3,"[""2026-10-05:dropoff:975"",""2026-10-05:pickup:525"",""2026-10-05:pickup:765""]"
2026-10-05,90,L0,C5,07:51,17:10,109,2,"[""2026-10-05:dropoff:975"",""2026-10-05:pickup:525""]"
2026-10-05,90,L1,C1,07:07,18:43,380,5,"[""2026-10-05:dropoff:1035"",""2026-10-05:dropoff:675"",""2026-10-05:dropoff:735"",""2026-10-05:dropoff:915"",""2026-10-05:pickup:525""]"
2026-10-05,90,L1,C2,07:12,16:53,353,4,"[""2026-10-05:dropoff:795"",""2026-10-05:dropoff:915"",""2026-10-05:pickup:525"",""2026-10-05:pickup:765""]"
2026-10-05,90,L1,C3,07:56,12:45,102,2,"[""2026-10-05:pickup:525"",""2026-10-05:pickup:765""]"
2026-10-05,90,L1,C4,08:20,08:45,25,1,"[""2026-10-05:pickup:525""]"
2026-10-05,90,L2,C1,07:24,16:20,275,4,"[""2026-10-05:dropoff:675"",""2026-10-05:dropoff:735"",""2026-10-05:dropoff:915"",""2026-10-05:pickup:525""]"
2026-10-05,90,L2,C2,07:59,08:45,46,1,"[""2026-10-05:pickup:525""]"
2026-10-06,50,L0,C1,07:12,18:31,352,8,"[""2026-10-06:dropoff:1095"",""2026-10-06:dropoff:675"",""2026-10-06:dropoff:795"",""2026-10-06:dropoff:915"",""2026-10-06:dropoff:975"",""2026-10-06:pickup:525"",""2026-10-06:pickup:645"",""2026-10-06:pickup:885""]"
2026-10-06,50,L0,C2,07:21,19:03,414,6,"[""2026-10-06:dropoff:1095"",""2026-10-06:dropoff:795"",""2026-10-06:dropoff:975"",""2026-10-06:pickup:525"",""2026-10-06:pickup:705"",""2026-10-06:pickup:765""]"
2026-10-06,50,L0,C3,07:46,19:32,297,5,"[""2026-10-06:dropoff:1035"",""2026-10-06:dropoff:1095"",""2026-10-06:pickup:525"",""2026-10-06:pickup:765"",""2026-10-06:pickup:885""]"
2026-10-06,50,L0,C4,07:46,18:20,180,3,"[""2026-10-06:dropoff:1035"",""2026-10-06:dropoff:735"",""2026-10-06:pickup:525""]"
2026-10-06,50,L0,C5,08:48,13:36,138,2,"[""2026-10-06:dropoff:735"",""2026-10-06:pickup:585""]"
2026-10-06,50,L1,C1,07:21,18:31,298,6,"[""2026-10-06:dropoff:1095"",""2026-10-06:dropoff:675"",""2026-10-06:dropoff:795"",""2026-10-06:dropoff:975"",""2026-10-06:pickup:525"",""2026-10-06:pickup:645""]"
2026-10-06,50,L1,C2,07:46,19:03,267,5,"[""2026-10-06:dropoff:1035"",""2026-10-06:dropoff:1095"",""2026-10-06:dropoff:795"",""2026-10-06:pickup:525"",""2026-10-06:pickup:765""]"
2026-10-06,50,L1,C3,07:46,18:20,159,3,"[""2026-10-06:dropoff:1035"",""2026-10-06:pickup:525"",""2026-10-06:pickup:765""]"
2026-10-06,50,L1,C4,08:48,13:36,138,2,"[""2026-10-06:dropoff:735"",""2026-10-06:pickup:585""]"
2026-10-06,50,L2,C1,07:21,17:45,215,4,"[""2026-10-06:dropoff:1035"",""2026-10-06:dropoff:675"",""2026-10-06:dropoff:795"",""2026-10-06:pickup:525""]"
2026-10-06,50,L2,C2,08:24,18:20,121,3,"[""2026-10-06:dropoff:1035"",""2026-10-06:pickup:525"",""2026-10-06:pickup:765""]"
2026-10-06,50,L2,C3,08:48,13:36,138,2,"[""2026-10-06:dropoff:735"",""2026-10-06:pickup:585""]"
2026-10-06,60,L0,C1,07:18,18:31,356,9,"[""2026-10-06:dropoff:1035"",""2026-10-06:dropoff:1095"",""2026-10-06:dropoff:675"",""2026-10-06:dropoff:795"",""2026-10-06:dropoff:915"",""2026-10-06:dropoff:975"",""2026-10-06:pickup:525"",""2026-10-06:pickup:645"",""2026-10-06:pickup:885""]"
2026-10-06,60,L0,C2,07:23,19:03,447,6,"[""2026-10-06:dropoff:1095"",""2026-10-06:dropoff:735"",""2026-10-06:dropoff:975"",""2026-10-06:pickup:525"",""2026-10-06:pickup:705"",""2026-10-06:pickup:885""]"
2026-10-06,60,L0,C3,07:41,18:20,285,4,"[""2026-10-06:dropoff:1035"",""2026-10-06:dropoff:795"",""2026-10-06:pickup:525"",""2026-10-06:pickup:765""]"
2026-10-06,60,L0,C4,07:48,19:32,215,3,"[""2026-10-06:dropoff:1095"",""2026-10-06:dropoff:735"",""2026-10-06:pickup:525""]"
2026-10-06,60,L0,C5,08:48,09:45,57,1,"[""2026-10-06:pickup:585""]"
2026-10-06,60,L1,C1,07:12,18:31,317,7,"[""2026-10-06:dropoff:1035"",""2026-10-06:dropoff:1095"",""2026-10-06:dropoff:675"",""2026-10-06:dropoff:795"",""2026-10-06:dropoff:975"",""2026-10-06:pickup:525"",""2026-10-06:pickup:645""]"
2026-10-06,60,L1,C2,07:23,18:20,303,4,"[""2026-10-06:dropoff:1035"",""2026-10-06:dropoff:795"",""2026-10-06:pickup:525"",""2026-10-06:pickup:765""]"
2026-10-06,60,L1,C3,08:48,19:03,186,3,"[""2026-10-06:dropoff:1095"",""2026-10-06:dropoff:735"",""2026-10-06:pickup:585""]"
2026-10-06,60,L2,C1,07:23,18:20,248,4,"[""2026-10-06:dropoff:1035"",""2026-10-06:dropoff:675"",""2026-10-06:dropoff:795"",""2026-10-06:pickup:525""]"
2026-10-06,60,L2,C2,08:48,13:36,138,2,"[""2026-10-06:dropoff:735"",""2026-10-06:pickup:585""]"
2026-10-06,70,L0,C1,06:48,18:32,417,8,"[""2026-10-06:dropoff:1035"",""2026-10-06:dropoff:675"",""2026-10-06:dropoff:795"",""2026-10-06:dropoff:915"",""2026-10-06:dropoff:975"",""2026-10-06:pickup:525"",""2026-10-06:pickup:645"",""2026-10-06:pickup:885""]"
2026-10-06,70,L0,C2,07:23,18:31,387,6,"[""2026-10-06:dropoff:1095"",""2026-10-06:dropoff:735"",""2026-10-06:dropoff:795"",""2026-10-06:dropoff:975"",""2026-10-06:pickup:525"",""2026-10-06:pickup:705""]"
2026-10-06,70,L0,C3,07:37,19:03,269,4,"[""2026-10-06:dropoff:1095"",""2026-10-06:pickup:525"",""2026-10-06:pickup:765"",""2026-10-06:pickup:885""]"
2026-10-06,70,L0,C4,08:48,19:32,235,3,"[""2026-10-06:dropoff:1095"",""2026-10-06:dropoff:735"",""2026-10-06:pickup:585""]"
2026-10-06,70,L1,C1,06:52,18:32,368,6,"[""2026-10-06:dropoff:1035"",""2026-10-06:dropoff:675"",""2026-10-06:dropoff:795"",""2026-10-06:dropoff:975"",""2026-10-06:pickup:525"",""2026-10-06:pickup:645""]"
2026-10-06,70,L1,C2,08:16,14:31,181,3,"[""2026-10-06:dropoff:795"",""2026-10-06:pickup:525"",""2026-10-06:pickup:765""]"
2026-10-06,70,L1,C3,08:48,13:56,158,2,"[""2026-10-06:dropoff:735"",""2026-10-06:pickup:585""]"
2026-10-06,70,L2,C1,08:16,14:05,130,3,"[""2026-10-06:dropoff:675"",""2026-10-06:dropoff:795"",""2026-10-06:pickup:525""]"
2026-10-06,70,L2,C2,08:48,13:56,158,2,"[""2026-10-06:dropoff:735"",""2026-10-06:pickup:585""]"
2026-10-06,90,L0,C1,06:51,18:32,433,7,"[""2026-10-06:dropoff:1035"",""2026-10-06:dropoff:675"",""2026-10-06:dropoff:795"",""2026-10-06:dropoff:915"",""2026-10-06:dropoff:975"",""2026-10-06:pickup:525"",""2026-10-06:pickup:645""]"
2026-10-06,90,L0,C2,07:25,18:31,386,6,"[""2026-10-06:dropoff:1095"",""2026-10-06:dropoff:735"",""2026-10-06:dropoff:975"",""2026-10-06:pickup:525"",""2026-10-06:pickup:705"",""2026-10-06:pickup:885""]"
2026-10-06,90,L0,C3,07:38,19:03,207,4,"[""2026-10-06:dropoff:1095"",""2026-10-06:pickup:525"",""2026-10-06:pickup:765"",""2026-10-06:pickup:885""]"
2026-10-06,90,L0,C4,08:48,19:32,239,3,"[""2026-10-06:dropoff:1095"",""2026-10-06:dropoff:735"",""2026-10-06:pickup:585""]"
2026-10-06,90,L1,C1,07:10,18:32,385,6,"[""2026-10-06:dropoff:1035"",""2026-10-06:dropoff:675"",""2026-10-06:dropoff:795"",""2026-10-06:dropoff:975"",""2026-10-06:pickup:525"",""2026-10-06:pickup:645""]"
2026-10-06,90,L1,C2,08:48,14:45,210,3,"[""2026-10-06:pickup:585"",""2026-10-06:pickup:765"",""2026-10-06:pickup:885""]"
2026-10-06,90,L2,C1,08:48,14:45,185,3,"[""2026-10-06:dropoff:675"",""2026-10-06:pickup:585"",""2026-10-06:pickup:885""]"
2026-10-07,50,L0,C1,07:21,18:10,398,7,"[""2026-10-07:dropoff:1035"",""2026-10-07:dropoff:735"",""2026-10-07:dropoff:855"",""2026-10-07:dropoff:915"",""2026-10-07:dropoff:975"",""2026-10-07:pickup:525"",""2026-10-07:pickup:705""]"
2026-10-07,50,L0,C2,07:29,19:12,388,6,"[""2026-10-07:dropoff:1095"",""2026-10-07:dropoff:735"",""2026-10-07:dropoff:855"",""2026-10-07:dropoff:975"",""2026-10-07:pickup:525"",""2026-10-07:pickup:705""]"
2026-10-07,50,L0,C3,07:46,19:22,288,4,"[""2026-10-07:dropoff:1095"",""2026-10-07:dropoff:675"",""2026-10-07:dropoff:855"",""2026-10-07:pickup:525""]"
2026-10-07,50,L0,C4,07:59,12:45,115,2,"[""2026-10-07:pickup:525"",""2026-10-07:pickup:765""]"
2026-10-07,50,L0,C5,11:43,12:45,62,1,"[""2026-10-07:pickup:765""]"
2026-10-07,50,L0,C6,12:34,13:45,71,1,"[""2026-10-07:pickup:825""]"
2026-10-07,50,L1,C1,07:29,18:10,328,6,"[""2026-10-07:dropoff:1035"",""2026-10-07:dropoff:735"",""2026-10-07:dropoff:855"",""2026-10-07:dropoff:915"",""2026-10-07:pickup:525"",""2026-10-07:pickup:705""]"
2026-10-07,50,L1,C2,07:46,19:12,258,4,"[""2026-10-07:dropoff:1095"",""2026-10-07:dropoff:675"",""2026-10-07:dropoff:855"",""2026-10-07:pickup:525""]"
2026-10-07,50,L1,C3,07:59,12:45,115,2,"[""2026-10-07:pickup:525"",""2026-10-07:pickup:765""]"
2026-10-07,50,L1,C4,11:43,12:45,62,1,"[""2026-10-07:pickup:765""]"
2026-10-07,50,L1,C5,12:34,13:45,71,1,"[""2026-10-07:pickup:825""]"
2026-10-07,50,L2,C1,07:29,18:10,273,4,"[""2026-10-07:dropoff:1035"",""2026-10-07:dropoff:675"",""2026-10-07:dropoff:855"",""2026-10-07:pickup:525""]"
2026-10-07,50,L2,C2,08:29,12:45,85,2,"[""2026-10-07:pickup:525"",""2026-10-07:pickup:765""]"
2026-10-07,50,L2,C3,11:43,12:45,62,1,"[""2026-10-07:pickup:765""]"
2026-10-07,50,L2,C4,12:15,13:07,52,1,"[""2026-10-07:dropoff:735""]"
2026-10-07,60,L0,C1,07:09,18:10,399,6,"[""2026-10-07:dropoff:1035"",""2026-10-07:dropoff:735"",""2026-10-07:dropoff:855"",""2026-10-07:dropoff:975"",""2026-10-07:pickup:525"",""2026-10-07:pickup:705""]"
2026-10-07,60,L0,C2,07:29,19:12,416,6,"[""2026-10-07:dropoff:1095"",""2026-10-07:dropoff:735"",""2026-10-07:dropoff:855"",""2026-10-07:dropoff:975"",""2026-10-07:pickup:525"",""2026-10-07:pickup:705""]"
2026-10-07,60,L0,C3,07:46,19:22,244,4,"[""2026-10-07:dropoff:1095"",""2026-10-07:dropoff:675"",""2026-10-07:dropoff:915"",""2026-10-07:pickup:525""]"
2026-10-07,60,L0,C4,08:12,12:45,99,2,"[""2026-10-07:pickup:525"",""2026-10-07:pickup:765""]"
2026-10-07,60,L0,C5,11:43,12:45,62,1,"[""2026-10-07:pickup:765""]"
2026-10-07,60,L0,C6,12:34,13:45,71,1,"[""2026-10-07:pickup:825""]"
2026-10-07,60,L1,C1,07:29,18:10,314,5,"[""2026-10-07:dropoff:1035"",""2026-10-07:dropoff:735"",""2026-10-07:dropoff:855"",""2026-10-07:pickup:525"",""2026-10-07:pickup:705""]"
2026-10-07,60,L1,C2,07:46,19:12,234,4,"[""2026-10-07:dropoff:1095"",""2026-10-07:dropoff:675"",""2026-10-07:dropoff:915"",""2026-10-07:pickup:525""]"
2026-10-07,60,L1,C3,08:12,12:45,99,2,"[""2026-10-07:pickup:525"",""2026-10-07:pickup:765""]"
2026-10-07,60,L1,C4,11:43,12:45,62,1,"[""2026-10-07:pickup:765""]"
2026-10-07,60,L1,C5,12:34,13:45,71,1,"[""2026-10-07:pickup:825""]"
2026-10-07,60,L2,C1,07:29,18:10,249,4,"[""2026-10-07:dropoff:1035"",""2026-10-07:dropoff:675"",""2026-10-07:dropoff:915"",""2026-10-07:pickup:525""]"
2026-10-07,60,L2,C2,11:39,12:45,66,1,"[""2026-10-07:pickup:765""]"
2026-10-07,60,L2,C3,11:43,12:45,62,1,"[""2026-10-07:pickup:765""]"
2026-10-07,60,L2,C4,12:15,13:07,52,1,"[""2026-10-07:dropoff:735""]"
2026-10-07,70,L0,C1,06:56,18:10,373,6,"[""2026-10-07:dropoff:1035"",""2026-10-07:dropoff:735"",""2026-10-07:dropoff:855"",""2026-10-07:dropoff:975"",""2026-10-07:pickup:525"",""2026-10-07:pickup:705""]"
2026-10-07,70,L0,C2,07:10,18:31,356,6,"[""2026-10-07:dropoff:1095"",""2026-10-07:dropoff:855"",""2026-10-07:dropoff:975"",""2026-10-07:pickup:525"",""2026-10-07:pickup:705"",""2026-10-07:pickup:765""]"
2026-10-07,70,L0,C3,07:53,19:50,265,4,"[""2026-10-07:dropoff:1095"",""2026-10-07:dropoff:675"",""2026-10-07:dropoff:915"",""2026-10-07:pickup:525""]"
2026-10-07,70,L0,C4,11:16,12:45,89,1,"[""2026-10-07:pickup:765""]"
2026-10-07,70,L0,C5,12:15,13:53,98,1,"[""2026-10-07:dropoff:735""]"
2026-10-07,70,L0,C6,12:34,13:45,71,1,"[""2026-10-07:pickup:825""]"
2026-10-07,70,L1,C1,07:10,18:10,310,5,"[""2026-10-07:dropoff:1035"",""2026-10-07:dropoff:735"",""2026-10-07:dropoff:855"",""2026-10-07:pickup:525"",""2026-10-07:pickup:705""]"
2026-10-07,70,L1,C2,07:53,18:31,186,4,"[""2026-10-07:dropoff:1095"",""2026-10-07:dropoff:675"",""2026-10-07:dropoff:915"",""2026-10-07:pickup:525""]"
2026-10-07,70,L1,C3,11:16,12:45,89,1,"[""2026-10-07:pickup:765""]"
2026-10-07,70,L1,C4,12:15,12:45,30,1,"[""2026-10-07:pickup:765""]"
2026-10-07,70,L1,C5,12:34,13:45,71,1,"[""2026-10-07:pickup:825""]"
2026-10-07,70,L2,C1,11:15,18:31,134,3,"[""2026-10-07:dropoff:1095"",""2026-10-07:dropoff:675"",""2026-10-07:dropoff:915""]"
2026-10-07,70,L2,C2,11:16,12:45,89,1,"[""2026-10-07:pickup:765""]"
2026-10-07,70,L2,C3,12:15,12:36,21,1,"[""2026-10-07:dropoff:735""]"
2026-10-07,70,L2,C4,12:15,12:45,30,1,"[""2026-10-07:pickup:765""]"
2026-10-07,90,L0,C1,06:33,18:10,394,6,"[""2026-10-07:dropoff:1035"",""2026-10-07:dropoff:735"",""2026-10-07:dropoff:855"",""2026-10-07:dropoff:975"",""2026-10-07:pickup:525"",""2026-10-07:pickup:705""]"
2026-10-07,90,L0,C2,07:46,18:31,308,6,"[""2026-10-07:dropoff:1095"",""2026-10-07:dropoff:855"",""2026-10-07:dropoff:975"",""2026-10-07:pickup:525"",""2026-10-07:pickup:705"",""2026-10-07:pickup:765""]"
2026-10-07,90,L0,C3,07:53,19:50,265,4,"[""2026-10-07:dropoff:1095"",""2026-10-07:dropoff:675"",""2026-10-07:dropoff:915"",""2026-10-07:pickup:525""]"
2026-10-07,90,L0,C4,11:16,12:45,89,1,"[""2026-10-07:pickup:765""]"
2026-10-07,90,L0,C5,12:15,13:53,98,1,"[""2026-10-07:dropoff:735""]"
2026-10-07,90,L0,C6,12:34,13:45,71,1,"[""2026-10-07:pickup:825""]"
2026-10-07,90,L1,C1,07:09,18:10,298,5,"[""2026-10-07:dropoff:1035"",""2026-10-07:dropoff:855"",""2026-10-07:pickup:525"",""2026-10-07:pickup:705"",""2026-10-07:pickup:765""]"
2026-10-07,90,L1,C2,11:15,15:52,118,2,"[""2026-10-07:dropoff:675"",""2026-10-07:dropoff:915""]"
2026-10-07,90,L1,C3,11:16,12:45,89,1,"[""2026-10-07:pickup:765""]"
2026-10-07,90,L1,C4,12:34,13:45,71,1,"[""2026-10-07:pickup:825""]"
2026-10-07,90,L2,C1,10:49,15:52,164,3,"[""2026-10-07:dropoff:915"",""2026-10-07:pickup:705"",""2026-10-07:pickup:825""]"
2026-10-07,90,L2,C2,11:15,12:36,81,1,"[""2026-10-07:dropoff:675""]"
2026-10-08,50,L0,C1,07:39,19:27,487,10,"[""2026-10-08:dropoff:1035"",""2026-10-08:dropoff:1095"",""2026-10-08:dropoff:795"",""2026-10-08:dropoff:855"",""2026-10-08:dropoff:915"",""2026-10-08:dropoff:975"",""2026-10-08:pickup:525"",""2026-10-08:pickup:645"",""2026-10-08:pickup:705"",""2026-10-08:pickup:765""]"
2026-10-08,50,L0,C2,07:41,18:21,396,6,"[""2026-10-08:dropoff:1035"",""2026-10-08:dropoff:735"",""2026-10-08:dropoff:915"",""2026-10-08:pickup:525"",""2026-10-08:pickup:705"",""2026-10-08:pickup:885""]"
2026-10-08,50,L0,C3,07:50,17:38,342,5,"[""2026-10-08:dropoff:735"",""2026-10-08:dropoff:855"",""2026-10-08:dropoff:975"",""2026-10-08:pickup:525"",""2026-10-08:pickup:705""]"
2026-10-08,50,L0,C4,07:56,17:41,212,3,"[""2026-10-08:dropoff:975"",""2026-10-08:pickup:525"",""2026-10-08:pickup:765""]"
2026-10-08,50,L0,C5,07:59,13:11,102,2,"[""2026-10-08:dropoff:735"",""2026-10-08:pickup:525""]"
2026-10-08,50,L0,C6,12:39,13:45,66,1,"[""2026-10-08:pickup:825""]"
2026-10-08,50,L1,C1,07:33,17:58,383,7,"[""2026-10-08:dropoff:1035"",""2026-10-08:dropoff:795"",""2026-10-08:dropoff:855"",""2026-10-08:dropoff:915"",""2026-10-08:pickup:525"",""2026-10-08:pickup:705"",""2026-10-08:pickup:765""]"
2026-10-08,50,L1,C2,07:44,18:21,365,6,"[""2026-10-08:dropoff:1035"",""2026-10-08:dropoff:735"",""2026-10-08:dropoff:855"",""2026-10-08:dropoff:975"",""2026-10-08:pickup:525"",""2026-10-08:pickup:705""]"
2026-10-08,50,L1,C3,11:28,17:38,160,2,"[""2026-10-08:dropoff:975"",""2026-10-08:pickup:765""]"
2026-10-08,50,L1,C4,12:39,13:45,66,1,"[""2026-10-08:pickup:825""]"
2026-10-08,50,L2,C1,07:44,17:58,305,6,"[""2026-10-08:dropoff:1035"",""2026-10-08:dropoff:855"",""2026-10-08:dropoff:915"",""2026-10-08:pickup:525"",""2026-10-08:pickup:705"",""2026-10-08:pickup:765""]"
2026-10-08,50,L2,C2,11:15,17:38,168,3,"[""2026-10-08:dropoff:735"",""2026-10-08:dropoff:975"",""2026-10-08:pickup:705""]"
2026-10-08,50,L2,C3,12:39,13:45,66,1,"[""2026-10-08:pickup:825""]"
2026-10-08,60,L0,C1,07:39,19:25,504,9,"[""2026-10-08:dropoff:1035"",""2026-10-08:dropoff:1095"",""2026-10-08:dropoff:795"",""2026-10-08:dropoff:855"",""2026-10-08:dropoff:915"",""2026-10-08:dropoff:975"",""2026-10-08:pickup:525"",""2026-10-08:pickup:645"",""2026-10-08:pickup:765""]"
2026-10-08,60,L0,C2,07:41,18:21,405,6,"[""2026-10-08:dropoff:1035"",""2026-10-08:dropoff:735"",""2026-10-08:dropoff:915"",""2026-10-08:pickup:525"",""2026-10-08:pickup:705"",""2026-10-08:pickup:885""]"
2026-10-08,60,L0,C3,07:50,17:38,347,5,"[""2026-10-08:dropoff:735"",""2026-10-08:dropoff:855"",""2026-10-08:dropoff:975"",""2026-10-08:pickup:525"",""2026-10-08:pickup:705""]"
2026-10-08,60,L0,C4,07:56,17:41,196,3,"[""2026-10-08:dropoff:735"",""2026-10-08:dropoff:975"",""2026-10-08:pickup:525""]"
2026-10-08,60,L0,C5,07:59,13:45,107,2,"[""2026-10-08:pickup:525"",""2026-10-08:pickup:825""]"
2026-10-08,60,L1,C1,07:44,17:58,429,8,"[""2026-10-08:dropoff:1035"",""2026-10-08:dropoff:795"",""2026-10-08:dropoff:855"",""2026-10-08:dropoff:915"",""2026-10-08:dropoff:975"",""2026-10-08:pickup:525"",""2026-10-08:pickup:645"",""2026-10-08:pickup:765""]"
2026-10-08,60,L1,C2,07:45,18:21,329,6,"[""2026-10-08:dropoff:1035"",""2026-10-08:dropoff:735"",""2026-10-08:dropoff:915"",""2026-10-08:pickup:525"",""2026-10-08:pickup:705"",""2026-10-08:pickup:825""]"
2026-10-08,60,L1,C3,13:35,17:38,153,2,"[""2026-10-08:dropoff:975"",""2026-10-08:pickup:885""]"
2026-10-08,60,L2,C1,08:02,16:49,218,5,"[""2026-10-08:dropoff:735"",""2026-10-08:dropoff:975"",""2026-10-08:pickup:525"",""2026-10-08:pickup:705"",""2026-10-08:pickup:825""]"
2026-10-08,60,L2,C2,13:35,17:38,153,2,"[""2026-10-08:dropoff:975"",""2026-10-08:pickup:885""]"
2026-10-08,70,L0,C1,07:35,19:25,543,7,"[""2026-10-08:dropoff:1095"",""2026-10-08:dropoff:795"",""2026-10-08:dropoff:855"",""2026-10-08:dropoff:975"",""2026-10-08:pickup:525"",""2026-10-08:pickup:645"",""2026-10-08:pickup:765""]"
2026-10-08,70,L0,C2,07:41,17:54,392,6,"[""2026-10-08:dropoff:735"",""2026-10-08:dropoff:915"",""2026-10-08:dropoff:975"",""2026-10-08:pickup:525"",""2026-10-08:pickup:705"",""2026-10-08:pickup:885""]"
2026-10-08,70,L0,C3,07:50,17:58,277,5,"[""2026-10-08:dropoff:1035"",""2026-10-08:dropoff:735"",""2026-10-08:dropoff:915"",""2026-10-08:pickup:525"",""2026-10-08:pickup:705""]"
2026-10-08,70,L0,C4,07:59,18:21,173,3,"[""2026-10-08:dropoff:1035"",""2026-10-08:dropoff:735"",""2026-10-08:pickup:525""]"
2026-10-08,70,L0,C5,08:01,13:45,105,2,"[""2026-10-08:pickup:525"",""2026-10-08:pickup:825""]"
2026-10-08,70,L1,C1,07:43,17:38,319,5,"[""2026-10-08:dropoff:915"",""2026-10-08:dropoff:975"",""2026-10-08:pickup:525"",""2026-10-08:pickup:705"",""2026-10-08:pickup:825""]"
2026-10-08,70,L1,C2,07:51,17:58,267,5,"[""2026-10-08:dropoff:1035"",""2026-10-08:dropoff:795"",""2026-10-08:dropoff:915"",""2026-10-08:pickup:525"",""2026-10-08:pickup:705""]"
2026-10-08,70,L1,C3,11:14,18:21,227,3,"[""2026-10-08:dropoff:1035"",""2026-10-08:pickup:765"",""2026-10-08:pickup:885""]"
2026-10-08,70,L2,C1,10:38,17:38,211,3,"[""2026-10-08:dropoff:975"",""2026-10-08:pickup:705"",""2026-10-08:pickup:825""]"
2026-10-08,70,L2,C2,13:15,13:56,41,1,"[""2026-10-08:dropoff:795""]"
2026-10-08,90,L0,C1,07:35,19:25,543,7,"[""2026-10-08:dropoff:1095"",""2026-10-08:dropoff:795"",""2026-10-08:dropoff:855"",""2026-10-08:dropoff:975"",""2026-10-08:pickup:525"",""2026-10-08:pickup:645"",""2026-10-08:pickup:765""]"
2026-10-08,90,L0,C2,07:50,17:54,383,6,"[""2026-10-08:dropoff:735"",""2026-10-08:dropoff:915"",""2026-10-08:dropoff:975"",""2026-10-08:pickup:525"",""2026-10-08:pickup:705"",""2026-10-08:pickup:885""]"
2026-10-08,90,L0,C3,07:51,17:58,276,5,"[""2026-10-08:dropoff:1035"",""2026-10-08:dropoff:735"",""2026-10-08:dropoff:915"",""2026-10-08:pickup:525"",""2026-10-08:pickup:705""]"
2026-10-08,90,L0,C4,07:51,18:21,181,3,"[""2026-10-08:dropoff:1035"",""2026-10-08:dropoff:735"",""2026-10-08:pickup:525""]"
2026-10-08,90,L0,C5,07:59,13:45,107,2,"[""2026-10-08:pickup:525"",""2026-10-08:pickup:825""]"
2026-10-08,90,L1,C1,07:45,17:38,317,5,"[""2026-10-08:dropoff:915"",""2026-10-08:dropoff:975"",""2026-10-08:pickup:525"",""2026-10-08:pickup:705"",""2026-10-08:pickup:825""]"
2026-10-08,90,L1,C2,10:38,17:58,213,4,"[""2026-10-08:dropoff:1035"",""2026-10-08:dropoff:795"",""2026-10-08:dropoff:915"",""2026-10-08:pickup:705""]"
2026-10-08,90,L1,C3,11:14,18:21,227,3,"[""2026-10-08:dropoff:1035"",""2026-10-08:pickup:765"",""2026-10-08:pickup:885""]"
2026-10-08,90,L2,C1,10:38,17:38,211,3,"[""2026-10-08:dropoff:975"",""2026-10-08:pickup:705"",""2026-10-08:pickup:825""]"
2026-10-08,90,L2,C2,13:15,13:56,41,1,"[""2026-10-08:dropoff:795""]"
2026-10-09,50,L0,C1,07:12,18:36,301,5,"[""2026-10-09:dropoff:1095"",""2026-10-09:dropoff:975"",""2026-10-09:pickup:525"",""2026-10-09:pickup:585"",""2026-10-09:pickup:825""]"
2026-10-09,50,L0,C2,07:28,18:02,210,4,"[""2026-10-09:dropoff:1035"",""2026-10-09:dropoff:735"",""2026-10-09:dropoff:795"",""2026-10-09:pickup:525""]"
2026-10-09,50,L0,C3,07:38,18:32,214,3,"[""2026-10-09:dropoff:1035"",""2026-10-09:dropoff:735"",""2026-10-09:pickup:525""]"
2026-10-09,50,L0,C4,07:39,18:34,226,3,"[""2026-10-09:dropoff:1035"",""2026-10-09:dropoff:735"",""2026-10-09:pickup:525""]"
2026-10-09,50,L0,C5,07:42,13:45,119,2,"[""2026-10-09:pickup:525"",""2026-10-09:pickup:825""]"
2026-10-09,50,L0,C6,13:15,14:17,62,1,"[""2026-10-09:dropoff:795""]"
2026-10-09,50,L1,C1,07:07,18:36,266,4,"[""2026-10-09:dropoff:1095"",""2026-10-09:dropoff:975"",""2026-10-09:pickup:525"",""2026-10-09:pickup:825""]"
2026-10-09,50,L1,C2,07:16,18:02,206,3,"[""2026-10-09:dropoff:1035"",""2026-10-09:dropoff:735"",""2026-10-09:pickup:525""]"
2026-10-09,50,L1,C3,07:38,18:32,225,3,"[""2026-10-09:dropoff:1035"",""2026-10-09:dropoff:735"",""2026-10-09:pickup:525""]"
2026-10-09,50,L1,C4,12:49,13:45,56,1,"[""2026-10-09:pickup:825""]"
2026-10-09,50,L1,C5,13:15,13:55,40,1,"[""2026-10-09:dropoff:795""]"
2026-10-09,50,L2,C1,07:16,18:36,232,4,"[""2026-10-09:dropoff:1095"",""2026-10-09:dropoff:735"",""2026-10-09:dropoff:975"",""2026-10-09:pickup:525""]"
2026-10-09,50,L2,C2,07:38,18:02,195,3,"[""2026-10-09:dropoff:1035"",""2026-10-09:dropoff:735"",""2026-10-09:pickup:525""]"
2026-10-09,50,L2,C3,12:49,13:45,56,1,"[""2026-10-09:pickup:825""]"
2026-10-09,50,L2,C4,13:15,13:55,40,1,"[""2026-10-09:dropoff:795""]"
2026-10-09,60,L0,C1,07:07,18:36,310,5,"[""2026-10-09:dropoff:1095"",""2026-10-09:dropoff:975"",""2026-10-09:pickup:525"",""2026-10-09:pickup:585"",""2026-10-09:pickup:825""]"
2026-10-09,60,L0,C2,07:28,17:28,153,4,"[""2026-10-09:dropoff:1035"",""2026-10-09:dropoff:735"",""2026-10-09:pickup:525"",""2026-10-09:pickup:825""]"
2026-10-09,60,L0,C3,07:38,18:46,222,3,"[""2026-10-09:dropoff:1035"",""2026-10-09:dropoff:735"",""2026-10-09:pickup:525""]"
2026-10-09,60,L0,C4,07:48,18:52,247,3,"[""2026-10-09:dropoff:1035"",""2026-10-09:dropoff:735"",""2026-10-09:pickup:525""]"
2026-10-09,60,L0,C5,07:49,14:09,110,2,"[""2026-10-09:dropoff:795"",""2026-10-09:pickup:525""]"
2026-10-09,60,L0,C6,13:15,14:17,62,1,"[""2026-10-09:dropoff:795""]"
2026-10-09,60,L1,C1,07:12,18:36,265,4,"[""2026-10-09:dropoff:1095"",""2026-10-09:dropoff:975"",""2026-10-09:pickup:525"",""2026-10-09:pickup:825""]"
2026-10-09,60,L1,C2,07:28,17:28,154,3,"[""2026-10-09:dropoff:1035"",""2026-10-09:dropoff:735"",""2026-10-09:pickup:525""]"
2026-10-09,60,L1,C3,07:40,18:46,249,3,"[""2026-10-09:dropoff:1035"",""2026-10-09:dropoff:735"",""2026-10-09:pickup:525""]"
2026-10-09,60,L1,C4,13:02,13:45,43,1,"[""2026-10-09:pickup:825""]"
2026-10-09,60,L2,C1,07:14,18:36,228,4,"[""2026-10-09:dropoff:1095"",""2026-10-09:dropoff:735"",""2026-10-09:dropoff:975"",""2026-10-09:pickup:525""]"
2026-10-09,60,L2,C2,07:59,17:28,152,3,"[""2026-10-09:dropoff:1035"",""2026-10-09:dropoff:735"",""2026-10-09:pickup:525""]"
2026-10-09,60,L2,C3,13:02,13:45,43,1,"[""2026-10-09:pickup:825""]"
2026-10-09,70,L0,C1,06:46,18:36,342,5,"[""2026-10-09:dropoff:1095"",""2026-10-09:dropoff:975"",""2026-10-09:pickup:525"",""2026-10-09:pickup:585"",""2026-10-09:pickup:825""]"
2026-10-09,70,L0,C2,07:16,18:34,243,4,"[""2026-10-09:dropoff:1035"",""2026-10-09:dropoff:735"",""2026-10-09:dropoff:795"",""2026-10-09:pickup:525""]"
2026-10-09,70,L0,C3,07:36,18:54,232,3,"[""2026-10-09:dropoff:1035"",""2026-10-09:dropoff:735"",""2026-10-09:pickup:525""]"
2026-10-09,70,L0,C4,07:36,13:47,161,2,"[""2026-10-09:dropoff:735"",""2026-10-09:pickup:525""]"
2026-10-09,70,L0,C5,13:15,14:17,62,1,"[""2026-10-09:dropoff:795""]"
2026-10-09,70,L0,C6,13:16,13:45,29,1,"[""2026-10-09:pickup:825""]"
2026-10-09,70,L1,C1,07:16,18:36,272,4,"[""2026-10-09:dropoff:1095"",""2026-10-09:dropoff:975"",""2026-10-09:pickup:525"",""2026-10-09:pickup:825""]"
2026-10-09,70,L1,C2,07:36,18:34,212,3,"[""2026-10-09:dropoff:1035"",""2026-10-09:dropoff:735"",""2026-10-09:pickup:525""]"
2026-10-09,70,L1,C3,07:36,13:47,161,2,"[""2026-10-09:dropoff:735"",""2026-10-09:pickup:525""]"
2026-10-09,70,L1,C4,13:16,13:45,29,1,"[""2026-10-09:pickup:825""]"
2026-10-09,70,L2,C1,07:07,18:36,235,4,"[""2026-10-09:dropoff:1095"",""2026-10-09:dropoff:735"",""2026-10-09:dropoff:975"",""2026-10-09:pickup:525""]"
2026-10-09,70,L2,C2,12:15,13:47,92,1,"[""2026-10-09:dropoff:735""]"
2026-10-09,70,L2,C3,13:16,13:45,29,1,"[""2026-10-09:pickup:825""]"
2026-10-09,90,L0,C1,06:53,18:36,331,5,"[""2026-10-09:dropoff:1095"",""2026-10-09:dropoff:975"",""2026-10-09:pickup:525"",""2026-10-09:pickup:585"",""2026-10-09:pickup:825""]"
2026-10-09,90,L0,C2,07:28,18:34,231,4,"[""2026-10-09:dropoff:1035"",""2026-10-09:dropoff:735"",""2026-10-09:dropoff:795"",""2026-10-09:pickup:525""]"
2026-10-09,90,L0,C3,07:31,18:53,236,3,"[""2026-10-09:dropoff:1035"",""2026-10-09:dropoff:735"",""2026-10-09:pickup:525""]"
2026-10-09,90,L0,C4,07:41,13:43,152,2,"[""2026-10-09:dropoff:735"",""2026-10-09:pickup:525""]"
2026-10-09,90,L0,C5,13:15,14:17,62,1,"[""2026-10-09:dropoff:795""]"
2026-10-09,90,L0,C6,13:16,13:45,29,1,"[""2026-10-09:pickup:825""]"
2026-10-09,90,L1,C1,06:59,18:36,285,4,"[""2026-10-09:dropoff:1095"",""2026-10-09:dropoff:975"",""2026-10-09:pickup:525"",""2026-10-09:pickup:825""]"
2026-10-09,90,L1,C2,07:09,18:32,283,3,"[""2026-10-09:dropoff:1035"",""2026-10-09:dropoff:735"",""2026-10-09:pickup:525""]"
2026-10-09,90,L1,C3,13:16,13:45,29,1,"[""2026-10-09:pickup:825""]"
2026-10-09,90,L2,C1,07:28,18:36,260,4,"[""2026-10-09:dropoff:1095"",""2026-10-09:dropoff:735"",""2026-10-09:dropoff:975"",""2026-10-09:pickup:525""]"
