date,weekday,ride_limit,tour_limit,students,legs,waves,routes,vehicles_required,vehicle_count_proven,capacity_floor,floor_gap,max_ride_min,mean_ride_min,total_vehicle_minutes,status,reason_codes,repeat_index,is_empty_day
2026-10-05,monday,50,150,27,54,12,26,6,true,2,4,50,28.314815,1600,preview_ready,"[""ADMISSION_ASSUMED"",""LEG_DECISIONS_UNAVAILABLE""]",1,false
2026-10-05,monday,60,150,27,54,12,21,5,true,2,3,60,31.851852,1475,preview_ready,"[""ADMISSION_ASSUMED"",""LEG_DECISIONS_UNAVAILABLE""]",1,false
2026-10-05,monday,70,150,27,54,12,17,4,true,2,2,70,35.555556,1357,preview_ready,"[""ADMISSION_ASSUMED"",""LEG_DECISIONS_UNAVAILABLE""]",1,false
2026-10-05,monday,90,150,27,54,12,16,3,true,2,1,89,41.537037,1304,preview_ready,"[""ADMISSION_ASSUMED"",""LEG_DECISIONS_UNAVAILABLE""]",1,false
2026-10-06,tuesday,50,150,21,42,13,22,5,true,1,4,50,26.595238,1334,preview_ready,"[""ADMISSION_ASSUMED"",""LEG_DECISIONS_UNAVAILABLE""]",1,false
2026-10-06,tuesday,60,150,21,42,13,20,4,true,1,3,58,29.238095,1307,preview_ready,"[""ADMISSION_ASSUMED"",""LEG_DECISIONS_UNAVAILABLE""]",1,false
2026-10-06,tuesday,70,150,21,42,13,18,4,true,1,3,67,31.761905,1237,preview_ready,"[""ADMISSION_ASSUMED"",""LEG_DECISIONS_UNAVAILABLE""]",1,false
2026-10-06,tuesday,90,150,21,42,13,14,3,true,1,2,88,42.904762,1164,preview_ready,"[""ADMISSION_ASSUMED"",""LEG_DECISIONS_UNAVAILABLE""]",1,false
2026-10-07,wednesday,50,150,23,46,11,20,6,true,1,5,50,28.891304,1302,preview_ready,"[""ADMISSION_ASSUMED"",""LEG_DECISIONS_UNAVAILABLE""]",1,false
2026-10-07,wednesday,60,150,23,46,11,18,6,true,1,5,60,30.76087,1254,preview_ready,"[""ADMISSION_ASSUMED"",""LEG_DECISIONS_UNAVAILABLE""]",1,false
2026-10-07,wednesday,70,150,23,46,11,18,6,true,1,5,69,34.652174,1209,preview_ready,"[""ADMISSION_ASSUMED"",""LEG_DECISIONS_UNAVAILABLE""]",1,false
2026-10-07,wednesday,90,150,23,46,11,14,4,true,1,3,88,42.23913,1139,preview_ready,"[""ADMISSION_ASSUMED"",""LEG_DECISIONS_UNAVAILABLE""]",1,false
2026-10-08,thursday,50,150,23,46,13,24,5,true,2,3,50,28.043478,1494,preview_ready,"[""ADMISSION_ASSUMED"",""LEG_DECISIONS_UNAVAILABLE""]",1,false
2026-10-08,thursday,60,150,23,46,13,20,4,true,2,2,60,31.978261,1387,preview_ready,"[""ADMISSION_ASSUMED"",""LEG_DECISIONS_UNAVAILABLE""]",1,false
2026-10-08,thursday,70,150,23,46,13,16,4,true,2,2,69,38.217391,1294,preview_ready,"[""ADMISSION_ASSUMED"",""LEG_DECISIONS_UNAVAILABLE""]",1,false
2026-10-08,thursday,90,150,23,46,13,16,4,true,2,2,81,39.304348,1286,preview_ready,"[""ADMISSION_ASSUMED"",""LEG_DECISIONS_UNAVAILABLE""]",1,false
2026-10-09,friday,50,150,19,38,8,17,6,true,1,5,50,29.078947,1092,preview_ready,"[""ADMISSION_ASSUMED"",""LEG_DECISIONS_UNAVAILABLE""]",1,false
2026-10-09,friday,60,150,19,38,8,15,5,true,1,4,60,31.263158,1029,preview_ready,"[""ADMISSION_ASSUMED"",""LEG_DECISIONS_UNAVAILABLE""]",1,false
2026-10-09,friday,70,150,19,38,8,14,5,true,1,4,68,32.157895,970,preview_ready,"[""ADMISSION_ASSUMED"",""LEG_DECISIONS_UNAVAILABLE""]",1,false
2026-10-09,friday,90,150,19,38,8,12,4,true,1,3,85,43.105263,937,preview_ready,"[""ADMISSION_ASSUMED"",""LEG_DECISIONS_UNAVAILABLE""]",1,false
