week_of,ride_limit,scenario,large_limit,weekly_cars,weekly_large_vehicles,monday_cars,tuesday_cars,wednesday_cars,thursday_cars,friday_cars,cars_day_sum,complete_week,all_proven,infeasible_days,large_vehicle_minutes,car_vehicle_minutes,total_vehicle_minutes,ride_passengers,ride_mean,ride_max
2026-10-05,50,L0,0,8,0,8,6,6,6,6,32,true,true,0,0,7134,7134,226,27.367257,50
2026-10-05,50,L1,1,6,1,6,4,5,4,5,24,true,true,0,2284,4706,6990,226,27.938053,50
2026-10-05,50,L2,2,5,2,5,3,4,3,4,19,true,true,0,4028,2853,6881,226,27.915929,50
2026-10-05,60,L0,0,7,0,7,5,6,5,6,29,true,true,0,0,6991,6991,226,28.358407,60
2026-10-05,60,L1,1,5,1,5,3,5,3,4,20,true,true,0,2324,4295,6619,226,30.331858,60
2026-10-05,60,L2,2,4,2,3,2,4,2,3,14,true,true,0,4275,2180,6455,226,30.884956,60
2026-10-05,70,L0,0,7,0,7,5,6,5,6,29,true,true,0,0,6772,6772,226,30.588495,69
2026-10-05,70,L1,1,5,1,4,3,5,3,4,19,true,true,0,2465,3775,6240,226,33.424779,70
2026-10-05,70,L2,2,4,2,3,2,4,2,3,14,true,true,0,4537,1541,6078,226,33.79646,70
2026-10-05,90,L0,0,7,0,7,5,6,5,6,29,true,true,0,0,6681,6681,226,33.371681,88
2026-10-05,90,L1,1,4,1,4,3,4,3,4,18,true,true,0,2601,3508,6109,226,39.548673,89
2026-10-05,90,L2,2,2,2,2,1,2,2,2,9,true,true,0,4585,1310,5895,226,40.384956,89
