scope,date,ride_limit,large_L,cars_C,proven,large_vehicle_minutes,car_vehicle_minutes,all_large_vehicles
day,2026-10-05,50,4,2,yes,975,625,6
day,2026-10-05,50,5,1,yes,1211,389,6
day,2026-10-05,50,6,0,yes,1600,0,6
day,2026-10-06,50,3,2,yes,849,485,5
day,2026-10-06,50,4,1,yes,989,345,5
day,2026-10-06,50,5,0,yes,1334,0,5
day,2026-10-07,50,4,2,yes,816,486,6
day,2026-10-07,50,5,1,yes,978,324,6
day,2026-10-07,50,6,0,yes,1302,0,6
day,2026-10-08,50,3,2,yes,852,642,5
day,2026-10-08,50,4,1,yes,1176,318,5
day,2026-10-08,50,5,0,yes,1494,0,5
day,2026-10-09,50,3,3,yes,507,585,6
day,2026-10-09,50,4,2,yes,667,425,6
day,2026-10-09,50,5,1,yes,786,306,6
day,2026-10-09,50,6,0,yes,1092,0,6
day,2026-10-05,60,4,1,yes,1055,420,5
day,2026-10-05,60,5,0,yes,1475,0,5
day,2026-10-06,60,3,1,yes,942,365,4
day,2026-10-06,60,4,0,yes,1307,0,4
day,2026-10-07,60,4,2,yes,808,444,6
day,2026-10-07,60,5,1,yes,926,326,6
day,2026-10-07,60,6,0,yes,1252,0,6
day,2026-10-08,60,3,1,yes,1037,350,4
day,2026-10-08,60,4,0,yes,1387,0,4
day,2026-10-09,60,3,2,yes,619,410,5
day,2026-10-09,60,4,1,yes,724,305,5
day,2026-10-09,60,5,0,yes,1029,0,5
day,2026-10-05,70,3,1,yes,980,375,4
day,2026-10-05,70,4,0,yes,1355,0,4
day,2026-10-06,70,3,1,yes,917,320,4
day,2026-10-06,70,4,0,yes,1237,0,4
day,2026-10-07,70,4,2,yes,899,310,6
day,2026-10-07,70,5,1,yes,1017,192,6
day,2026-10-07,70,6,0,yes,1209,0,6
day,2026-10-08,70,3,1,yes,892,402,4
day,2026-10-08,70,4,0,yes,1294,0,4
day,2026-10-09,70,2,3,yes,437,521,5
day,2026-10-09,70,3,2,yes,466,492,5
day,2026-10-09,70,4,1,yes,637,321,5
day,2026-10-09,70,5,0,yes,958,0,5
day,2026-10-05,90,4,0,yes,1338,0,4
day,2026-10-06,90,3,0,yes,1164,0,3
day,2026-10-07,90,3,1,yes,873,268,4
day,2026-10-07,90,4,0,yes,1141,0,4
day,2026-10-08,90,3,1,yes,884,402,4
day,2026-10-08,90,4,0,yes,1286,0,4
day,2026-10-09,90,3,1,yes,732,201,4
day,2026-10-09,90,4,0,yes,933,0,4
week,,50,4,2,yes,,,6
week,,50,5,1,yes,,,6
week,,50,6,0,yes,,,6
week,,60,4,2,yes,,,6
week,,60,5,1,yes,,,6
week,,60,6,0,yes,,,6
week,,70,4,2,yes,,,6
week,,70,5,1,yes,,,6
week,,70,6,0,yes,,,6
week,,90,4,0,yes,,,4
