date,ride_limit,routes,sw_only,so_only,mixed,car_eligible,car_eligible_share,so_load_distribution_on_so_only_routes
2026-10-05,50,26,4,13,9,13,0.500,1:6;2:5;3:1;4:1
2026-10-06,50,22,4,11,7,11,0.500,1:5;2:6
2026-10-07,50,20,2,7,11,7,0.350,1:2;2:2;3:3
2026-10-08,50,24,6,11,7,11,0.458,1:3;2:8
2026-10-09,50,17,1,11,5,11,0.647,1:4;2:5;3:2
2026-10-05,60,21,2,10,9,9,0.429,1:4;2:4;3:1;5:1
2026-10-06,60,20,4,9,7,9,0.450,1:3;2:5;3:1
2026-10-07,60,18,1,6,11,6,0.333,1:2;2:1;3:3
2026-10-08,60,20,0,11,9,11,0.550,1:3;2:8
2026-10-09,60,15,1,9,5,9,0.600,1:4;2:3;3:2
2026-10-05,70,17,0,7,10,7,0.412,1:2;2:5
2026-10-06,70,18,2,9,7,9,0.500,1:3;2:4;3:2
2026-10-07,70,18,4,6,8,5,0.278,1:3;2:2;5:1
2026-10-08,70,16,0,7,9,7,0.438,2:6;3:1
2026-10-09,70,13,0,8,5,8,0.615,1:3;2:2;3:3
2026-10-05,90,17,1,7,9,6,0.353,1:2;2:3;3:1;5:1
2026-10-06,90,14,2,5,7,5,0.357,1:3;3:2
2026-10-07,90,14,1,5,8,5,0.357,1:2;4:3
2026-10-08,90,16,0,7,9,7,0.438,2:6;3:1
2026-10-09,90,12,1,7,4,5,0.417,1:3;3:1;4:1;5:2
