option_id,date,weekday,clock_hour,max_concurrent_borrowed_in_use
R50_minibus+sedan_L3,2026-10-05,Mon,07:00,4
R50_minibus+sedan_L3,2026-10-05,Mon,08:00,4
R50_minibus+sedan_L3,2026-10-05,Mon,11:00,1
R50_minibus+sedan_L3,2026-10-05,Mon,12:00,2
R50_minibus+sedan_L3,2026-10-05,Mon,13:00,1
R50_minibus+sedan_L3,2026-10-05,Mon,15:00,2
R50_minibus+sedan_L3,2026-10-05,Mon,16:00,2
R50_minibus+sedan_L3,2026-10-05,Mon,17:00,1
R50_minibus+sedan_L3,2026-10-05,Mon,18:00,1
R50_minibus+sedan_L3,2026-10-06,Tue,07:00,1
R50_minibus+sedan_L3,2026-10-06,Tue,08:00,2
R50_minibus+sedan_L3,2026-10-06,Tue,12:00,2
R50_minibus+sedan_L3,2026-10-06,Tue,13:00,1
R50_minibus+sedan_L3,2026-10-06,Tue,17:00,1
R50_minibus+sedan_L3,2026-10-06,Tue,18:00,1
R50_minibus+sedan_L3,2026-10-07,Wed,07:00,1
R50_minibus+sedan_L3,2026-10-07,Wed,08:00,1
R50_minibus+sedan_L3,2026-10-07,Wed,11:00,3
R50_minibus+sedan_L3,2026-10-07,Wed,12:00,4
R50_minibus+sedan_L3,2026-10-07,Wed,13:00,1
R50_minibus+sedan_L3,2026-10-08,Thu,10:00,1
R50_minibus+sedan_L3,2026-10-08,Thu,11:00,1
R50_minibus+sedan_L3,2026-10-08,Thu,12:00,2
R50_minibus+sedan_L3,2026-10-08,Thu,13:00,1
R50_minibus+sedan_L3,2026-10-08,Thu,16:00,1
R50_minibus+sedan_L3,2026-10-08,Thu,17:00,1
R50_minibus+sedan_L3,2026-10-09,Fri,07:00,1
R50_minibus+sedan_L3,2026-10-09,Fri,08:00,1
R50_minibus+sedan_L3,2026-10-09,Fri,12:00,2
R50_minibus+sedan_L3,2026-10-09,Fri,13:00,3
R50_minibus+sedan_L3,2026-10-09,Fri,14:00,1
R50_minibus+sedan_L3,2026-10-09,Fri,17:00,1
R50_minibus+sedan_L3,2026-10-09,Fri,18:00,1
R50_minibus+sedan_L4,2026-10-05,Mon,07:00,1
R50_minibus+sedan_L4,2026-10-05,Mon,08:00,2
R50_minibus+sedan_L4,2026-10-05,Mon,12:00,1
R50_minibus+sedan_L4,2026-10-05,Mon,15:00,1
R50_minibus+sedan_L4,2026-10-05,Mon,16:00,1
R50_minibus+sedan_L4,2026-10-06,Tue,08:00,1
R50_minibus+sedan_L4,2026-10-06,Tue,12:00,1
R50_minibus+sedan_L4,2026-10-07,Wed,11:00,1
R50_minibus+sedan_L4,2026-10-07,Wed,12:00,2
R50_minibus+sedan_L4,2026-10-07,Wed,13:00,1
R50_minibus+sedan_L4,2026-10-08,Thu,12:00,1
R50_minibus+sedan_L4,2026-10-09,Fri,12:00,1
R50_minibus+sedan_L4,2026-10-09,Fri,13:00,2
R50_minibus+sedan_L4,2026-10-09,Fri,14:00,1
R50_minibus+minivan_L0,2026-10-05,Mon,07:00,6
R50_minibus+minivan_L0,2026-10-05,Mon,08:00,7
R50_minibus+minivan_L0,2026-10-05,Mon,10:00,2
R50_minibus+minivan_L0,2026-10-05,Mon,11:00,5
R50_minibus+minivan_L0,2026-10-05,Mon,12:00,5
R50_minibus+minivan_L0,2026-10-05,Mon,13:00,4
R50_minibus+minivan_L0,2026-10-05,Mon,14:00,3
R50_minibus+minivan_L0,2026-10-05,Mon,15:00,4
R50_minibus+minivan_L0,2026-10-05,Mon,16:00,6
R50_minibus+minivan_L0,2026-10-05,Mon,17:00,4
R50_minibus+minivan_L0,2026-10-05,Mon,18:00,2
R50_minibus+minivan_L0,2026-10-05,Mon,19:00,1
R50_minibus+minivan_L0,2026-10-06,Tue,07:00,4
R50_minibus+minivan_L0,2026-10-06,Tue,08:00,5
R50_minibus+minivan_L0,2026-10-06,Tue,09:00,1
R50_minibus+minivan_L0,2026-10-06,Tue,10:00,2
R50_minibus+minivan_L0,2026-10-06,Tue,11:00,3
R50_minibus+minivan_L0,2026-10-06,Tue,12:00,5
R50_minibus+minivan_L0,2026-10-06,Tue,13:00,4
R50_minibus+minivan_L0,2026-10-06,Tue,14:00,3
R50_minibus+minivan_L0,2026-10-06,Tue,15:00,1
R50_minibus+minivan_L0,2026-10-06,Tue,16:00,2
R50_minibus+minivan_L0,2026-10-06,Tue,17:00,4
R50_minibus+minivan_L0,2026-10-06,Tue,18:00,4
R50_minibus+minivan_L0,2026-10-06,Tue,19:00,2
R50_minibus+minivan_L0,2026-10-07,Wed,07:00,4
R50_minibus+minivan_L0,2026-10-07,Wed,08:00,4
R50_minibus+minivan_L0,2026-10-07,Wed,10:00,2
R50_minibus+minivan_L0,2026-10-07,Wed,11:00,5
R50_minibus+minivan_L0,2026-10-07,Wed,12:00,6
R50_minibus+minivan_L0,2026-10-07,Wed,13:00,3
R50_minibus+minivan_L0,2026-10-07,Wed,14:00,3
R50_minibus+minivan_L0,2026-10-07,Wed,15:00,3
R50_minibus+minivan_L0,2026-10-07,Wed,16:00,2
R50_minibus+minivan_L0,2026-10-07,Wed,17:00,2
R50_minibus+minivan_L0,2026-10-07,Wed,18:00,3
R50_minibus+minivan_L0,2026-10-07,Wed,19:00,2
R50_minibus+minivan_L0,2026-10-08,Thu,07:00,5
R50_minibus+minivan_L0,2026-10-08,Thu,08:00,5
R50_minibus+minivan_L0,2026-10-08,Thu,09:00,1
R50_minibus+minivan_L0,2026-10-08,Thu,10:00,3
R50_minibus+minivan_L0,2026-10-08,Thu,11:00,4
R50_minibus+minivan_L0,2026-10-08,Thu,12:00,6
R50_minibus+minivan_L0,2026-10-08,Thu,13:00,4
R50_minibus+minivan_L0,2026-10-08,Thu,14:00,3
R50_minibus+minivan_L0,2026-10-08,Thu,15:00,3
R50_minibus+minivan_L0,2026-10-08,Thu,16:00,4
R50_minibus+minivan_L0,2026-10-08,Thu,17:00,4
R50_minibus+minivan_L0,2026-10-08,Thu,18:00,2
R50_minibus+minivan_L0,2026-10-08,Thu,19:00,1
R50_minibus+minivan_L0,2026-10-09,Fri,07:00,5
R50_minibus+minivan_L0,2026-10-09,Fri,08:00,5
R50_minibus+minivan_L0,2026-10-09,Fri,09:00,1
R50_minibus+minivan_L0,2026-10-09,Fri,12:00,5
R50_minibus+minivan_L0,2026-10-09,Fri,13:00,6
R50_minibus+minivan_L0,2026-10-09,Fri,14:00,2
R50_minibus+minivan_L0,2026-10-09,Fri,16:00,1
R50_minibus+minivan_L0,2026-10-09,Fri,17:00,4
R50_minibus+minivan_L0,2026-10-09,Fri,18:00,3
R50_minibus+minivan_L1,2026-10-05,Mon,07:00,5
R50_minibus+minivan_L1,2026-10-05,Mon,08:00,6
R50_minibus+minivan_L1,2026-10-05,Mon,10:00,1
R50_minibus+minivan_L1,2026-10-05,Mon,11:00,4
R50_minibus+minivan_L1,2026-10-05,Mon,12:00,4
R50_minibus+minivan_L1,2026-10-05,Mon,13:00,3
R50_minibus+minivan_L1,2026-10-05,Mon,14:00,2
R50_minibus+minivan_L1,2026-10-05,Mon,15:00,3
R50_minibus+minivan_L1,2026-10-05,Mon,16:00,5
R50_minibus+minivan_L1,2026-10-05,Mon,17:00,3
R50_minibus+minivan_L1,2026-10-05,Mon,18:00,1
R50_minibus+minivan_L1,2026-10-06,Tue,07:00,3
R50_minibus+minivan_L1,2026-10-06,Tue,08:00,4
R50_minibus+minivan_L1,2026-10-06,Tue,09:00,1
R50_minibus+minivan_L1,2026-10-06,Tue,10:00,1
R50_minibus+minivan_L1,2026-10-06,Tue,11:00,2
R50_minibus+minivan_L1,2026-10-06,Tue,12:00,4
R50_minibus+minivan_L1,2026-10-06,Tue,13:00,3
R50_minibus+minivan_L1,2026-10-06,Tue,14:00,2
R50_minibus+minivan_L1,2026-10-06,Tue,16:00,1
R50_minibus+minivan_L1,2026-10-06,Tue,17:00,3
R50_minibus+minivan_L1,2026-10-06,Tue,18:00,3
R50_minibus+minivan_L1,2026-10-06,Tue,19:00,1
R50_minibus+minivan_L1,2026-10-07,Wed,07:00,3
R50_minibus+minivan_L1,2026-10-07,Wed,08:00,3
R50_minibus+minivan_L1,2026-10-07,Wed,10:00,1
R50_minibus+minivan_L1,2026-10-07,Wed,11:00,4
R50_minibus+minivan_L1,2026-10-07,Wed,12:00,5
R50_minibus+minivan_L1,2026-10-07,Wed,13:00,2
R50_minibus+minivan_L1,2026-10-07,Wed,14:00,2
R50_minibus+minivan_L1,2026-10-07,Wed,15:00,2
R50_minibus+minivan_L1,2026-10-07,Wed,16:00,1
R50_minibus+minivan_L1,2026-10-07,Wed,17:00,1
R50_minibus+minivan_L1,2026-10-07,Wed,18:00,2
R50_minibus+minivan_L1,2026-10-07,Wed,19:00,1
R50_minibus+minivan_L1,2026-10-08,Thu,07:00,2
R50_minibus+minivan_L1,2026-10-08,Thu,08:00,2
R50_minibus+minivan_L1,2026-10-08,Thu,10:00,2
R50_minibus+minivan_L1,2026-10-08,Thu,11:00,3
R50_minibus+minivan_L1,2026-10-08,Thu,12:00,4
R50_minibus+minivan_L1,2026-10-08,Thu,13:00,3
R50_minibus+minivan_L1,2026-10-08,Thu,14:00,2
R50_minibus+minivan_L1,2026-10-08,Thu,15:00,2
R50_minibus+minivan_L1,2026-10-08,Thu,16:00,3
R50_minibus+minivan_L1,2026-10-08,Thu,17:00,3
R50_minibus+minivan_L1,2026-10-08,Thu,18:00,2
R50_minibus+minivan_L1,2026-10-09,Fri,07:00,3
R50_minibus+minivan_L1,2026-10-09,Fri,08:00,3
R50_minibus+minivan_L1,2026-10-09,Fri,12:00,4
R50_minibus+minivan_L1,2026-10-09,Fri,13:00,5
R50_minibus+minivan_L1,2026-10-09,Fri,14:00,1
R50_minibus+minivan_L1,2026-10-09,Fri,16:00,1
R50_minibus+minivan_L1,2026-10-09,Fri,17:00,3
R50_minibus+minivan_L1,2026-10-09,Fri,18:00,2
R50_minibus+minivan_L2,2026-10-05,Mon,07:00,4
R50_minibus+minivan_L2,2026-10-05,Mon,08:00,5
R50_minibus+minivan_L2,2026-10-05,Mon,10:00,1
R50_minibus+minivan_L2,2026-10-05,Mon,11:00,2
R50_minibus+minivan_L2,2026-10-05,Mon,12:00,3
R50_minibus+minivan_L2,2026-10-05,Mon,13:00,2
R50_minibus+minivan_L2,2026-10-05,Mon,14:00,1
R50_minibus+minivan_L2,2026-10-05,Mon,15:00,2
R50_minibus+minivan_L2,2026-10-05,Mon,16:00,4
R50_minibus+minivan_L2,2026-10-05,Mon,17:00,2
R50_minibus+minivan_L2,2026-10-06,Tue,07:00,1
R50_minibus+minivan_L2,2026-10-06,Tue,08:00,3
R50_minibus+minivan_L2,2026-10-06,Tue,09:00,1
R50_minibus+minivan_L2,2026-10-06,Tue,11:00,1
R50_minibus+minivan_L2,2026-10-06,Tue,12:00,3
R50_minibus+minivan_L2,2026-10-06,Tue,13:00,2
R50_minibus+minivan_L2,2026-10-06,Tue,14:00,1
R50_minibus+minivan_L2,2026-10-06,Tue,17:00,2
R50_minibus+minivan_L2,2026-10-06,Tue,18:00,1
R50_minibus+minivan_L2,2026-10-07,Wed,07:00,1
R50_minibus+minivan_L2,2026-10-07,Wed,08:00,2
R50_minibus+minivan_L2,2026-10-07,Wed,11:00,3
R50_minibus+minivan_L2,2026-10-07,Wed,12:00,4
R50_minibus+minivan_L2,2026-10-07,Wed,13:00,1
R50_minibus+minivan_L2,2026-10-07,Wed,14:00,1
R50_minibus+minivan_L2,2026-10-07,Wed,15:00,1
R50_minibus+minivan_L2,2026-10-07,Wed,17:00,1
R50_minibus+minivan_L2,2026-10-07,Wed,18:00,1
R50_minibus+minivan_L2,2026-10-08,Thu,07:00,1
R50_minibus+minivan_L2,2026-10-08,Thu,08:00,1
R50_minibus+minivan_L2,2026-10-08,Thu,10:00,1
R50_minibus+minivan_L2,2026-10-08,Thu,11:00,2
R50_minibus+minivan_L2,2026-10-08,Thu,12:00,3
R50_minibus+minivan_L2,2026-10-08,Thu,13:00,2
R50_minibus+minivan_L2,2026-10-08,Thu,14:00,1
R50_minibus+minivan_L2,2026-10-08,Thu,15:00,1
R50_minibus+minivan_L2,2026-10-08,Thu,16:00,2
R50_minibus+minivan_L2,2026-10-08,Thu,17:00,2
R50_minibus+minivan_L2,2026-10-08,Thu,18:00,1
R50_minibus+minivan_L2,2026-10-09,Fri,07:00,2
R50_minibus+minivan_L2,2026-10-09,Fri,08:00,2
R50_minibus+minivan_L2,2026-10-09,Fri,12:00,3
R50_minibus+minivan_L2,2026-10-09,Fri,13:00,4
R50_minibus+minivan_L2,2026-10-09,Fri,14:00,1
R50_minibus+minivan_L2,2026-10-09,Fri,16:00,1
R50_minibus+minivan_L2,2026-10-09,Fri,17:00,2
R50_minibus+minivan_L2,2026-10-09,Fri,18:00,1
R50_hybrid_L2,2026-10-05,Mon,07:00,4
R50_hybrid_L2,2026-10-05,Mon,08:00,5
R50_hybrid_L2,2026-10-05,Mon,10:00,1
R50_hybrid_L2,2026-10-05,Mon,11:00,2
R50_hybrid_L2,2026-10-05,Mon,12:00,3
R50_hybrid_L2,2026-10-05,Mon,13:00,2
R50_hybrid_L2,2026-10-05,Mon,14:00,1
R50_hybrid_L2,2026-10-05,Mon,15:00,2
R50_hybrid_L2,2026-10-05,Mon,16:00,4
R50_hybrid_L2,2026-10-05,Mon,17:00,2
R50_hybrid_L2,2026-10-06,Tue,07:00,3
R50_hybrid_L2,2026-10-06,Tue,08:00,3
R50_hybrid_L2,2026-10-06,Tue,11:00,1
R50_hybrid_L2,2026-10-06,Tue,12:00,3
R50_hybrid_L2,2026-10-06,Tue,13:00,2
R50_hybrid_L2,2026-10-06,Tue,14:00,1
R50_hybrid_L2,2026-10-06,Tue,16:00,1
R50_hybrid_L2,2026-10-06,Tue,17:00,2
R50_hybrid_L2,2026-10-06,Tue,18:00,1
R50_hybrid_L2,2026-10-07,Wed,07:00,1
R50_hybrid_L2,2026-10-07,Wed,08:00,2
R50_hybrid_L2,2026-10-07,Wed,11:00,3
R50_hybrid_L2,2026-10-07,Wed,12:00,4
R50_hybrid_L2,2026-10-07,Wed,13:00,1
R50_hybrid_L2,2026-10-07,Wed,14:00,1
R50_hybrid_L2,2026-10-07,Wed,15:00,1
R50_hybrid_L2,2026-10-07,Wed,17:00,1
R50_hybrid_L2,2026-10-07,Wed,18:00,1
R50_hybrid_L2,2026-10-08,Thu,07:00,1
R50_hybrid_L2,2026-10-08,Thu,08:00,1
R50_hybrid_L2,2026-10-08,Thu,10:00,1
R50_hybrid_L2,2026-10-08,Thu,11:00,2
R50_hybrid_L2,2026-10-08,Thu,12:00,3
R50_hybrid_L2,2026-10-08,Thu,13:00,2
R50_hybrid_L2,2026-10-08,Thu,14:00,1
R50_hybrid_L2,2026-10-08,Thu,15:00,1
R50_hybrid_L2,2026-10-08,Thu,16:00,2
R50_hybrid_L2,2026-10-08,Thu,17:00,2
R50_hybrid_L2,2026-10-08,Thu,18:00,1
R50_hybrid_L2,2026-10-09,Fri,07:00,3
R50_hybrid_L2,2026-10-09,Fri,08:00,3
R50_hybrid_L2,2026-10-09,Fri,12:00,3
R50_hybrid_L2,2026-10-09,Fri,13:00,4
R50_hybrid_L2,2026-10-09,Fri,14:00,1
R50_hybrid_L2,2026-10-09,Fri,16:00,1
R50_hybrid_L2,2026-10-09,Fri,17:00,2
R50_hybrid_L2,2026-10-09,Fri,18:00,1
R60_minibus+sedan_L3,2026-10-05,Mon,07:00,2
R60_minibus+sedan_L3,2026-10-05,Mon,08:00,2
R60_minibus+sedan_L3,2026-10-05,Mon,11:00,1
R60_minibus+sedan_L3,2026-10-05,Mon,12:00,1
R60_minibus+sedan_L3,2026-10-05,Mon,13:00,1
R60_minibus+sedan_L3,2026-10-05,Mon,14:00,1
R60_minibus+sedan_L3,2026-10-05,Mon,16:00,1
R60_minibus+sedan_L3,2026-10-06,Tue,07:00,1
R60_minibus+sedan_L3,2026-10-06,Tue,08:00,1
R60_minibus+sedan_L3,2026-10-06,Tue,12:00,1
R60_minibus+sedan_L3,2026-10-06,Tue,13:00,1
R60_minibus+sedan_L3,2026-10-07,Wed,11:00,2
R60_minibus+sedan_L3,2026-10-07,Wed,12:00,3
R60_minibus+sedan_L3,2026-10-07,Wed,13:00,1
R60_minibus+sedan_L3,2026-10-08,Thu,13:00,1
R60_minibus+sedan_L3,2026-10-08,Thu,14:00,1
R60_minibus+sedan_L3,2026-10-08,Thu,16:00,1
R60_minibus+sedan_L3,2026-10-09,Fri,07:00,1
R60_minibus+sedan_L3,2026-10-09,Fri,08:00,1
R60_minibus+sedan_L3,2026-10-09,Fri,12:00,1
R60_minibus+sedan_L3,2026-10-09,Fri,13:00,2
R60_minibus+sedan_L3,2026-10-09,Fri,17:00,1
R60_minibus+sedan_L4,2026-10-05,Mon,07:00,1
R60_minibus+sedan_L4,2026-10-05,Mon,08:00,1
R60_minibus+sedan_L4,2026-10-07,Wed,11:00,1
R60_minibus+sedan_L4,2026-10-07,Wed,12:00,2
R60_minibus+sedan_L4,2026-10-07,Wed,13:00,1
R60_minibus+sedan_L4,2026-10-09,Fri,13:00,1
R60_minibus+minivan_L0,2026-10-05,Mon,07:00,5
R60_minibus+minivan_L0,2026-10-05,Mon,08:00,6
R60_minibus+minivan_L0,2026-10-05,Mon,10:00,2
R60_minibus+minivan_L0,2026-10-05,Mon,11:00,5
R60_minibus+minivan_L0,2026-10-05,Mon,12:00,5
R60_minibus+minivan_L0,2026-10-05,Mon,13:00,4
R60_minibus+minivan_L0,2026-10-05,Mon,14:00,3
R60_minibus+minivan_L0,2026-10-05,Mon,15:00,3
R60_minibus+minivan_L0,2026-10-05,Mon,16:00,5
R60_minibus+minivan_L0,2026-10-05,Mon,17:00,3
R60_minibus+minivan_L0,2026-10-05,Mon,18:00,2
R60_minibus+minivan_L0,2026-10-05,Mon,19:00,1
R60_minibus+minivan_L0,2026-10-06,Tue,07:00,4
R60_minibus+minivan_L0,2026-10-06,Tue,08:00,5
R60_minibus+minivan_L0,2026-10-06,Tue,09:00,1
R60_minibus+minivan_L0,2026-10-06,Tue,10:00,2
R60_minibus+minivan_L0,2026-10-06,Tue,11:00,3
R60_minibus+minivan_L0,2026-10-06,Tue,12:00,4
R60_minibus+minivan_L0,2026-10-06,Tue,13:00,4
R60_minibus+minivan_L0,2026-10-06,Tue,14:00,3
R60_minibus+minivan_L0,2026-10-06,Tue,15:00,1
R60_minibus+minivan_L0,2026-10-06,Tue,16:00,2
R60_minibus+minivan_L0,2026-10-06,Tue,17:00,3
R60_minibus+minivan_L0,2026-10-06,Tue,18:00,4
R60_minibus+minivan_L0,2026-10-06,Tue,19:00,2
R60_minibus+minivan_L0,2026-10-07,Wed,07:00,3
R60_minibus+minivan_L0,2026-10-07,Wed,08:00,4
R60_minibus+minivan_L0,2026-10-07,Wed,10:00,2
R60_minibus+minivan_L0,2026-10-07,Wed,11:00,5
R60_minibus+minivan_L0,2026-10-07,Wed,12:00,6
R60_minibus+minivan_L0,2026-10-07,Wed,13:00,3
R60_minibus+minivan_L0,2026-10-07,Wed,14:00,2
R60_minibus+minivan_L0,2026-10-07,Wed,15:00,3
R60_minibus+minivan_L0,2026-10-07,Wed,16:00,2
R60_minibus+minivan_L0,2026-10-07,Wed,17:00,2
R60_minibus+minivan_L0,2026-10-07,Wed,18:00,3
R60_minibus+minivan_L0,2026-10-07,Wed,19:00,2
R60_minibus+minivan_L0,2026-10-08,Thu,07:00,5
R60_minibus+minivan_L0,2026-10-08,Thu,08:00,5
R60_minibus+minivan_L0,2026-10-08,Thu,09:00,1
R60_minibus+minivan_L0,2026-10-08,Thu,10:00,3
R60_minibus+minivan_L0,2026-10-08,Thu,11:00,3
R60_minibus+minivan_L0,2026-10-08,Thu,12:00,5
R60_minibus+minivan_L0,2026-10-08,Thu,13:00,4
R60_minibus+minivan_L0,2026-10-08,Thu,14:00,3
R60_minibus+minivan_L0,2026-10-08,Thu,15:00,3
R60_minibus+minivan_L0,2026-10-08,Thu,16:00,4
R60_minibus+minivan_L0,2026-10-08,Thu,17:00,4
R60_minibus+minivan_L0,2026-10-08,Thu,18:00,2
R60_minibus+minivan_L0,2026-10-08,Thu,19:00,1
R60_minibus+minivan_L0,2026-10-09,Fri,07:00,5
R60_minibus+minivan_L0,2026-10-09,Fri,08:00,5
R60_minibus+minivan_L0,2026-10-09,Fri,09:00,1
R60_minibus+minivan_L0,2026-10-09,Fri,12:00,4
R60_minibus+minivan_L0,2026-10-09,Fri,13:00,6
R60_minibus+minivan_L0,2026-10-09,Fri,14:00,2
R60_minibus+minivan_L0,2026-10-09,Fri,16:00,1
R60_minibus+minivan_L0,2026-10-09,Fri,17:00,4
R60_minibus+minivan_L0,2026-10-09,Fri,18:00,3
R60_minibus+minivan_L0,2026-10-09,Fri,19:00,1
R60_minibus+minivan_L1,2026-10-05,Mon,07:00,4
R60_minibus+minivan_L1,2026-10-05,Mon,08:00,5
R60_minibus+minivan_L1,2026-10-05,Mon,10:00,1
R60_minibus+minivan_L1,2026-10-05,Mon,11:00,4
R60_minibus+minivan_L1,2026-10-05,Mon,12:00,3
R60_minibus+minivan_L1,2026-10-05,Mon,13:00,3
R60_minibus+minivan_L1,2026-10-05,Mon,14:00,2
R60_minibus+minivan_L1,2026-10-05,Mon,15:00,2
R60_minibus+minivan_L1,2026-10-05,Mon,16:00,3
R60_minibus+minivan_L1,2026-10-05,Mon,17:00,1
R60_minibus+minivan_L1,2026-10-05,Mon,18:00,1
R60_minibus+minivan_L1,2026-10-06,Tue,07:00,2
R60_minibus+minivan_L1,2026-10-06,Tue,08:00,3
R60_minibus+minivan_L1,2026-10-06,Tue,09:00,1
R60_minibus+minivan_L1,2026-10-06,Tue,10:00,1
R60_minibus+minivan_L1,2026-10-06,Tue,11:00,2
R60_minibus+minivan_L1,2026-10-06,Tue,12:00,3
R60_minibus+minivan_L1,2026-10-06,Tue,13:00,3
R60_minibus+minivan_L1,2026-10-06,Tue,14:00,2
R60_minibus+minivan_L1,2026-10-06,Tue,16:00,1
R60_minibus+minivan_L1,2026-10-06,Tue,17:00,2
R60_minibus+minivan_L1,2026-10-06,Tue,18:00,3
R60_minibus+minivan_L1,2026-10-06,Tue,19:00,1
R60_minibus+minivan_L1,2026-10-07,Wed,07:00,2
R60_minibus+minivan_L1,2026-10-07,Wed,08:00,3
R60_minibus+minivan_L1,2026-10-07,Wed,10:00,1
R60_minibus+minivan_L1,2026-10-07,Wed,11:00,4
R60_minibus+minivan_L1,2026-10-07,Wed,12:00,5
R60_minibus+minivan_L1,2026-10-07,Wed,13:00,2
R60_minibus+minivan_L1,2026-10-07,Wed,14:00,1
R60_minibus+minivan_L1,2026-10-07,Wed,15:00,2
R60_minibus+minivan_L1,2026-10-07,Wed,16:00,1
R60_minibus+minivan_L1,2026-10-07,Wed,17:00,1
R60_minibus+minivan_L1,2026-10-07,Wed,18:00,2
R60_minibus+minivan_L1,2026-10-07,Wed,19:00,1
R60_minibus+minivan_L1,2026-10-08,Thu,07:00,2
R60_minibus+minivan_L1,2026-10-08,Thu,08:00,2
R60_minibus+minivan_L1,2026-10-08,Thu,09:00,1
R60_minibus+minivan_L1,2026-10-08,Thu,10:00,2
R60_minibus+minivan_L1,2026-10-08,Thu,11:00,2
R60_minibus+minivan_L1,2026-10-08,Thu,12:00,2
R60_minibus+minivan_L1,2026-10-08,Thu,13:00,3
R60_minibus+minivan_L1,2026-10-08,Thu,14:00,2
R60_minibus+minivan_L1,2026-10-08,Thu,15:00,2
R60_minibus+minivan_L1,2026-10-08,Thu,16:00,3
R60_minibus+minivan_L1,2026-10-08,Thu,17:00,3
R60_minibus+minivan_L1,2026-10-08,Thu,18:00,2
R60_minibus+minivan_L1,2026-10-09,Fri,07:00,3
R60_minibus+minivan_L1,2026-10-09,Fri,08:00,3
R60_minibus+minivan_L1,2026-10-09,Fri,12:00,3
R60_minibus+minivan_L1,2026-10-09,Fri,13:00,4
R60_minibus+minivan_L1,2026-10-09,Fri,16:00,1
R60_minibus+minivan_L1,2026-10-09,Fri,17:00,3
R60_minibus+minivan_L1,2026-10-09,Fri,18:00,2
R60_minibus+minivan_L2,2026-10-05,Mon,06:00,1
R60_minibus+minivan_L2,2026-10-05,Mon,07:00,3
R60_minibus+minivan_L2,2026-10-05,Mon,08:00,3
R60_minibus+minivan_L2,2026-10-05,Mon,10:00,1
R60_minibus+minivan_L2,2026-10-05,Mon,11:00,2
R60_minibus+minivan_L2,2026-10-05,Mon,12:00,1
R60_minibus+minivan_L2,2026-10-05,Mon,13:00,2
R60_minibus+minivan_L2,2026-10-05,Mon,14:00,1
R60_minibus+minivan_L2,2026-10-05,Mon,15:00,1
R60_minibus+minivan_L2,2026-10-05,Mon,16:00,2
R60_minibus+minivan_L2,2026-10-06,Tue,07:00,1
R60_minibus+minivan_L2,2026-10-06,Tue,08:00,2
R60_minibus+minivan_L2,2026-10-06,Tue,09:00,1
R60_minibus+minivan_L2,2026-10-06,Tue,11:00,1
R60_minibus+minivan_L2,2026-10-06,Tue,12:00,2
R60_minibus+minivan_L2,2026-10-06,Tue,13:00,2
R60_minibus+minivan_L2,2026-10-06,Tue,14:00,1
R60_minibus+minivan_L2,2026-10-06,Tue,17:00,1
R60_minibus+minivan_L2,2026-10-06,Tue,18:00,1
R60_minibus+minivan_L2,2026-10-07,Wed,07:00,1
R60_minibus+minivan_L2,2026-10-07,Wed,08:00,1
R60_minibus+minivan_L2,2026-10-07,Wed,11:00,3
R60_minibus+minivan_L2,2026-10-07,Wed,12:00,4
R60_minibus+minivan_L2,2026-10-07,Wed,13:00,1
R60_minibus+minivan_L2,2026-10-07,Wed,15:00,1
R60_minibus+minivan_L2,2026-10-07,Wed,16:00,1
R60_minibus+minivan_L2,2026-10-07,Wed,17:00,1
R60_minibus+minivan_L2,2026-10-07,Wed,18:00,1
R60_minibus+minivan_L2,2026-10-08,Thu,08:00,1
R60_minibus+minivan_L2,2026-10-08,Thu,10:00,1
R60_minibus+minivan_L2,2026-10-08,Thu,11:00,1
R60_minibus+minivan_L2,2026-10-08,Thu,12:00,1
R60_minibus+minivan_L2,2026-10-08,Thu,13:00,2
R60_minibus+minivan_L2,2026-10-08,Thu,14:00,1
R60_minibus+minivan_L2,2026-10-08,Thu,16:00,2
R60_minibus+minivan_L2,2026-10-08,Thu,17:00,1
R60_minibus+minivan_L2,2026-10-09,Fri,07:00,2
R60_minibus+minivan_L2,2026-10-09,Fri,08:00,2
R60_minibus+minivan_L2,2026-10-09,Fri,12:00,2
R60_minibus+minivan_L2,2026-10-09,Fri,13:00,3
R60_minibus+minivan_L2,2026-10-09,Fri,16:00,1
R60_minibus+minivan_L2,2026-10-09,Fri,17:00,2
R60_minibus+minivan_L2,2026-10-09,Fri,18:00,1
R60_hybrid_L2,2026-10-05,Mon,06:00,1
R60_hybrid_L2,2026-10-05,Mon,07:00,3
R60_hybrid_L2,2026-10-05,Mon,08:00,3
R60_hybrid_L2,2026-10-05,Mon,10:00,1
R60_hybrid_L2,2026-10-05,Mon,11:00,2
R60_hybrid_L2,2026-10-05,Mon,12:00,1
R60_hybrid_L2,2026-10-05,Mon,13:00,2
R60_hybrid_L2,2026-10-05,Mon,14:00,1
R60_hybrid_L2,2026-10-05,Mon,15:00,1
R60_hybrid_L2,2026-10-05,Mon,16:00,2
R60_hybrid_L2,2026-10-06,Tue,06:00,1
R60_hybrid_L2,2026-10-06,Tue,07:00,2
R60_hybrid_L2,2026-10-06,Tue,08:00,2
R60_hybrid_L2,2026-10-06,Tue,11:00,1
R60_hybrid_L2,2026-10-06,Tue,12:00,2
R60_hybrid_L2,2026-10-06,Tue,13:00,2
R60_hybrid_L2,2026-10-06,Tue,14:00,1
R60_hybrid_L2,2026-10-06,Tue,17:00,1
R60_hybrid_L2,2026-10-06,Tue,18:00,1
R60_hybrid_L2,2026-10-07,Wed,07:00,1
R60_hybrid_L2,2026-10-07,Wed,08:00,1
R60_hybrid_L2,2026-10-07,Wed,11:00,3
R60_hybrid_L2,2026-10-07,Wed,12:00,4
R60_hybrid_L2,2026-10-07,Wed,13:00,1
R60_hybrid_L2,2026-10-07,Wed,15:00,1
R60_hybrid_L2,2026-10-07,Wed,16:00,1
R60_hybrid_L2,2026-10-07,Wed,17:00,1
R60_hybrid_L2,2026-10-07,Wed,18:00,1
R60_hybrid_L2,2026-10-08,Thu,08:00,1
R60_hybrid_L2,2026-10-08,Thu,10:00,1
R60_hybrid_L2,2026-10-08,Thu,11:00,1
R60_hybrid_L2,2026-10-08,Thu,12:00,1
R60_hybrid_L2,2026-10-08,Thu,13:00,2
R60_hybrid_L2,2026-10-08,Thu,14:00,1
R60_hybrid_L2,2026-10-08,Thu,16:00,2
R60_hybrid_L2,2026-10-08,Thu,17:00,1
R60_hybrid_L2,2026-10-09,Fri,07:00,2
R60_hybrid_L2,2026-10-09,Fri,08:00,2
R60_hybrid_L2,2026-10-09,Fri,12:00,2
R60_hybrid_L2,2026-10-09,Fri,13:00,3
R60_hybrid_L2,2026-10-09,Fri,16:00,1
R60_hybrid_L2,2026-10-09,Fri,17:00,2
R60_hybrid_L2,2026-10-09,Fri,18:00,1
R70_minibus+sedan_L3,2026-10-05,Mon,07:00,1
R70_minibus+sedan_L3,2026-10-05,Mon,08:00,1
R70_minibus+sedan_L3,2026-10-06,Tue,08:00,1
R70_minibus+sedan_L3,2026-10-06,Tue,12:00,1
R70_minibus+sedan_L3,2026-10-06,Tue,13:00,1
R70_minibus+sedan_L3,2026-10-06,Tue,14:00,1
R70_minibus+sedan_L3,2026-10-07,Wed,11:00,2
R70_minibus+sedan_L3,2026-10-07,Wed,12:00,3
R70_minibus+sedan_L3,2026-10-08,Thu,13:00,1
R70_minibus+sedan_L3,2026-10-08,Thu,14:00,1
R70_minibus+sedan_L3,2026-10-09,Fri,12:00,1
R70_minibus+sedan_L3,2026-10-09,Fri,13:00,2
R70_minibus+sedan_L4,2026-10-07,Wed,11:00,1
R70_minibus+sedan_L4,2026-10-07,Wed,12:00,2
R70_minibus+sedan_L4,2026-10-09,Fri,13:00,1
R70_minibus+minivan_L0,2026-10-05,Mon,07:00,5
R70_minibus+minivan_L0,2026-10-05,Mon,08:00,6
R70_minibus+minivan_L0,2026-10-05,Mon,09:00,1
R70_minibus+minivan_L0,2026-10-05,Mon,10:00,1
R70_minibus+minivan_L0,2026-10-05,Mon,11:00,4
R70_minibus+minivan_L0,2026-10-05,Mon,12:00,4
R70_minibus+minivan_L0,2026-10-05,Mon,13:00,3
R70_minibus+minivan_L0,2026-10-05,Mon,14:00,3
R70_minibus+minivan_L0,2026-10-05,Mon,15:00,3
R70_minibus+minivan_L0,2026-10-05,Mon,16:00,5
R70_minibus+minivan_L0,2026-10-05,Mon,17:00,3
R70_minibus+minivan_L0,2026-10-05,Mon,18:00,2
R70_minibus+minivan_L0,2026-10-05,Mon,19:00,1
R70_minibus+minivan_L0,2026-10-06,Tue,06:00,1
R70_minibus+minivan_L0,2026-10-06,Tue,07:00,3
R70_minibus+minivan_L0,2026-10-06,Tue,08:00,4
R70_minibus+minivan_L0,2026-10-06,Tue,09:00,1
R70_minibus+minivan_L0,2026-10-06,Tue,10:00,2
R70_minibus+minivan_L0,2026-10-06,Tue,11:00,3
R70_minibus+minivan_L0,2026-10-06,Tue,12:00,4
R70_minibus+minivan_L0,2026-10-06,Tue,13:00,4
R70_minibus+minivan_L0,2026-10-06,Tue,14:00,4
R70_minibus+minivan_L0,2026-10-06,Tue,15:00,1
R70_minibus+minivan_L0,2026-10-06,Tue,16:00,2
R70_minibus+minivan_L0,2026-10-06,Tue,17:00,2
R70_minibus+minivan_L0,2026-10-06,Tue,18:00,4
R70_minibus+minivan_L0,2026-10-06,Tue,19:00,2
R70_minibus+minivan_L0,2026-10-07,Wed,06:00,1
R70_minibus+minivan_L0,2026-10-07,Wed,07:00,3
R70_minibus+minivan_L0,2026-10-07,Wed,08:00,3
R70_minibus+minivan_L0,2026-10-07,Wed,10:00,2
R70_minibus+minivan_L0,2026-10-07,Wed,11:00,4
R70_minibus+minivan_L0,2026-10-07,Wed,12:00,6
R70_minibus+minivan_L0,2026-10-07,Wed,13:00,2
R70_minibus+minivan_L0,2026-10-07,Wed,14:00,2
R70_minibus+minivan_L0,2026-10-07,Wed,15:00,3
R70_minibus+minivan_L0,2026-10-07,Wed,16:00,2
R70_minibus+minivan_L0,2026-10-07,Wed,17:00,2
R70_minibus+minivan_L0,2026-10-07,Wed,18:00,3
R70_minibus+minivan_L0,2026-10-07,Wed,19:00,1
R70_minibus+minivan_L0,2026-10-08,Thu,07:00,4
R70_minibus+minivan_L0,2026-10-08,Thu,08:00,5
R70_minibus+minivan_L0,2026-10-08,Thu,09:00,1
R70_minibus+minivan_L0,2026-10-08,Thu,10:00,3
R70_minibus+minivan_L0,2026-10-08,Thu,11:00,3
R70_minibus+minivan_L0,2026-10-08,Thu,12:00,5
R70_minibus+minivan_L0,2026-10-08,Thu,13:00,4
R70_minibus+minivan_L0,2026-10-08,Thu,14:00,2
R70_minibus+minivan_L0,2026-10-08,Thu,15:00,3
R70_minibus+minivan_L0,2026-10-08,Thu,16:00,3
R70_minibus+minivan_L0,2026-10-08,Thu,17:00,4
R70_minibus+minivan_L0,2026-10-08,Thu,18:00,3
R70_minibus+minivan_L0,2026-10-08,Thu,19:00,1
R70_minibus+minivan_L0,2026-10-09,Fri,06:00,1
R70_minibus+minivan_L0,2026-10-09,Fri,07:00,4
R70_minibus+minivan_L0,2026-10-09,Fri,08:00,4
R70_minibus+minivan_L0,2026-10-09,Fri,09:00,1
R70_minibus+minivan_L0,2026-10-09,Fri,11:00,1
R70_minibus+minivan_L0,2026-10-09,Fri,12:00,4
R70_minibus+minivan_L0,2026-10-09,Fri,13:00,6
R70_minibus+minivan_L0,2026-10-09,Fri,14:00,2
R70_minibus+minivan_L0,2026-10-09,Fri,16:00,1
R70_minibus+minivan_L0,2026-10-09,Fri,17:00,3
R70_minibus+minivan_L0,2026-10-09,Fri,18:00,3
R70_minibus+minivan_L0,2026-10-09,Fri,19:00,1
R70_minibus+minivan_L1,2026-10-05,Mon,06:00,1
R70_minibus+minivan_L1,2026-10-05,Mon,07:00,3
R70_minibus+minivan_L1,2026-10-05,Mon,08:00,4
R70_minibus+minivan_L1,2026-10-05,Mon,11:00,3
R70_minibus+minivan_L1,2026-10-05,Mon,12:00,3
R70_minibus+minivan_L1,2026-10-05,Mon,13:00,2
R70_minibus+minivan_L1,2026-10-05,Mon,14:00,1
R70_minibus+minivan_L1,2026-10-05,Mon,15:00,2
R70_minibus+minivan_L1,2026-10-05,Mon,16:00,2
R70_minibus+minivan_L1,2026-10-05,Mon,17:00,1
R70_minibus+minivan_L1,2026-10-05,Mon,18:00,1
R70_minibus+minivan_L1,2026-10-06,Tue,06:00,1
R70_minibus+minivan_L1,2026-10-06,Tue,07:00,1
R70_minibus+minivan_L1,2026-10-06,Tue,08:00,3
R70_minibus+minivan_L1,2026-10-06,Tue,09:00,1
R70_minibus+minivan_L1,2026-10-06,Tue,10:00,1
R70_minibus+minivan_L1,2026-10-06,Tue,11:00,2
R70_minibus+minivan_L1,2026-10-06,Tue,12:00,3
R70_minibus+minivan_L1,2026-10-06,Tue,13:00,3
R70_minibus+minivan_L1,2026-10-06,Tue,14:00,3
R70_minibus+minivan_L1,2026-10-06,Tue,16:00,1
R70_minibus+minivan_L1,2026-10-06,Tue,17:00,1
R70_minibus+minivan_L1,2026-10-06,Tue,18:00,1
R70_minibus+minivan_L1,2026-10-07,Wed,07:00,2
R70_minibus+minivan_L1,2026-10-07,Wed,08:00,2
R70_minibus+minivan_L1,2026-10-07,Wed,10:00,1
R70_minibus+minivan_L1,2026-10-07,Wed,11:00,3
R70_minibus+minivan_L1,2026-10-07,Wed,12:00,5
R70_minibus+minivan_L1,2026-10-07,Wed,13:00,1
R70_minibus+minivan_L1,2026-10-07,Wed,14:00,1
R70_minibus+minivan_L1,2026-10-07,Wed,15:00,2
R70_minibus+minivan_L1,2026-10-07,Wed,16:00,1
R70_minibus+minivan_L1,2026-10-07,Wed,17:00,1
R70_minibus+minivan_L1,2026-10-07,Wed,18:00,2
R70_minibus+minivan_L1,2026-10-08,Thu,07:00,2
R70_minibus+minivan_L1,2026-10-08,Thu,08:00,2
R70_minibus+minivan_L1,2026-10-08,Thu,10:00,2
R70_minibus+minivan_L1,2026-10-08,Thu,11:00,3
R70_minibus+minivan_L1,2026-10-08,Thu,12:00,2
R70_minibus+minivan_L1,2026-10-08,Thu,13:00,3
R70_minibus+minivan_L1,2026-10-08,Thu,14:00,2
R70_minibus+minivan_L1,2026-10-08,Thu,15:00,2
R70_minibus+minivan_L1,2026-10-08,Thu,16:00,2
R70_minibus+minivan_L1,2026-10-08,Thu,17:00,3
R70_minibus+minivan_L1,2026-10-08,Thu,18:00,2
R70_minibus+minivan_L1,2026-10-09,Fri,07:00,3
R70_minibus+minivan_L1,2026-10-09,Fri,08:00,3
R70_minibus+minivan_L1,2026-10-09,Fri,11:00,1
R70_minibus+minivan_L1,2026-10-09,Fri,12:00,3
R70_minibus+minivan_L1,2026-10-09,Fri,13:00,4
R70_minibus+minivan_L1,2026-10-09,Fri,16:00,1
R70_minibus+minivan_L1,2026-10-09,Fri,17:00,2
R70_minibus+minivan_L1,2026-10-09,Fri,18:00,2
R70_minibus+minivan_L2,2026-10-05,Mon,07:00,2
R70_minibus+minivan_L2,2026-10-05,Mon,08:00,2
R70_minibus+minivan_L2,2026-10-05,Mon,11:00,1
R70_minibus+minivan_L2,2026-10-05,Mon,12:00,1
R70_minibus+minivan_L2,2026-10-05,Mon,13:00,1
R70_minibus+minivan_L2,2026-10-05,Mon,15:00,1
R70_minibus+minivan_L2,2026-10-05,Mon,16:00,1
R70_minibus+minivan_L2,2026-10-06,Tue,08:00,2
R70_minibus+minivan_L2,2026-10-06,Tue,09:00,1
R70_minibus+minivan_L2,2026-10-06,Tue,11:00,1
R70_minibus+minivan_L2,2026-10-06,Tue,12:00,2
R70_minibus+minivan_L2,2026-10-06,Tue,13:00,2
R70_minibus+minivan_L2,2026-10-06,Tue,14:00,2
R70_minibus+minivan_L2,2026-10-07,Wed,11:00,2
R70_minibus+minivan_L2,2026-10-07,Wed,12:00,4
R70_minibus+minivan_L2,2026-10-07,Wed,15:00,1
R70_minibus+minivan_L2,2026-10-07,Wed,16:00,1
R70_minibus+minivan_L2,2026-10-07,Wed,18:00,1
R70_minibus+minivan_L2,2026-10-08,Thu,10:00,1
R70_minibus+minivan_L2,2026-10-08,Thu,11:00,1
R70_minibus+minivan_L2,2026-10-08,Thu,12:00,1
R70_minibus+minivan_L2,2026-10-08,Thu,13:00,2
R70_minibus+minivan_L2,2026-10-08,Thu,14:00,1
R70_minibus+minivan_L2,2026-10-08,Thu,16:00,1
R70_minibus+minivan_L2,2026-10-08,Thu,17:00,1
R70_minibus+minivan_L2,2026-10-09,Fri,07:00,1
R70_minibus+minivan_L2,2026-10-09,Fri,08:00,1
R70_minibus+minivan_L2,2026-10-09,Fri,12:00,2
R70_minibus+minivan_L2,2026-10-09,Fri,13:00,3
R70_minibus+minivan_L2,2026-10-09,Fri,16:00,1
R70_minibus+minivan_L2,2026-10-09,Fri,17:00,1
R70_minibus+minivan_L2,2026-10-09,Fri,18:00,1
R70_hybrid_L2,2026-10-05,Mon,07:00,3
R70_hybrid_L2,2026-10-05,Mon,08:00,3
R70_hybrid_L2,2026-10-05,Mon,11:00,1
R70_hybrid_L2,2026-10-05,Mon,12:00,1
R70_hybrid_L2,2026-10-05,Mon,13:00,1
R70_hybrid_L2,2026-10-05,Mon,15:00,1
R70_hybrid_L2,2026-10-05,Mon,16:00,1
R70_hybrid_L2,2026-10-06,Tue,08:00,2
R70_hybrid_L2,2026-10-06,Tue,09:00,1
R70_hybrid_L2,2026-10-06,Tue,11:00,1
R70_hybrid_L2,2026-10-06,Tue,12:00,2
R70_hybrid_L2,2026-10-06,Tue,13:00,2
R70_hybrid_L2,2026-10-06,Tue,14:00,2
R70_hybrid_L2,2026-10-07,Wed,11:00,2
R70_hybrid_L2,2026-10-07,Wed,12:00,4
R70_hybrid_L2,2026-10-07,Wed,15:00,1
R70_hybrid_L2,2026-10-07,Wed,16:00,1
R70_hybrid_L2,2026-10-07,Wed,18:00,1
R70_hybrid_L2,2026-10-08,Thu,10:00,1
R70_hybrid_L2,2026-10-08,Thu,11:00,1
R70_hybrid_L2,2026-10-08,Thu,12:00,1
R70_hybrid_L2,2026-10-08,Thu,13:00,2
R70_hybrid_L2,2026-10-08,Thu,14:00,1
R70_hybrid_L2,2026-10-08,Thu,16:00,1
R70_hybrid_L2,2026-10-08,Thu,17:00,1
R70_hybrid_L2,2026-10-09,Fri,07:00,1
R70_hybrid_L2,2026-10-09,Fri,08:00,1
R70_hybrid_L2,2026-10-09,Fri,11:00,1
R70_hybrid_L2,2026-10-09,Fri,12:00,2
R70_hybrid_L2,2026-10-09,Fri,13:00,3
R70_hybrid_L2,2026-10-09,Fri,16:00,1
R70_hybrid_L2,2026-10-09,Fri,17:00,1
R70_hybrid_L2,2026-10-09,Fri,18:00,1
R90_minibus+sedan_L3,2026-10-05,Mon,08:00,1
R90_minibus+sedan_L3,2026-10-07,Wed,11:00,1
R90_minibus+sedan_L3,2026-10-07,Wed,12:00,1
R90_minibus+sedan_L3,2026-10-08,Thu,13:00,1
R90_minibus+sedan_L3,2026-10-08,Thu,14:00,1
R90_minibus+minivan_L0,2026-10-05,Mon,06:00,2
R90_minibus+minivan_L0,2026-10-05,Mon,07:00,5
R90_minibus+minivan_L0,2026-10-05,Mon,08:00,5
R90_minibus+minivan_L0,2026-10-05,Mon,09:00,1
R90_minibus+minivan_L0,2026-10-05,Mon,10:00,1
R90_minibus+minivan_L0,2026-10-05,Mon,11:00,4
R90_minibus+minivan_L0,2026-10-05,Mon,12:00,4
R90_minibus+minivan_L0,2026-10-05,Mon,13:00,3
R90_minibus+minivan_L0,2026-10-05,Mon,14:00,2
R90_minibus+minivan_L0,2026-10-05,Mon,15:00,3
R90_minibus+minivan_L0,2026-10-05,Mon,16:00,5
R90_minibus+minivan_L0,2026-10-05,Mon,17:00,3
R90_minibus+minivan_L0,2026-10-05,Mon,18:00,2
R90_minibus+minivan_L0,2026-10-05,Mon,19:00,1
R90_minibus+minivan_L0,2026-10-06,Tue,06:00,1
R90_minibus+minivan_L0,2026-10-06,Tue,07:00,3
R90_minibus+minivan_L0,2026-10-06,Tue,08:00,4
R90_minibus+minivan_L0,2026-10-06,Tue,09:00,1
R90_minibus+minivan_L0,2026-10-06,Tue,10:00,2
R90_minibus+minivan_L0,2026-10-06,Tue,11:00,3
R90_minibus+minivan_L0,2026-10-06,Tue,12:00,4
R90_minibus+minivan_L0,2026-10-06,Tue,13:00,3
R90_minibus+minivan_L0,2026-10-06,Tue,14:00,3
R90_minibus+minivan_L0,2026-10-06,Tue,15:00,1
R90_minibus+minivan_L0,2026-10-06,Tue,16:00,2
R90_minibus+minivan_L0,2026-10-06,Tue,17:00,2
R90_minibus+minivan_L0,2026-10-06,Tue,18:00,4
R90_minibus+minivan_L0,2026-10-06,Tue,19:00,2
R90_minibus+minivan_L0,2026-10-07,Wed,06:00,1
R90_minibus+minivan_L0,2026-10-07,Wed,07:00,3
R90_minibus+minivan_L0,2026-10-07,Wed,08:00,3
R90_minibus+minivan_L0,2026-10-07,Wed,10:00,2
R90_minibus+minivan_L0,2026-10-07,Wed,11:00,4
R90_minibus+minivan_L0,2026-10-07,Wed,12:00,6
R90_minibus+minivan_L0,2026-10-07,Wed,13:00,2
R90_minibus+minivan_L0,2026-10-07,Wed,14:00,2
R90_minibus+minivan_L0,2026-10-07,Wed,15:00,3
R90_minibus+minivan_L0,2026-10-07,Wed,16:00,2
R90_minibus+minivan_L0,2026-10-07,Wed,17:00,2
R90_minibus+minivan_L0,2026-10-07,Wed,18:00,3
R90_minibus+minivan_L0,2026-10-07,Wed,19:00,1
R90_minibus+minivan_L0,2026-10-08,Thu,07:00,5
R90_minibus+minivan_L0,2026-10-08,Thu,08:00,5
R90_minibus+minivan_L0,2026-10-08,Thu,09:00,1
R90_minibus+minivan_L0,2026-10-08,Thu,10:00,3
R90_minibus+minivan_L0,2026-10-08,Thu,11:00,3
R90_minibus+minivan_L0,2026-10-08,Thu,12:00,5
R90_minibus+minivan_L0,2026-10-08,Thu,13:00,4
R90_minibus+minivan_L0,2026-10-08,Thu,14:00,2
R90_minibus+minivan_L0,2026-10-08,Thu,15:00,3
R90_minibus+minivan_L0,2026-10-08,Thu,16:00,3
R90_minibus+minivan_L0,2026-10-08,Thu,17:00,4
R90_minibus+minivan_L0,2026-10-08,Thu,18:00,3
R90_minibus+minivan_L0,2026-10-08,Thu,19:00,1
R90_minibus+minivan_L0,2026-10-09,Fri,06:00,1
R90_minibus+minivan_L0,2026-10-09,Fri,07:00,4
R90_minibus+minivan_L0,2026-10-09,Fri,08:00,4
R90_minibus+minivan_L0,2026-10-09,Fri,09:00,1
R90_minibus+minivan_L0,2026-10-09,Fri,11:00,1
R90_minibus+minivan_L0,2026-10-09,Fri,12:00,4
R90_minibus+minivan_L0,2026-10-09,Fri,13:00,6
R90_minibus+minivan_L0,2026-10-09,Fri,14:00,2
R90_minibus+minivan_L0,2026-10-09,Fri,16:00,1
R90_minibus+minivan_L0,2026-10-09,Fri,17:00,3
R90_minibus+minivan_L0,2026-10-09,Fri,18:00,3
R90_minibus+minivan_L0,2026-10-09,Fri,19:00,1
R90_minibus+minivan_L1,2026-10-05,Mon,07:00,3
R90_minibus+minivan_L1,2026-10-05,Mon,08:00,4
R90_minibus+minivan_L1,2026-10-05,Mon,11:00,3
R90_minibus+minivan_L1,2026-10-05,Mon,12:00,3
R90_minibus+minivan_L1,2026-10-05,Mon,13:00,2
R90_minibus+minivan_L1,2026-10-05,Mon,14:00,1
R90_minibus+minivan_L1,2026-10-05,Mon,15:00,2
R90_minibus+minivan_L1,2026-10-05,Mon,16:00,2
R90_minibus+minivan_L1,2026-10-05,Mon,17:00,1
R90_minibus+minivan_L1,2026-10-05,Mon,18:00,1
R90_minibus+minivan_L1,2026-10-06,Tue,07:00,1
R90_minibus+minivan_L1,2026-10-06,Tue,08:00,2
R90_minibus+minivan_L1,2026-10-06,Tue,09:00,1
R90_minibus+minivan_L1,2026-10-06,Tue,10:00,1
R90_minibus+minivan_L1,2026-10-06,Tue,11:00,2
R90_minibus+minivan_L1,2026-10-06,Tue,12:00,2
R90_minibus+minivan_L1,2026-10-06,Tue,13:00,2
R90_minibus+minivan_L1,2026-10-06,Tue,14:00,2
R90_minibus+minivan_L1,2026-10-06,Tue,15:00,1
R90_minibus+minivan_L1,2026-10-06,Tue,16:00,1
R90_minibus+minivan_L1,2026-10-06,Tue,17:00,1
R90_minibus+minivan_L1,2026-10-06,Tue,18:00,1
R90_minibus+minivan_L1,2026-10-07,Wed,07:00,1
R90_minibus+minivan_L1,2026-10-07,Wed,08:00,1
R90_minibus+minivan_L1,2026-10-07,Wed,10:00,1
R90_minibus+minivan_L1,2026-10-07,Wed,11:00,3
R90_minibus+minivan_L1,2026-10-07,Wed,12:00,4
R90_minibus+minivan_L1,2026-10-07,Wed,13:00,1
R90_minibus+minivan_L1,2026-10-07,Wed,14:00,1
R90_minibus+minivan_L1,2026-10-07,Wed,15:00,2
R90_minibus+minivan_L1,2026-10-07,Wed,16:00,1
R90_minibus+minivan_L1,2026-10-07,Wed,17:00,1
R90_minibus+minivan_L1,2026-10-07,Wed,18:00,1
R90_minibus+minivan_L1,2026-10-08,Thu,07:00,1
R90_minibus+minivan_L1,2026-10-08,Thu,08:00,1
R90_minibus+minivan_L1,2026-10-08,Thu,10:00,2
R90_minibus+minivan_L1,2026-10-08,Thu,11:00,3
R90_minibus+minivan_L1,2026-10-08,Thu,12:00,2
R90_minibus+minivan_L1,2026-10-08,Thu,13:00,3
R90_minibus+minivan_L1,2026-10-08,Thu,14:00,2
R90_minibus+minivan_L1,2026-10-08,Thu,15:00,2
R90_minibus+minivan_L1,2026-10-08,Thu,16:00,2
R90_minibus+minivan_L1,2026-10-08,Thu,17:00,3
R90_minibus+minivan_L1,2026-10-08,Thu,18:00,2
R90_minibus+minivan_L1,2026-10-09,Fri,06:00,1
R90_minibus+minivan_L1,2026-10-09,Fri,07:00,2
R90_minibus+minivan_L1,2026-10-09,Fri,08:00,2
R90_minibus+minivan_L1,2026-10-09,Fri,11:00,1
R90_minibus+minivan_L1,2026-10-09,Fri,12:00,2
R90_minibus+minivan_L1,2026-10-09,Fri,13:00,3
R90_minibus+minivan_L1,2026-10-09,Fri,14:00,1
R90_minibus+minivan_L1,2026-10-09,Fri,16:00,1
R90_minibus+minivan_L1,2026-10-09,Fri,17:00,2
R90_minibus+minivan_L1,2026-10-09,Fri,18:00,2
R90_minibus+minivan_L2,2026-10-05,Mon,07:00,2
R90_minibus+minivan_L2,2026-10-05,Mon,08:00,2
R90_minibus+minivan_L2,2026-10-05,Mon,11:00,1
R90_minibus+minivan_L2,2026-10-05,Mon,12:00,1
R90_minibus+minivan_L2,2026-10-05,Mon,13:00,1
R90_minibus+minivan_L2,2026-10-05,Mon,15:00,1
R90_minibus+minivan_L2,2026-10-05,Mon,16:00,1
R90_minibus+minivan_L2,2026-10-06,Tue,08:00,1
R90_minibus+minivan_L2,2026-10-06,Tue,09:00,1
R90_minibus+minivan_L2,2026-10-06,Tue,11:00,1
R90_minibus+minivan_L2,2026-10-06,Tue,12:00,1
R90_minibus+minivan_L2,2026-10-06,Tue,13:00,1
R90_minibus+minivan_L2,2026-10-06,Tue,14:00,1
R90_minibus+minivan_L2,2026-10-07,Wed,10:00,1
R90_minibus+minivan_L2,2026-10-07,Wed,11:00,2
R90_minibus+minivan_L2,2026-10-07,Wed,12:00,2
R90_minibus+minivan_L2,2026-10-07,Wed,13:00,1
R90_minibus+minivan_L2,2026-10-07,Wed,15:00,1
R90_minibus+minivan_L2,2026-10-07,Wed,16:00,1
R90_minibus+minivan_L2,2026-10-08,Thu,10:00,1
R90_minibus+minivan_L2,2026-10-08,Thu,11:00,1
R90_minibus+minivan_L2,2026-10-08,Thu,12:00,1
R90_minibus+minivan_L2,2026-10-08,Thu,13:00,2
R90_minibus+minivan_L2,2026-10-08,Thu,14:00,1
R90_minibus+minivan_L2,2026-10-08,Thu,16:00,1
R90_minibus+minivan_L2,2026-10-08,Thu,17:00,1
R90_minibus+minivan_L2,2026-10-09,Fri,07:00,1
R90_minibus+minivan_L2,2026-10-09,Fri,08:00,1
R90_minibus+minivan_L2,2026-10-09,Fri,12:00,1
R90_minibus+minivan_L2,2026-10-09,Fri,13:00,1
R90_minibus+minivan_L2,2026-10-09,Fri,14:00,1
R90_minibus+minivan_L2,2026-10-09,Fri,16:00,1
R90_minibus+minivan_L2,2026-10-09,Fri,17:00,1
R90_minibus+minivan_L2,2026-10-09,Fri,18:00,1
R90_hybrid_L2,2026-10-05,Mon,07:00,1
R90_hybrid_L2,2026-10-05,Mon,08:00,2
R90_hybrid_L2,2026-10-05,Mon,11:00,1
R90_hybrid_L2,2026-10-05,Mon,12:00,1
R90_hybrid_L2,2026-10-05,Mon,13:00,1
R90_hybrid_L2,2026-10-05,Mon,15:00,1
R90_hybrid_L2,2026-10-05,Mon,16:00,1
R90_hybrid_L2,2026-10-06,Tue,08:00,1
R90_hybrid_L2,2026-10-06,Tue,09:00,1
R90_hybrid_L2,2026-10-06,Tue,11:00,1
R90_hybrid_L2,2026-10-06,Tue,12:00,1
R90_hybrid_L2,2026-10-06,Tue,13:00,1
R90_hybrid_L2,2026-10-06,Tue,14:00,1
R90_hybrid_L2,2026-10-07,Wed,10:00,1
R90_hybrid_L2,2026-10-07,Wed,11:00,2
R90_hybrid_L2,2026-10-07,Wed,12:00,2
R90_hybrid_L2,2026-10-07,Wed,13:00,1
R90_hybrid_L2,2026-10-07,Wed,15:00,1
R90_hybrid_L2,2026-10-07,Wed,16:00,1
R90_hybrid_L2,2026-10-08,Thu,10:00,1
R90_hybrid_L2,2026-10-08,Thu,11:00,1
R90_hybrid_L2,2026-10-08,Thu,12:00,1
R90_hybrid_L2,2026-10-08,Thu,13:00,2
R90_hybrid_L2,2026-10-08,Thu,14:00,1
R90_hybrid_L2,2026-10-08,Thu,16:00,1
R90_hybrid_L2,2026-10-08,Thu,17:00,1
R90_hybrid_L2,2026-10-09,Fri,07:00,1
R90_hybrid_L2,2026-10-09,Fri,08:00,1
R90_hybrid_L2,2026-10-09,Fri,12:00,1
R90_hybrid_L2,2026-10-09,Fri,13:00,2
R90_hybrid_L2,2026-10-09,Fri,16:00,1
R90_hybrid_L2,2026-10-09,Fri,17:00,1
R90_hybrid_L2,2026-10-09,Fri,18:00,1
