option_id,date,weekday,borrowed_type_used,borrowed_vehicles,borrowed_busy_minutes_incl_cooldown,borrowed_route_minutes,borrowed_window_minutes,borrowed_before_10_minutes,peak_concurrent_borrowed,peak_concurrent_first_at,borrowed_vehicle_windows,owned_busy_minutes_incl_cooldown
R50_minibus-only,2026-10-05,Mon,none,0,0,0,0,0,0,,,1860
R50_minibus-only,2026-10-06,Tue,none,0,0,0,0,0,0,,,1554
R50_minibus-only,2026-10-07,Wed,none,0,0,0,0,0,0,,,1502
R50_minibus-only,2026-10-08,Thu,none,0,0,0,0,0,0,,,1734
R50_minibus-only,2026-10-09,Fri,none,0,0,0,0,0,0,,,1262
R50_minibus+sedan_L3,2026-10-05,Mon,sedan,4,723,623,1348,326,4,07:49,07:12-17:56;07:30-16:36;07:43-08:45;07:49-08:45,1206
R50_minibus+sedan_L3,2026-10-06,Tue,sedan,2,352,302,1007,141,2,08:24,07:05-18:20;08:24-13:36,1202
R50_minibus+sedan_L3,2026-10-07,Wed,sedan,4,337,287,477,56,4,12:15,07:59-12:36;11:51-12:45;11:51-12:45;12:15-13:07,1230
R50_minibus+sedan_L3,2026-10-08,Thu,sedan,2,281,241,497,0,2,12:39,10:47-17:38;12:39-13:45,1484
R50_minibus+sedan_L3,2026-10-09,Fri,sedan,3,372,322,781,108,3,13:15,07:07-18:02;12:49-13:45;13:15-13:55,890
R50_minibus+sedan_L4,2026-10-05,Mon,sedan,2,224,184,573,118,2,08:11,07:41-16:20;08:11-08:45,1636
R50_minibus+sedan_L4,2026-10-06,Tue,sedan,1,76,56,271,31,1,08:24,08:24-12:45,1478
R50_minibus+sedan_L4,2026-10-07,Wed,sedan,2,153,133,153,0,2,12:15,11:15-12:36;12:15-13:07,1349
R50_minibus+sedan_L4,2026-10-08,Thu,sedan,1,44,34,44,0,1,12:11,12:11-12:45,1690
R50_minibus+sedan_L4,2026-10-09,Fri,sedan,2,116,96,116,0,2,13:15,12:49-13:45;13:15-13:55,1146
R50_minibus+minivan_L0,2026-10-05,Mon,minivan,8,1974,1684,3711,573,8,08:29,07:07-19:03;07:28-18:21;07:36-16:36;07:38-16:31;07:43-17:07;07:49-17:10;07:57-08:45;08:29-08:45,0
R50_minibus+minivan_L0,2026-10-06,Tue,minivan,6,1635,1385,3133,416,6,08:48,07:12-18:31;07:29-19:03;07:39-19:32;07:54-18:20;08:32-13:36;08:48-09:45,0
R50_minibus+minivan_L0,2026-10-07,Wed,minivan,6,1540,1330,2535,313,6,12:34,07:10-18:10;07:29-19:12;07:54-12:45;07:54-19:22;11:43-12:45;12:34-13:45,0
R50_minibus+minivan_L0,2026-10-08,Thu,minivan,6,1876,1606,2960,380,6,12:39,07:33-19:27;07:50-18:21;07:51-17:38;07:51-17:41;07:59-13:11;12:39-13:45,0
R50_minibus+minivan_L0,2026-10-09,Fri,minivan,6,1309,1129,3105,459,6,13:15,07:07-18:36;07:28-18:02;07:37-18:32;07:46-18:34;07:48-13:45;13:15-14:17,0
R50_minibus+minivan_L1,2026-10-05,Mon,minivan,6,1440,1230,2984,480,6,07:56,07:16-18:21;07:18-16:20;07:33-16:31;07:38-17:07;07:49-17:10;07:56-08:45,531
R50_minibus+minivan_L1,2026-10-06,Tue,minivan,4,1025,865,2312,302,4,08:48,07:05-18:31;07:21-19:03;08:24-18:20;08:48-13:36,551
R50_minibus+minivan_L1,2026-10-07,Wed,minivan,5,971,831,1793,208,5,12:34,07:29-18:10;07:54-12:45;07:54-19:12;11:43-12:45;12:34-13:45,548
R50_minibus+minivan_L1,2026-10-08,Thu,minivan,4,1158,988,1915,177,4,12:39,07:39-17:58;07:49-18:21;08:20-17:38;12:39-13:45,602
R50_minibus+minivan_L1,2026-10-09,Fri,minivan,5,922,792,2386,301,5,13:15,07:28-18:36;07:37-18:02;07:46-18:32;07:48-13:45;13:15-13:55,382
R50_minibus+minivan_L2,2026-10-05,Mon,minivan,5,989,829,2289,372,5,08:11,07:16-16:09;07:18-16:31;07:33-17:07;08:05-17:10;08:11-08:45,928
R50_minibus+minivan_L2,2026-10-06,Tue,minivan,3,564,474,1538,192,3,08:48,07:21-17:45;08:24-18:20;08:48-13:36,990
R50_minibus+minivan_L2,2026-10-07,Wed,minivan,4,552,472,1051,112,4,12:15,07:29-18:10;08:29-12:45;11:43-12:45;12:15-13:07,950
R50_minibus+minivan_L2,2026-10-08,Thu,minivan,3,644,544,1098,76,3,12:39,07:39-17:58;11:15-17:38;12:39-13:45,1090
R50_minibus+minivan_L2,2026-10-09,Fri,minivan,4,634,534,1703,205,4,13:15,07:28-18:36;07:49-18:02;08:03-13:45;13:15-13:55,660
R50_hybrid_L2,2026-10-05,Mon,minivan,5,989,829,2289,372,5,08:11,07:16-16:09;07:18-16:31;07:33-17:07;08:05-17:10;08:11-08:45,928
R50_hybrid_L2,2026-10-06,Tue,sedan,3,669,579,1643,247,3,07:51,07:12-17:35;07:35-18:20;07:51-13:36,917
R50_hybrid_L2,2026-10-07,Wed,minivan,4,552,472,1051,112,4,12:15,07:29-18:10;08:29-12:45;11:43-12:45;12:15-13:07,950
R50_hybrid_L2,2026-10-08,Thu,minivan,3,644,544,1098,76,3,12:39,07:39-17:58;11:15-17:38;12:39-13:45,1090
R50_hybrid_L2,2026-10-09,Fri,sedan,4,704,604,1740,242,4,13:15,07:07-18:36;07:41-18:02;07:55-13:45;13:15-13:55,604
R60_minibus-only,2026-10-05,Mon,none,0,0,0,0,0,0,,,1685
R60_minibus-only,2026-10-06,Tue,none,0,0,0,0,0,0,,,1507
R60_minibus-only,2026-10-07,Wed,none,0,0,0,0,0,0,,,1432
R60_minibus-only,2026-10-08,Thu,none,0,0,0,0,0,0,,,1587
R60_minibus-only,2026-10-09,Fri,none,0,0,0,0,0,0,,,1179
R60_minibus+sedan_L3,2026-10-05,Mon,sedan,2,340,290,660,175,2,07:43,07:12-16:50;07:43-08:45,1363
R60_minibus+sedan_L3,2026-10-06,Tue,sedan,1,183,163,383,92,1,07:23,07:23-13:36,1342
R60_minibus+sedan_L3,2026-10-07,Wed,sedan,3,217,187,217,0,3,12:15,11:15-12:36;11:51-12:45;12:15-13:07,1225
R60_minibus+sedan_L3,2026-10-08,Thu,sedan,1,95,75,224,0,1,13:15,13:15-16:49,1475
R60_minibus+sedan_L3,2026-10-09,Fri,sedan,2,256,216,654,78,2,13:02,07:37-17:28;13:02-13:45,916
R60_minibus+sedan_L4,2026-10-05,Mon,sedan,1,72,62,72,72,1,07:43,07:43-08:45,1610
R60_minibus+sedan_L4,2026-10-06,Tue,none,0,0,0,0,0,0,,,1503
R60_minibus+sedan_L4,2026-10-07,Wed,sedan,2,126,106,126,0,2,12:15,11:51-12:45;12:15-13:07,1313
R60_minibus+sedan_L4,2026-10-08,Thu,none,0,0,0,0,0,0,,,1570
R60_minibus+sedan_L4,2026-10-09,Fri,sedan,1,53,43,53,0,1,13:02,13:02-13:45,1111
R60_minibus+minivan_L0,2026-10-05,Mon,minivan,7,1907,1637,3696,536,7,08:05,06:57-18:43;07:12-19:03;07:34-16:36;07:48-16:31;07:54-17:07;07:59-17:10;08:05-08:45,0
R60_minibus+minivan_L0,2026-10-06,Tue,minivan,5,1593,1363,2826,400,5,08:48,07:12-18:31;07:23-19:03;07:44-18:20;07:48-19:32;08:48-09:45,0
R60_minibus+minivan_L0,2026-10-07,Wed,minivan,6,1520,1310,2531,309,6,12:34,07:09-18:10;07:29-19:12;07:54-19:22;07:59-12:45;11:43-12:45;12:34-13:45,0
R60_minibus+minivan_L0,2026-10-08,Thu,minivan,5,1810,1560,2916,380,5,07:59,07:39-18:21;07:39-19:25;07:51-17:38;07:56-17:41;07:59-13:45,0
R60_minibus+minivan_L0,2026-10-09,Fri,minivan,6,1301,1121,3106,462,6,13:15,07:07-18:36;07:28-17:28;07:38-18:46;07:43-18:52;07:47-13:45;13:15-14:17,0
R60_minibus+minivan_L1,2026-10-05,Mon,minivan,5,1262,1082,2489,398,5,07:58,06:57-19:03;07:12-16:31;07:52-17:07;07:58-08:45;07:58-17:10,540
R60_minibus+minivan_L1,2026-10-06,Tue,minivan,3,946,806,1981,262,3,08:48,07:12-18:31;07:23-18:20;08:48-19:03,583
R60_minibus+minivan_L1,2026-10-07,Wed,minivan,5,927,797,1613,192,5,12:34,07:09-18:10;07:29-19:12;11:39-12:45;11:43-12:45;12:34-13:45,535
R60_minibus+minivan_L1,2026-10-08,Thu,minivan,3,1072,912,1524,191,3,13:35,07:39-17:58;07:49-18:21;13:35-17:38,572
R60_minibus+minivan_L1,2026-10-09,Fri,minivan,4,808,698,2032,264,4,13:02,07:07-18:36;07:28-17:28;07:46-18:46;13:02-13:45,394
R60_minibus+minivan_L2,2026-10-05,Mon,minivan,3,674,584,1208,256,3,08:20,06:57-16:51;07:12-16:31;08:20-08:45,997
R60_minibus+minivan_L2,2026-10-06,Tue,minivan,2,446,386,965,159,2,08:48,07:23-18:20;08:48-13:36,1061
R60_minibus+minivan_L2,2026-10-07,Wed,minivan,4,499,429,861,86,4,12:15,07:29-18:10;11:39-12:45;11:43-12:45;12:15-13:07,939
R60_minibus+minivan_L2,2026-10-08,Thu,minivan,2,441,371,790,53,2,13:35,08:02-16:49;13:35-17:38,1146
R60_minibus+minivan_L2,2026-10-09,Fri,minivan,3,490,410,1323,156,3,13:02,07:28-18:36;07:46-17:28;13:02-13:45,712
R60_hybrid_L2,2026-10-05,Mon,minivan,3,674,584,1208,256,3,08:20,06:57-16:51;07:12-16:31;08:20-08:45,997
R60_hybrid_L2,2026-10-06,Tue,sedan,2,496,436,1075,209,2,07:23,06:58-18:20;07:23-13:36,1029
R60_hybrid_L2,2026-10-07,Wed,minivan,4,499,429,861,86,4,12:15,07:29-18:10;11:39-12:45;11:43-12:45;12:15-13:07,939
R60_hybrid_L2,2026-10-08,Thu,sedan,2,432,362,760,23,2,13:35,08:32-16:49;13:35-17:38,1146
R60_hybrid_L2,2026-10-09,Fri,sedan,3,571,491,1358,191,3,13:02,07:02-18:36;07:37-17:28;13:02-13:45,601
R70_minibus-only,2026-10-05,Mon,none,0,0,0,0,0,0,,,1525
R70_minibus-only,2026-10-06,Tue,none,0,0,0,0,0,0,,,1417
R70_minibus-only,2026-10-07,Wed,none,0,0,0,0,0,0,,,1389
R70_minibus-only,2026-10-08,Thu,none,0,0,0,0,0,0,,,1454
R70_minibus-only,2026-10-09,Fri,none,0,0,0,0,0,0,,,1088
R70_minibus+sedan_L3,2026-10-05,Mon,sedan,1,108,98,108,108,1,07:07,07:07-08:45,1417
R70_minibus+sedan_L3,2026-10-06,Tue,sedan,1,138,108,359,39,1,08:16,08:16-14:05,1279
R70_minibus+sedan_L3,2026-10-07,Wed,sedan,3,186,156,186,0,3,12:15,11:15-12:36;11:51-12:45;12:15-12:36,1194
R70_minibus+sedan_L3,2026-10-08,Thu,sedan,1,51,41,51,0,1,13:15,13:15-13:56,1399
R70_minibus+sedan_L3,2026-10-09,Fri,sedan,2,130,110,130,0,2,13:16,12:15-13:36;13:16-13:45,956
R70_minibus+sedan_L4,2026-10-05,Mon,none,0,0,0,0,0,0,,,1525
R70_minibus+sedan_L4,2026-10-06,Tue,none,0,0,0,0,0,0,,,1417
R70_minibus+sedan_L4,2026-10-07,Wed,sedan,2,95,75,95,0,2,12:15,11:51-12:45;12:15-12:36,1285
R70_minibus+sedan_L4,2026-10-08,Thu,none,0,0,0,0,0,0,,,1450
R70_minibus+sedan_L4,2026-10-09,Fri,sedan,1,39,29,39,0,1,13:16,13:16-13:45,1047
R70_minibus+minivan_L0,2026-10-05,Mon,minivan,7,1797,1557,3213,530,7,08:21,06:53-18:43;07:13-19:03;07:38-16:31;07:38-17:07;07:57-17:10;08:01-08:45;08:21-08:45,0
R70_minibus+minivan_L0,2026-10-06,Tue,minivan,5,1551,1331,2835,397,5,08:48,06:56-18:32;07:23-18:31;07:46-19:03;08:05-19:32;08:48-09:45,0
R70_minibus+minivan_L0,2026-10-07,Wed,minivan,6,1511,1301,2545,309,6,12:34,07:06-18:10;07:29-19:12;07:54-19:22;08:02-12:45;12:15-13:31;12:34-13:45,0
R70_minibus+minivan_L0,2026-10-08,Thu,minivan,5,1721,1491,2948,375,5,08:01,07:35-19:25;07:39-17:54;07:51-17:58;07:59-18:21;08:01-13:45,0
R70_minibus+minivan_L0,2026-10-09,Fri,minivan,6,1262,1092,2874,461,6,13:16,06:48-18:36;07:28-18:34;07:34-18:54;07:49-13:48;08:05-14:17;13:16-13:45,0
R70_minibus+minivan_L1,2026-10-05,Mon,minivan,4,1052,922,1759,326,4,08:11,06:58-18:43;07:13-16:57;07:52-14:28;08:11-08:45,588
R70_minibus+minivan_L1,2026-10-06,Tue,minivan,3,817,707,1413,229,3,08:48,06:52-18:32;08:16-14:31;08:48-13:56,600
R70_minibus+minivan_L1,2026-10-07,Wed,minivan,5,790,670,1517,146,5,12:34,07:25-18:10;07:59-18:31;11:16-12:45;12:15-12:45;12:34-13:45,603
R70_minibus+minivan_L1,2026-10-08,Thu,minivan,3,943,813,1659,136,3,11:14,07:43-17:38;07:51-17:58;11:14-18:21,598
R70_minibus+minivan_L1,2026-10-09,Fri,minivan,4,753,663,1558,236,4,13:16,06:53-18:36;07:01-18:34;12:15-13:48;13:16-13:45,386
R70_minibus+minivan_L2,2026-10-05,Mon,minivan,3,431,371,664,209,3,08:11,07:13-16:20;07:52-08:45;08:11-08:45,1119
R70_minibus+minivan_L2,2026-10-06,Tue,minivan,2,338,288,677,106,2,08:48,08:16-14:05;08:48-13:56,1079
R70_minibus+minivan_L2,2026-10-07,Wed,minivan,4,334,274,616,0,4,12:15,11:15-18:31;11:16-12:45;12:15-12:36;12:15-12:45,1034
R70_minibus+minivan_L2,2026-10-08,Thu,minivan,2,292,252,481,0,2,13:15,10:38-17:38;13:15-13:56,1158
R70_minibus+minivan_L2,2026-10-09,Fri,minivan,3,416,356,841,108,3,13:16,07:07-18:36;12:15-13:48;13:16-13:45,707
R70_hybrid_L2,2026-10-05,Mon,sedan,3,518,458,751,296,3,07:33,07:02-16:20;07:14-08:45;07:33-08:45,1085
R70_hybrid_L2,2026-10-06,Tue,minivan,2,338,288,677,106,2,08:48,08:16-14:05;08:48-13:56,1079
R70_hybrid_L2,2026-10-07,Wed,minivan,4,334,274,616,0,4,12:15,11:15-18:31;11:16-12:45;12:15-12:36;12:15-12:45,1034
R70_hybrid_L2,2026-10-08,Thu,sedan,2,308,268,497,0,2,13:15,10:22-17:38;13:15-13:56,1152
R70_hybrid_L2,2026-10-09,Fri,sedan,3,451,391,829,108,3,13:16,07:07-18:36;12:15-13:36;13:16-13:45,635
R90_minibus-only,2026-10-05,Mon,none,0,0,0,0,0,0,,,1508
R90_minibus-only,2026-10-06,Tue,none,0,0,0,0,0,0,,,1304
R90_minibus-only,2026-10-07,Wed,none,0,0,0,0,0,0,,,1281
R90_minibus-only,2026-10-08,Thu,none,0,0,0,0,0,0,,,1446
R90_minibus-only,2026-10-09,Fri,none,0,0,0,0,0,0,,,1053
R90_minibus+sedan_L3,2026-10-05,Mon,sedan,1,44,34,44,44,1,08:11,08:11-08:45,1445
R90_minibus+sedan_L3,2026-10-06,Tue,none,0,0,0,0,0,0,,,1304
R90_minibus+sedan_L3,2026-10-07,Wed,sedan,1,91,81,91,0,1,11:15,11:15-12:36,1183
R90_minibus+sedan_L3,2026-10-08,Thu,sedan,1,51,41,51,0,1,13:15,13:15-13:56,1395
R90_minibus+sedan_L3,2026-10-09,Fri,none,0,0,0,0,0,0,,,1055
R90_minibus+sedan_L4,2026-10-05,Mon,none,0,0,0,0,0,0,,,1489
R90_minibus+sedan_L4,2026-10-06,Tue,none,0,0,0,0,0,0,,,1309
R90_minibus+sedan_L4,2026-10-07,Wed,none,0,0,0,0,0,0,,,1274
R90_minibus+sedan_L4,2026-10-08,Thu,none,0,0,0,0,0,0,,,1446
R90_minibus+sedan_L4,2026-10-09,Fri,none,0,0,0,0,0,0,,,1053
R90_minibus+minivan_L0,2026-10-05,Mon,minivan,7,1774,1534,3204,521,7,08:20,07:05-18:43;07:13-19:03;07:38-16:31;07:43-17:07;07:46-17:10;08:05-08:45;08:20-08:45,0
R90_minibus+minivan_L0,2026-10-06,Tue,minivan,5,1526,1306,2825,387,5,08:48,07:18-18:32;07:29-18:31;07:39-19:03;07:54-19:32;08:48-09:45,0
R90_minibus+minivan_L0,2026-10-07,Wed,minivan,6,1488,1278,2536,300,6,12:34,07:18-18:10;07:29-19:12;07:54-19:22;07:59-12:45;12:15-13:31;12:34-13:45,0
R90_minibus+minivan_L0,2026-10-08,Thu,minivan,5,1720,1490,2947,374,5,07:59,07:35-19:25;07:50-17:54;07:51-17:58;07:51-18:21;07:59-13:45,0
R90_minibus+minivan_L0,2026-10-09,Fri,minivan,6,1243,1073,2856,449,6,13:16,07:17-18:36;07:28-18:34;07:37-18:53;07:46-13:43;07:48-14:17;13:16-13:45,0
R90_minibus+minivan_L1,2026-10-05,Mon,minivan,4,1055,925,1779,329,4,07:57,07:13-18:43;07:18-17:14;07:43-14:28;07:57-08:45,603
R90_minibus+minivan_L1,2026-10-06,Tue,minivan,3,724,624,1174,172,3,12:15,07:10-18:32;08:48-14:45;12:15-14:00,630
R90_minibus+minivan_L1,2026-10-07,Wed,minivan,4,682,582,1294,122,4,12:34,07:19-18:10;08:29-15:52;11:16-12:45;12:34-13:45,646
R90_minibus+minivan_L1,2026-10-08,Thu,minivan,3,877,757,1490,70,3,11:14,07:45-17:38;10:38-17:58;11:14-18:21,628
R90_minibus+minivan_L1,2026-10-09,Fri,minivan,4,710,620,1519,204,4,13:16,07:09-18:36;07:17-18:32;12:15-13:43;13:16-13:45,404
R90_minibus+minivan_L2,2026-10-05,Mon,minivan,2,382,332,613,158,2,07:48,07:24-16:20;07:48-08:45,1127
R90_minibus+minivan_L2,2026-10-06,Tue,minivan,1,215,185,367,67,1,08:48,08:48-14:45,1134
R90_minibus+minivan_L2,2026-10-07,Wed,minivan,2,285,245,404,0,2,11:15,10:49-15:52;11:15-12:36,996
R90_minibus+minivan_L2,2026-10-08,Thu,minivan,2,292,252,481,0,2,13:15,10:38-17:38;13:15-13:56,1154
R90_minibus+minivan_L2,2026-10-09,Fri,minivan,2,346,296,728,98,2,13:16,07:17-18:36;13:16-13:45,724
R90_hybrid_L2,2026-10-05,Mon,sedan,2,386,336,613,158,2,08:11,07:01-16:20;08:11-08:45,1103
R90_hybrid_L2,2026-10-06,Tue,minivan,1,215,185,367,67,1,08:48,08:48-14:45,1134
R90_hybrid_L2,2026-10-07,Wed,minivan,2,285,245,404,0,2,11:15,10:49-15:52;11:15-12:36,996
R90_hybrid_L2,2026-10-08,Thu,sedan,2,308,268,497,0,2,13:15,10:22-17:38;13:15-13:56,1148
R90_hybrid_L2,2026-10-09,Fri,sedan,2,342,292,733,98,2,13:11,07:17-18:36;13:11-13:45,724
