option_id,family,derived,source_runs,owned_L,ride_limit,feasible,feasible_days,proven_over_menu,f1_owned_minibuses,f2_peak_borrowed_vehicles_day,f3_borrowed_vehicle_hours_week,f4_borrowed_days_week,f5_ride_limit_min,f5_mean_ride_min,peak_concurrent_borrowed,borrowed_vehicle_days,borrowed_per_day_Mon_Fri,borrowed_route_hours,borrowed_window_hours,minibus_utilisation_pct,borrowed_utilisation_pct,borrowed_before_10_share_pct,borrowed_before_10_hours,borrowed_sedan_hours,borrowed_minivan_hours,days_with_minivan,nondominated_per_R_f1f2f3,nondominated_per_R_f1f2f3f4,nondominated_global_f1f2f3R,nondominated_global_f1f2f3meanride,nondominated_per_R_route_hours,nondominated_per_R_window_hours,nondominated_per_R_concurrent_peak,dominated_per_R,dominated_by
R50_minibus-only,minibus-only,false,main:A,6,50,true,5,true,6,0,0.00,0,50,28.19,0,0,0/0/0/0/0,0.00,0.00,36.6,,,0.00,0.00,0.00,0,true,true,true,true,true,true,true,false,
R50_minibus+sedan_L1,minibus+sedan,false,main:L1,1,50,false,0,,,,,,,,,,,,,,,,,,,,,,,,,,,,
R50_minibus+sedan_L2,minibus+sedan,false,main:L2,2,50,false,2,,,,,,,,,,,,,,,,,,,,,,,,,,,,
R50_minibus+sedan_L3,minibus+sedan,false,main:L3,3,50,true,5,true,3,4,34.42,5,50,28.22,4,15,4/2/4/2/3,29.58,68.50,55.6,50.2,30.6,10.52,34.42,0.00,0,true,true,true,true,true,true,true,false,
R50_minibus+sedan_L4,minibus+sedan,false,L4:L4,4,50,true,5,true,4,2,10.22,5,50,28.19,2,8,2/1/2/1/2,8.38,19.28,50.6,53.0,24.3,2.48,10.22,0.00,0,true,true,true,true,true,true,true,false,
R50_minibus+minivan_L0,minibus+minivan,false,minivan:L0,0,50,true,5,true,0,8,138.90,5,50,27.37,8,32,8/6/6/6/6,118.90,257.40,,54.0,25.7,35.68,0.00,138.90,5,true,true,true,true,true,true,true,false,
R50_minibus+minivan_L1,minibus+minivan,false,minivan:L1,1,50,true,5,true,1,6,91.93,5,50,27.94,6,24,6/4/5/4/5,78.43,189.83,72.5,48.4,26.6,24.47,0.00,91.93,5,true,true,true,true,true,true,true,false,
R50_minibus+minivan_L2,minibus+minivan,false,minivan:L2,2,50,true,5,true,2,5,56.38,5,50,27.92,5,19,5/3/4/3/4,47.55,127.98,64.0,44.1,28.3,15.95,0.00,56.38,5,true,true,true,true,true,true,true,false,
R50_hybrid_L2,hybrid,true,main:L2+minivan:L2,2,50,true,5,true,2,5,59.30,5,50,28.24,5,19,5v/3s/4v/3v/4s,50.47,130.35,62.3,45.5,29.5,17.48,22.88,36.42,3,false,false,false,false,false,false,false,true,R50_minibus+minivan_L2
R60_minibus-only,minibus-only,false,main:A,6,60,true,5,true,6,0,0.00,0,60,31.22,0,0,0/0/0/0/0,0.00,0.00,33.7,,,0.00,0.00,0.00,0,true,true,false,false,true,true,true,false,
R60_minibus+sedan_L1,minibus+sedan,false,main:L1,1,60,false,0,,,,,,,,,,,,,,,,,,,,,,,,,,,,
R60_minibus+sedan_L2,minibus+sedan,false,main:L2,2,60,false,3,,,,,,,,,,,,,,,,,,,,,,,,,,,,
R60_minibus+sedan_L3,minibus+sedan,false,main:L3,3,60,true,5,true,3,3,18.18,5,60,31.17,3,9,2/1/3/1/2,15.52,35.63,57.7,51.0,31.6,5.75,18.18,0.00,0,true,true,true,true,true,true,true,false,
R60_minibus+sedan_L4,minibus+sedan,false,L4:L4,4,60,true,5,true,4,2,4.18,3,60,31.27,2,4,1/0/2/0/1,3.52,4.18,48.7,100.0,28.7,1.20,4.18,0.00,0,true,true,true,true,true,true,true,false,
R60_minibus+minivan_L0,minibus+minivan,false,minivan:L0,0,60,true,5,true,0,7,135.52,5,60,28.36,7,29,7/5/6/5/6,116.52,251.25,,53.9,25.7,34.78,0.00,135.52,5,true,true,true,true,true,true,true,false,
R60_minibus+minivan_L1,minibus+minivan,false,minivan:L1,1,60,true,5,true,1,5,83.58,5,60,30.33,5,20,5/3/5/3/4,71.58,160.65,71.9,52.0,26.1,21.78,0.00,83.58,5,true,true,true,true,true,true,true,false,
R60_minibus+minivan_L2,minibus+minivan,false,minivan:L2,2,60,true,5,true,2,4,42.50,5,60,30.88,4,14,3/2/4/2/3,36.33,85.78,66.5,49.5,27.8,11.83,0.00,42.50,5,true,true,true,true,true,true,true,false,
R60_hybrid_L2,hybrid,true,main:L2+minivan:L2,2,60,true,5,true,2,4,44.53,5,60,31.06,4,14,3v/2s/4v/2s/3s,38.37,87.70,64.5,50.8,28.6,12.75,24.98,19.55,2,false,false,false,false,false,false,false,true,R60_minibus+minivan_L2
R70_minibus-only,minibus-only,false,main:A,6,70,true,5,true,6,0,0.00,0,70,34.62,0,0,0/0/0/0/0,0.00,0.00,30.4,,,0.00,0.00,0.00,0,true,true,false,false,true,true,true,false,
R70_minibus+sedan_L1,minibus+sedan,false,main:L1,1,70,false,0,,,,,,,,,,,,,,,,,,,,,,,,,,,,
R70_minibus+sedan_L2,minibus+sedan,false,main:L2,2,70,false,3,,,,,,,,,,,,,,,,,,,,,,,,,,,,
R70_minibus+sedan_L3,minibus+sedan,false,main:L3,3,70,true,5,true,3,3,10.22,5,70,35.15,3,8,1/1/3/1/2,8.55,13.90,55.3,73.5,24.0,2.45,10.22,0.00,0,true,true,true,true,true,true,true,false,
R70_minibus+sedan_L4,minibus+sedan,false,L4:L4,4,70,true,5,true,4,2,2.23,2,70,35.15,2,3,0/0/2/0/1,1.73,2.23,44.7,100.0,0.0,0.00,2.23,0.00,0,true,true,true,true,true,true,true,false,
R70_minibus+minivan_L0,minibus+minivan,false,minivan:L0,0,70,true,5,true,0,7,130.70,5,70,30.59,7,29,7/5/6/5/6,112.87,240.25,,54.4,26.4,34.53,0.00,130.70,5,true,true,true,true,true,true,true,false,
R70_minibus+minivan_L1,minibus+minivan,false,minivan:L1,1,70,true,5,true,1,5,72.58,5,70,33.42,5,19,4/3/5/3/4,62.92,131.77,73.8,55.1,24.6,17.88,0.00,72.58,5,true,true,true,true,true,true,true,false,
R70_minibus+minivan_L2,minibus+minivan,false,minivan:L2,2,70,true,5,true,2,4,30.18,5,70,33.80,4,14,3/2/4/2/3,25.68,54.65,67.7,55.2,23.4,7.05,0.00,30.18,5,true,true,true,true,true,true,true,false,
R70_hybrid_L2,hybrid,true,main:L2+minivan:L2,2,70,true,5,true,2,4,32.48,5,70,34.57,4,14,3s/2v/4v/2s/3s,27.98,56.17,66.3,57.8,26.2,8.50,21.28,11.20,2,false,false,false,false,false,false,false,true,R70_minibus+minivan_L2
R90_minibus-only,minibus-only,false,main:A,4,90,true,5,true,4,0,0.00,0,90,41.27,0,0,0/0/0/0/0,0.00,0.00,43.3,,,0.00,0.00,0.00,0,true,true,true,true,true,true,true,false,
R90_minibus+sedan_L1,minibus+sedan,false,main:L1,1,90,false,0,,,,,,,,,,,,,,,,,,,,,,,,,,,,
R90_minibus+sedan_L2,minibus+sedan,false,main:L2,2,90,false,3,,,,,,,,,,,,,,,,,,,,,,,,,,,,
R90_minibus+sedan_L3,minibus+sedan,false,main:L3,3,90,true,5,true,3,1,3.10,3,90,41.89,1,3,1/0/1/1/0,2.60,3.10,55.9,100.0,23.7,0.73,3.10,0.00,0,true,true,true,true,true,true,true,false,
R90_minibus+sedan_L4,minibus+sedan,false,L4:L4,4,90,true,5,true,4,0,0.00,0,90,41.63,0,0,0/0/0/0/0,0.00,0.00,43.1,,,0.00,0.00,0.00,0,true,true,true,false,true,true,true,false,
R90_minibus+minivan_L0,minibus+minivan,false,minivan:L0,0,90,true,5,true,0,7,129.18,5,90,33.37,7,29,7/5/6/5/6,111.35,239.47,,53.9,26.2,33.85,0.00,129.18,5,true,true,true,true,true,true,true,false,
R90_minibus+minivan_L1,minibus+minivan,false,minivan:L1,1,90,true,5,true,1,4,67.47,5,90,39.55,4,18,4/3/4/3/4,58.47,120.93,76.4,55.8,22.2,14.95,0.00,67.47,5,true,true,true,true,true,true,true,false,
R90_minibus+minivan_L2,minibus+minivan,false,minivan:L2,2,90,true,5,true,2,2,25.33,5,90,40.38,2,9,2/1/2/2/2,21.83,43.22,67.4,58.6,21.2,5.38,0.00,25.33,5,true,true,true,true,true,true,true,false,
R90_hybrid_L2,hybrid,true,main:L2+minivan:L2,2,90,true,5,true,2,2,25.60,5,90,40.49,2,9,2s/1v/2v/2s/2s,22.10,43.57,67.0,58.8,21.0,5.38,17.27,8.33,2,false,false,false,false,false,false,false,true,R90_minibus+minivan_L2
