date,weekday,ride_limit,tour_limit,scenario,large_limit,cars,cars_status,large_vehicles,large_vehicles_proven,large_routes,car_routes,routes,waves,students,legs,large_vehicle_minutes,car_vehicle_minutes,total_vehicle_minutes,ride_passengers,ride_mean,ride_median,ride_p90,ride_max,car_first_start,car_last_end,car_busy_minutes,status,selection_status,assignment_status,reason_codes
2026-10-05,monday,50,150,A,6,0,,6,true,26,0,26,12,27,54,1600,0,1600,54,28.314815,26.5,46,50,,,,ok,,,[]
2026-10-05,monday,50,150,L1,1,,,,,0,0,0,12,27,54,0,0,,,,,,,,,,infeasible_for_L,infeasible_for_L,,"[""SW_DEMAND_EXCEEDS_LARGE_CAPACITY""]"
2026-10-05,monday,50,150,L2,2,,,,,0,0,0,12,27,54,0,0,,,,,,,,,,infeasible_for_L,infeasible_for_L,,"[""SW_DEMAND_EXCEEDS_LARGE_CAPACITY""]"
2026-10-05,monday,50,150,L3,3,4,proven_over_menu,3,,17,10,27,12,27,54,1036,623,1659,54,28.462963,28,46,50,07:12,17:56,623,ok,optimal,proven,[]
2026-10-05,monday,60,150,A,5,0,,5,true,21,0,21,12,27,54,1475,0,1475,54,31.796296,28,57,60,,,,ok,,,[]
2026-10-05,monday,60,150,L1,1,,,,,0,0,0,12,27,54,0,0,,,,,,,,,,infeasible_for_L,infeasible_for_L,,"[""SW_DEMAND_EXCEEDS_LARGE_CAPACITY""]"
2026-10-05,monday,60,150,L2,2,,,,,0,0,0,12,27,54,0,0,,,,,,,,,,infeasible_for_L,infeasible_for_L,,"[""SW_DEMAND_EXCEEDS_LARGE_CAPACITY""]"
2026-10-05,monday,60,150,L3,3,2,proven_over_menu,3,,16,5,21,12,27,54,1203,290,1493,54,31.592593,28.5,57,60,07:12,16:50,290,ok,optimal,proven,[]
2026-10-05,monday,70,150,A,4,0,,4,true,17,0,17,12,27,54,1355,0,1355,54,36.166667,32,66,70,,,,ok,,,[]
2026-10-05,monday,70,150,L1,1,,,,,0,0,0,12,27,54,0,0,,,,,,,,,,infeasible_for_L,infeasible_for_L,,"[""SW_DEMAND_EXCEEDS_LARGE_CAPACITY""]"
2026-10-05,monday,70,150,L2,2,3,proven_over_menu,2,,12,6,18,12,27,54,965,458,1423,54,33.777778,29.5,64,70,07:02,16:20,458,ok,optimal,proven,[]
2026-10-05,monday,70,150,L3,3,1,proven_over_menu,3,,16,1,17,12,27,54,1257,98,1355,54,36.166667,32,66,70,07:07,08:45,98,ok,optimal,proven,[]
2026-10-05,monday,90,150,A,4,0,,4,true,17,0,17,12,27,54,1338,0,1338,54,40.925926,37.5,76,90,,,,ok,,,[]
2026-10-05,monday,90,150,L1,1,,,,,0,0,0,12,27,54,0,0,,,,,,,,,,infeasible_for_L,infeasible_for_L,,"[""SW_DEMAND_EXCEEDS_LARGE_CAPACITY""]"
2026-10-05,monday,90,150,L2,2,2,proven_over_menu,2,,12,5,17,12,27,54,983,336,1319,54,40.537037,37,76,84,07:01,16:20,336,ok,optimal,proven,[]
2026-10-05,monday,90,150,L3,3,1,proven_over_menu,3,,16,1,17,12,27,54,1285,34,1319,54,40.537037,37,76,84,08:11,08:45,34,ok,optimal,proven,[]
2026-10-06,tuesday,50,150,A,5,0,,5,true,22,0,22,13,21,42,1334,0,1334,42,26.595238,26,44,50,,,,ok,,,[]
2026-10-06,tuesday,50,150,L1,1,,,,,0,0,0,13,21,42,0,0,,,,,,,,,,infeasible_for_L,infeasible_for_L,,"[""SW_DEMAND_EXCEEDS_LARGE_CAPACITY""]"
2026-10-06,tuesday,50,150,L2,2,3,proven_over_menu,2,,13,9,22,13,21,42,787,579,1366,42,27.666667,26,45,50,07:12,18:20,579,ok,optimal,proven,[]
2026-10-06,tuesday,50,150,L3,3,2,proven_over_menu,3,,17,5,22,13,21,42,1032,302,1334,42,26.595238,26,44,50,07:05,18:20,302,ok,optimal,proven,[]
2026-10-06,tuesday,60,150,A,4,0,,4,true,20,0,20,13,21,42,1307,0,1307,42,29.238095,28,52,58,,,,ok,,,[]
2026-10-06,tuesday,60,150,L1,1,,,,,0,0,0,13,21,42,0,0,,,,,,,,,,infeasible_for_L,infeasible_for_L,,"[""SW_DEMAND_EXCEEDS_LARGE_CAPACITY""]"
2026-10-06,tuesday,60,150,L2,2,2,proven_over_menu,2,,14,6,20,13,21,42,889,436,1325,42,28.142857,25.5,52,60,06:58,18:20,436,ok,optimal,proven,[]
2026-10-06,tuesday,60,150,L3,3,1,proven_over_menu,3,,18,2,20,13,21,42,1162,163,1325,42,28.142857,25.5,52,60,07:23,13:36,163,ok,optimal,proven,[]
2026-10-06,tuesday,70,150,A,4,0,,4,true,18,0,18,13,21,42,1237,0,1237,42,31.761905,26,63,67,,,,ok,,,[]
2026-10-06,tuesday,70,150,L1,1,,,,,0,0,0,13,21,42,0,0,,,,,,,,,,infeasible_for_L,infeasible_for_L,,"[""CROSS_WAVE_CONFLICT""]"
2026-10-06,tuesday,70,150,L2,2,,,,,0,0,0,13,21,42,0,0,,,,,,,,,,infeasible_for_L,infeasible_for_L,,"[""CROSS_WAVE_CONFLICT""]"
2026-10-06,tuesday,70,150,L3,3,1,proven_over_menu,3,,15,3,18,13,21,42,1129,108,1237,42,31.761905,26,63,67,08:16,14:05,108,ok,optimal,proven,[]
2026-10-06,tuesday,90,150,A,3,0,,3,true,14,0,14,13,21,42,1164,0,1164,42,42.904762,41.5,79,88,,,,ok,,,[]
2026-10-06,tuesday,90,150,L1,1,,,,,0,0,0,13,21,42,0,0,,,,,,,,,,infeasible_for_L,infeasible_for_L,,"[""CROSS_WAVE_CONFLICT""]"
2026-10-06,tuesday,90,150,L2,2,,,,,0,0,0,13,21,42,0,0,,,,,,,,,,infeasible_for_L,infeasible_for_L,,"[""CROSS_WAVE_CONFLICT""]"
2026-10-06,tuesday,90,150,L3,3,0,proven_over_menu,3,,14,0,14,13,21,42,1164,0,1164,42,42.904762,41.5,79,88,,,,ok,optimal,proven,[]
2026-10-07,wednesday,50,150,A,6,0,,6,true,20,0,20,11,23,46,1302,0,1302,46,28.891304,28.5,48,50,,,,ok,,,[]
2026-10-07,wednesday,50,150,L1,1,,,,,0,0,0,11,23,46,0,0,,,,,,,,,,infeasible_for_L,infeasible_for_L,,"[""SW_DEMAND_EXCEEDS_LARGE_CAPACITY""]"
2026-10-07,wednesday,50,150,L2,2,,,,,0,0,0,11,23,46,0,0,,,,,,,,,,infeasible_for_L,infeasible_for_L,,"[""CROSS_WAVE_CONFLICT""]"
2026-10-07,wednesday,50,150,L3,3,4,proven_over_menu,3,,16,5,21,11,23,46,1070,287,1357,46,28.195652,27.5,45,50,07:59,13:07,287,ok,optimal,proven,[]
2026-10-07,wednesday,60,150,A,6,0,,6,true,18,0,18,11,23,46,1252,0,1252,46,31.565217,32,52,57,,,,ok,,,[]
2026-10-07,wednesday,60,150,L1,1,,,,,0,0,0,11,23,46,0,0,,,,,,,,,,infeasible_for_L,infeasible_for_L,,"[""CROSS_WAVE_CONFLICT""]"
2026-10-07,wednesday,60,150,L2,2,,,,,0,0,0,11,23,46,0,0,,,,,,,,,,infeasible_for_L,infeasible_for_L,,"[""CROSS_WAVE_CONFLICT""]"
2026-10-07,wednesday,60,150,L3,3,3,proven_over_menu,3,,15,3,18,11,23,46,1075,187,1262,46,31.73913,32,53,57,11:15,13:07,187,ok,optimal,proven,[]
2026-10-07,wednesday,70,150,A,6,0,,6,true,18,0,18,11,23,46,1209,0,1209,46,34.652174,33.5,65,69,,,,ok,,,[]
2026-10-07,wednesday,70,150,L1,1,,,,,0,0,0,11,23,46,0,0,,,,,,,,,,infeasible_for_L,infeasible_for_L,,"[""CROSS_WAVE_CONFLICT""]"
2026-10-07,wednesday,70,150,L2,2,,,,,0,0,0,11,23,46,0,0,,,,,,,,,,infeasible_for_L,infeasible_for_L,,"[""CROSS_WAVE_CONFLICT""]"
2026-10-07,wednesday,70,150,L3,3,3,proven_over_menu,3,,14,3,17,11,23,46,1054,156,1210,46,35.521739,34,66,70,11:15,12:45,156,ok,optimal,proven,[]
2026-10-07,wednesday,90,150,A,4,0,,4,true,14,0,14,11,23,46,1141,0,1141,46,42.608696,39,82,88,,,,ok,,,[]
2026-10-07,wednesday,90,150,L1,1,,,,,0,0,0,11,23,46,0,0,,,,,,,,,,infeasible_for_L,infeasible_for_L,,"[""CROSS_WAVE_CONFLICT""]"
2026-10-07,wednesday,90,150,L2,2,,,,,0,0,0,11,23,46,0,0,,,,,,,,,,infeasible_for_L,infeasible_for_L,,"[""CROSS_WAVE_CONFLICT""]"
2026-10-07,wednesday,90,150,L3,3,1,proven_over_menu,3,,13,1,14,11,23,46,1053,81,1134,46,45.152174,40,83,89,11:15,12:36,81,ok,optimal,proven,[]
2026-10-08,thursday,50,150,A,5,0,,5,true,24,0,24,13,23,46,1494,0,1494,46,28.043478,27,46,50,,,,ok,,,[]
2026-10-08,thursday,50,150,L1,1,,,,,0,0,0,13,23,46,0,0,,,,,,,,,,infeasible_for_L,infeasible_for_L,,"[""SW_DEMAND_EXCEEDS_LARGE_CAPACITY""]"
2026-10-08,thursday,50,150,L2,2,,,,,0,0,0,13,23,46,0,0,,,,,,,,,,infeasible_for_L,infeasible_for_L,,"[""CROSS_WAVE_CONFLICT""]"
2026-10-08,thursday,50,150,L3,3,2,proven_over_menu,3,,20,4,24,13,23,46,1284,241,1525,46,28.73913,28,46,50,10:47,17:38,241,ok,optimal,proven,[]
2026-10-08,thursday,60,150,A,4,0,,4,true,20,0,20,13,23,46,1387,0,1387,46,31.978261,27,53,60,,,,ok,,,[]
2026-10-08,thursday,60,150,L1,1,,,,,0,0,0,13,23,46,0,0,,,,,,,,,,infeasible_for_L,infeasible_for_L,,"[""SW_DEMAND_EXCEEDS_LARGE_CAPACITY""]"
2026-10-08,thursday,60,150,L2,2,2,proven_over_menu,2,,13,7,20,13,23,46,1016,362,1378,46,32.76087,28,55,60,08:32,17:38,362,ok,optimal,proven,[]
2026-10-08,thursday,60,150,L3,3,1,proven_over_menu,3,,18,2,20,13,23,46,1295,75,1370,46,32.826087,28,54,60,13:15,16:49,75,ok,optimal,proven,[]
2026-10-08,thursday,70,150,A,4,0,,4,true,16,0,16,13,23,46,1294,0,1294,46,38.217391,39,63,69,,,,ok,,,[]
2026-10-08,thursday,70,150,L1,1,,,,,0,0,0,13,23,46,0,0,,,,,,,,,,infeasible_for_L,infeasible_for_L,,"[""SW_DEMAND_EXCEEDS_LARGE_CAPACITY""]"
2026-10-08,thursday,70,150,L2,2,2,proven_over_menu,2,,12,4,16,13,23,46,1032,268,1300,46,39.891304,39,66,70,10:22,17:38,268,ok,optimal,proven,[]
2026-10-08,thursday,70,150,L3,3,1,proven_over_menu,3,,15,1,16,13,23,46,1249,41,1290,46,39.608696,39,66,70,13:15,13:56,41,ok,optimal,proven,[]
2026-10-08,thursday,90,150,A,4,0,,4,true,16,0,16,13,23,46,1286,0,1286,46,39.304348,36.5,66,81,,,,ok,,,[]
2026-10-08,thursday,90,150,L1,1,,,,,0,0,0,13,23,46,0,0,,,,,,,,,,infeasible_for_L,infeasible_for_L,,"[""SW_DEMAND_EXCEEDS_LARGE_CAPACITY""]"
2026-10-08,thursday,90,150,L2,2,2,proven_over_menu,2,,12,4,16,13,23,46,1028,268,1296,46,39.586957,36.5,66,81,10:22,17:38,268,ok,optimal,proven,[]
2026-10-08,thursday,90,150,L3,3,1,proven_over_menu,3,,15,1,16,13,23,46,1245,41,1286,46,39.304348,36.5,66,81,13:15,13:56,41,ok,optimal,proven,[]
2026-10-09,friday,50,150,A,6,0,,6,true,17,0,17,8,19,38,1092,0,1092,38,29.078947,28,48,50,,,,ok,,,[]
2026-10-09,friday,50,150,L1,1,,,,,0,0,0,8,19,38,0,0,,,,,,,,,,infeasible_for_L,infeasible_for_L,,"[""SW_DEMAND_EXCEEDS_LARGE_CAPACITY""]"
2026-10-09,friday,50,150,L2,2,4,proven_over_menu,2,,8,10,18,8,19,38,524,604,1128,38,28.973684,29,48,50,07:07,18:36,604,ok,optimal,proven,[]
2026-10-09,friday,50,150,L3,3,3,proven_over_menu,3,,12,5,17,8,19,38,770,322,1092,38,29.078947,28,48,50,07:07,18:02,322,ok,optimal,proven,[]
2026-10-09,friday,60,150,A,5,0,,5,true,15,0,15,8,19,38,1029,0,1029,38,31.263158,29.5,55,60,,,,ok,,,[]
2026-10-09,friday,60,150,L1,1,,,,,0,0,0,8,19,38,0,0,,,,,,,,,,infeasible_for_L,infeasible_for_L,,"[""SW_DEMAND_EXCEEDS_LARGE_CAPACITY""]"
2026-10-09,friday,60,150,L2,2,3,proven_over_menu,2,,7,8,15,8,19,38,531,491,1022,38,31.236842,26.5,55,60,07:02,18:36,491,ok,optimal,proven,[]
2026-10-09,friday,60,150,L3,3,2,proven_over_menu,3,,11,4,15,8,19,38,806,216,1022,38,31.236842,26.5,55,60,07:37,17:28,216,ok,optimal,proven,[]
2026-10-09,friday,70,150,A,5,0,,5,true,13,0,13,8,19,38,958,0,958,38,31.210526,26.5,62,65,,,,ok,,,[]
2026-10-09,friday,70,150,L1,1,,,,,0,0,0,8,19,38,0,0,,,,,,,,,,infeasible_for_L,infeasible_for_L,,"[""SW_DEMAND_EXCEEDS_LARGE_CAPACITY""]"
2026-10-09,friday,70,150,L2,2,3,proven_over_menu,2,,7,6,13,8,19,38,565,391,956,38,31.578947,28.5,62,65,07:07,18:36,391,ok,optimal,proven,[]
2026-10-09,friday,70,150,L3,3,2,proven_over_menu,3,,11,2,13,8,19,38,846,110,956,38,31.578947,28.5,62,65,12:15,13:45,110,ok,optimal,proven,[]
2026-10-09,friday,90,150,A,4,0,,4,true,12,0,12,8,19,38,933,0,933,38,40.710526,37.5,78,89,,,,ok,,,[]
2026-10-09,friday,90,150,L1,1,,,,,0,0,0,8,19,38,0,0,,,,,,,,,,infeasible_for_L,infeasible_for_L,,"[""SW_DEMAND_EXCEEDS_LARGE_CAPACITY""]"
2026-10-09,friday,90,150,L2,2,2,proven_over_menu,2,,8,5,13,8,19,38,644,292,936,38,38.763158,31.5,78,90,07:17,18:36,292,ok,optimal,proven,[]
2026-10-09,friday,90,150,L3,3,0,proven_over_menu,3,,12,0,12,8,19,38,935,0,935,38,41.868421,37.5,83,89,,,,ok,optimal,proven,[]
