timestamp,config_file,problem,algorithm,combo_idx,mean_duration,params
00:36:18,config_berlin52_20260701_003609.json,berlin52,2-opt,5,7964.8,"{""max_iterations"": 500, ""first_improvement"": false, ""num_starts"": 5}"
00:36:18,config_berlin52_20260701_003609.json,berlin52,2-opt,7,8113.8,"{""max_iterations"": 1000, ""first_improvement"": true, ""num_starts"": 1}"
00:36:18,config_berlin52_20260701_003609.json,berlin52,2-opt,1,8280.8,"{""max_iterations"": 500, ""first_improvement"": true, ""num_starts"": 1}"
00:36:18,config_berlin52_20260701_003609.json,berlin52,2-opt,17,8050.8,"{""max_iterations"": 2000, ""first_improvement"": false, ""num_starts"": 5}"
00:36:18,config_berlin52_20260701_003609.json,berlin52,2-opt,4,8192.4,"{""max_iterations"": 500, ""first_improvement"": false, ""num_starts"": 1}"
00:36:18,config_berlin52_20260701_003609.json,berlin52,2-opt,18,8005.2,"{""max_iterations"": 2000, ""first_improvement"": false, ""num_starts"": 10}"
00:36:18,config_berlin52_20260701_003609.json,berlin52,2-opt,2,7939.8,"{""max_iterations"": 500, ""first_improvement"": true, ""num_starts"": 5}"
00:36:18,config_berlin52_20260701_003609.json,berlin52,2-opt,3,7816.4,"{""max_iterations"": 500, ""first_improvement"": true, ""num_starts"": 10}"
00:36:19,config_berlin52_20260701_003609.json,berlin52,2-opt,11,7991.2,"{""max_iterations"": 1000, ""first_improvement"": false, ""num_starts"": 5}"
00:36:19,config_berlin52_20260701_003609.json,berlin52,2-opt,12,7965.2,"{""max_iterations"": 1000, ""first_improvement"": false, ""num_starts"": 10}"
00:36:19,config_berlin52_20260701_003609.json,berlin52,2-opt,10,8365.4,"{""max_iterations"": 1000, ""first_improvement"": false, ""num_starts"": 1}"
00:36:19,config_berlin52_20260701_003609.json,berlin52,2-opt,13,8162.2,"{""max_iterations"": 2000, ""first_improvement"": true, ""num_starts"": 1}"
00:36:19,config_berlin52_20260701_003609.json,berlin52,2-opt,6,7982.2,"{""max_iterations"": 500, ""first_improvement"": false, ""num_starts"": 10}"
00:36:19,config_berlin52_20260701_003609.json,berlin52,2-opt,8,7803.6,"{""max_iterations"": 1000, ""first_improvement"": true, ""num_starts"": 5}"
00:36:19,config_berlin52_20260701_003609.json,berlin52,2-opt,16,8323.2,"{""max_iterations"": 2000, ""first_improvement"": false, ""num_starts"": 1}"
00:36:19,config_berlin52_20260701_003609.json,berlin52,2-opt,14,7971.4,"{""max_iterations"": 2000, ""first_improvement"": true, ""num_starts"": 5}"
00:36:19,config_berlin52_20260701_003609.json,berlin52,2-opt,9,7840.2,"{""max_iterations"": 1000, ""first_improvement"": true, ""num_starts"": 10}"
00:36:19,config_berlin52_20260701_003609.json,berlin52,2-opt,15,7766.8,"{""max_iterations"": 2000, ""first_improvement"": true, ""num_starts"": 10}"
00:36:30,config_berlin52_20260701_003609.json,berlin52,3-opt,4,8788.2,"{""max_iterations"": 200, ""first_improvement"": false, ""num_starts"": 1}"
00:36:30,config_berlin52_20260701_003609.json,berlin52,3-opt,5,8298.6,"{""max_iterations"": 200, ""first_improvement"": false, ""num_starts"": 3}"
00:36:31,config_berlin52_20260701_003609.json,berlin52,3-opt,17,8232.6,"{""max_iterations"": 800, ""first_improvement"": false, ""num_starts"": 3}"
00:36:31,config_berlin52_20260701_003609.json,berlin52,3-opt,6,8501.2,"{""max_iterations"": 200, ""first_improvement"": false, ""num_starts"": 5}"
00:36:31,config_berlin52_20260701_003609.json,berlin52,3-opt,1,10327.0,"{""max_iterations"": 200, ""first_improvement"": true, ""num_starts"": 1}"
00:36:31,config_berlin52_20260701_003609.json,berlin52,3-opt,10,9093.0,"{""max_iterations"": 400, ""first_improvement"": false, ""num_starts"": 1}"
00:36:32,config_berlin52_20260701_003609.json,berlin52,3-opt,18,8223.8,"{""max_iterations"": 800, ""first_improvement"": false, ""num_starts"": 5}"
00:36:32,config_berlin52_20260701_003609.json,berlin52,3-opt,7,8182.4,"{""max_iterations"": 400, ""first_improvement"": true, ""num_starts"": 1}"
00:36:32,config_berlin52_20260701_003609.json,berlin52,3-opt,13,8338.4,"{""max_iterations"": 800, ""first_improvement"": true, ""num_starts"": 1}"
00:36:32,config_berlin52_20260701_003609.json,berlin52,3-opt,12,8215.8,"{""max_iterations"": 400, ""first_improvement"": false, ""num_starts"": 5}"
00:36:33,config_berlin52_20260701_003609.json,berlin52,3-opt,16,8777.2,"{""max_iterations"": 800, ""first_improvement"": false, ""num_starts"": 1}"
00:36:34,config_berlin52_20260701_003609.json,berlin52,3-opt,11,8430.6,"{""max_iterations"": 400, ""first_improvement"": false, ""num_starts"": 3}"
00:36:35,config_berlin52_20260701_003609.json,berlin52,3-opt,8,8099.6,"{""max_iterations"": 400, ""first_improvement"": true, ""num_starts"": 3}"
00:36:35,config_berlin52_20260701_003609.json,berlin52,3-opt,2,8622.0,"{""max_iterations"": 200, ""first_improvement"": true, ""num_starts"": 3}"
00:36:37,config_berlin52_20260701_003609.json,berlin52,3-opt,3,8402.2,"{""max_iterations"": 200, ""first_improvement"": true, ""num_starts"": 5}"
00:36:38,config_berlin52_20260701_003609.json,berlin52,3-opt,9,7968.6,"{""max_iterations"": 400, ""first_improvement"": true, ""num_starts"": 5}"
00:36:38,config_berlin52_20260701_003609.json,berlin52,3-opt,14,7955.4,"{""max_iterations"": 800, ""first_improvement"": true, ""num_starts"": 3}"
00:36:39,config_berlin52_20260701_003609.json,berlin52,3-opt,15,7908.8,"{""max_iterations"": 800, ""first_improvement"": true, ""num_starts"": 5}"
00:36:46,config_berlin52_20260701_003609.json,berlin52,Or-opt,1,8860.6,"{""max_iterations"": 300, ""max_segment_size"": 1, ""num_starts"": 1}"
00:36:46,config_berlin52_20260701_003609.json,berlin52,Or-opt,4,8623.8,"{""max_iterations"": 300, ""max_segment_size"": 2, ""num_starts"": 1}"
00:36:46,config_berlin52_20260701_003609.json,berlin52,Or-opt,10,8992.2,"{""max_iterations"": 600, ""max_segment_size"": 1, ""num_starts"": 1}"
00:36:46,config_berlin52_20260701_003609.json,berlin52,Or-opt,7,8381.0,"{""max_iterations"": 300, ""max_segment_size"": 3, ""num_starts"": 1}"
00:36:46,config_berlin52_20260701_003609.json,berlin52,Or-opt,2,8568.8,"{""max_iterations"": 300, ""max_segment_size"": 1, ""num_starts"": 3}"
00:36:46,config_berlin52_20260701_003609.json,berlin52,Or-opt,19,8720.6,"{""max_iterations"": 1000, ""max_segment_size"": 1, ""num_starts"": 1}"
00:36:46,config_berlin52_20260701_003609.json,berlin52,Or-opt,8,8293.0,"{""max_iterations"": 300, ""max_segment_size"": 3, ""num_starts"": 3}"
00:36:46,config_berlin52_20260701_003609.json,berlin52,Or-opt,5,8141.6,"{""max_iterations"": 300, ""max_segment_size"": 2, ""num_starts"": 3}"
00:36:46,config_berlin52_20260701_003609.json,berlin52,Or-opt,22,8197.8,"{""max_iterations"": 1000, ""max_segment_size"": 2, ""num_starts"": 1}"
00:36:46,config_berlin52_20260701_003609.json,berlin52,Or-opt,17,8070.2,"{""max_iterations"": 600, ""max_segment_size"": 3, ""num_starts"": 3}"
00:36:46,config_berlin52_20260701_003609.json,berlin52,Or-opt,3,8439.8,"{""max_iterations"": 300, ""max_segment_size"": 1, ""num_starts"": 5}"
00:36:46,config_berlin52_20260701_003609.json,berlin52,Or-opt,20,8414.6,"{""max_iterations"": 1000, ""max_segment_size"": 1, ""num_starts"": 3}"
00:36:46,config_berlin52_20260701_003609.json,berlin52,Or-opt,25,8189.8,"{""max_iterations"": 1000, ""max_segment_size"": 3, ""num_starts"": 1}"
00:36:47,config_berlin52_20260701_003609.json,berlin52,Or-opt,23,8231.0,"{""max_iterations"": 1000, ""max_segment_size"": 2, ""num_starts"": 3}"
00:36:47,config_berlin52_20260701_003609.json,berlin52,Or-opt,11,8450.0,"{""max_iterations"": 600, ""max_segment_size"": 1, ""num_starts"": 3}"
00:36:47,config_berlin52_20260701_003609.json,berlin52,Or-opt,18,8096.6,"{""max_iterations"": 600, ""max_segment_size"": 3, ""num_starts"": 5}"
00:36:47,config_berlin52_20260701_003609.json,berlin52,Or-opt,16,8403.2,"{""max_iterations"": 600, ""max_segment_size"": 3, ""num_starts"": 1}"
00:36:47,config_berlin52_20260701_003609.json,berlin52,Or-opt,12,8433.2,"{""max_iterations"": 600, ""max_segment_size"": 1, ""num_starts"": 5}"
00:36:47,config_berlin52_20260701_003609.json,berlin52,Or-opt,21,8335.6,"{""max_iterations"": 1000, ""max_segment_size"": 1, ""num_starts"": 5}"
00:36:47,config_berlin52_20260701_003609.json,berlin52,Or-opt,6,8145.0,"{""max_iterations"": 300, ""max_segment_size"": 2, ""num_starts"": 5}"
00:36:47,config_berlin52_20260701_003609.json,berlin52,Or-opt,26,8092.4,"{""max_iterations"": 1000, ""max_segment_size"": 3, ""num_starts"": 3}"
00:36:47,config_berlin52_20260701_003609.json,berlin52,Or-opt,24,8246.8,"{""max_iterations"": 1000, ""max_segment_size"": 2, ""num_starts"": 5}"
00:36:47,config_berlin52_20260701_003609.json,berlin52,Or-opt,15,8115.2,"{""max_iterations"": 600, ""max_segment_size"": 2, ""num_starts"": 5}"
00:36:47,config_berlin52_20260701_003609.json,berlin52,Or-opt,9,7968.0,"{""max_iterations"": 300, ""max_segment_size"": 3, ""num_starts"": 5}"
00:36:47,config_berlin52_20260701_003609.json,berlin52,Or-opt,27,8138.8,"{""max_iterations"": 1000, ""max_segment_size"": 3, ""num_starts"": 5}"
00:36:47,config_berlin52_20260701_003609.json,berlin52,Or-opt,14,8255.0,"{""max_iterations"": 600, ""max_segment_size"": 2, ""num_starts"": 3}"
00:36:47,config_berlin52_20260701_003609.json,berlin52,Or-opt,13,8580.6,"{""max_iterations"": 600, ""max_segment_size"": 2, ""num_starts"": 1}"
00:36:52,config_berlin52_20260701_003609.json,berlin52,GA,2,7791.8,"{""population_size"": 40, ""generations"": 100, ""crossover_rate"": 0.85, ""mutation_rate"": 0.25, ""elite_count"": 3}"
00:36:52,config_berlin52_20260701_003609.json,berlin52,GA,5,7802.2,"{""population_size"": 40, ""generations"": 200, ""crossover_rate"": 0.85, ""mutation_rate"": 0.25, ""elite_count"": 3}"
00:36:52,config_berlin52_20260701_003609.json,berlin52,GA,8,7803.6,"{""population_size"": 40, ""generations"": 100, ""crossover_rate"": 0.85, ""mutation_rate"": 0.25, ""elite_count"": 1}"
00:36:53,config_berlin52_20260701_003609.json,berlin52,GA,3,7723.6,"{""population_size"": 40, ""generations"": 100, ""crossover_rate"": 0.75, ""mutation_rate"": 0.1, ""elite_count"": 3}"
00:36:53,config_berlin52_20260701_003609.json,berlin52,GA,6,7774.6,"{""population_size"": 40, ""generations"": 200, ""crossover_rate"": 0.85, ""mutation_rate"": 0.25, ""elite_count"": 1}"
00:36:53,config_berlin52_20260701_003609.json,berlin52,GA,10,7701.8,"{""population_size"": 40, ""generations"": 100, ""crossover_rate"": 0.85, ""mutation_rate"": 0.1, ""elite_count"": 3}"
00:36:53,config_berlin52_20260701_003609.json,berlin52,GA,4,7693.8,"{""population_size"": 80, ""generations"": 100, ""crossover_rate"": 0.75, ""mutation_rate"": 0.1, ""elite_count"": 3}"
00:36:53,config_berlin52_20260701_003609.json,berlin52,GA,7,7742.8,"{""population_size"": 40, ""generations"": 200, ""crossover_rate"": 0.75, ""mutation_rate"": 0.1, ""elite_count"": 1}"
00:36:54,config_berlin52_20260701_003609.json,berlin52,GA,20,7826.6,"{""population_size"": 40, ""generations"": 100, ""crossover_rate"": 0.75, ""mutation_rate"": 0.1, ""elite_count"": 1}"
00:36:54,config_berlin52_20260701_003609.json,berlin52,GA,13,7755.6,"{""population_size"": 40, ""generations"": 100, ""crossover_rate"": 0.75, ""mutation_rate"": 0.25, ""elite_count"": 1}"
00:36:54,config_berlin52_20260701_003609.json,berlin52,GA,18,7703.0,"{""population_size"": 80, ""generations"": 100, ""crossover_rate"": 0.75, ""mutation_rate"": 0.1, ""elite_count"": 1}"
00:36:54,config_berlin52_20260701_003609.json,berlin52,GA,19,7699.6,"{""population_size"": 80, ""generations"": 100, ""crossover_rate"": 0.75, ""mutation_rate"": 0.25, ""elite_count"": 3}"
00:36:54,config_berlin52_20260701_003609.json,berlin52,GA,12,7605.6,"{""population_size"": 80, ""generations"": 200, ""crossover_rate"": 0.75, ""mutation_rate"": 0.25, ""elite_count"": 3}"
00:36:54,config_berlin52_20260701_003609.json,berlin52,GA,16,7800.6,"{""population_size"": 40, ""generations"": 200, ""crossover_rate"": 0.85, ""mutation_rate"": 0.1, ""elite_count"": 3}"
00:36:54,config_berlin52_20260701_003609.json,berlin52,GA,11,7694.6,"{""population_size"": 120, ""generations"": 100, ""crossover_rate"": 0.85, ""mutation_rate"": 0.1, ""elite_count"": 3}"
00:36:55,config_berlin52_20260701_003609.json,berlin52,GA,1,7563.0,"{""population_size"": 120, ""generations"": 200, ""crossover_rate"": 0.75, ""mutation_rate"": 0.1, ""elite_count"": 1}"
00:36:55,config_berlin52_20260701_003609.json,berlin52,GA,9,7664.8,"{""population_size"": 120, ""generations"": 100, ""crossover_rate"": 0.75, ""mutation_rate"": 0.25, ""elite_count"": 1}"
00:36:55,config_berlin52_20260701_003609.json,berlin52,GA,17,7750.0,"{""population_size"": 120, ""generations"": 200, ""crossover_rate"": 0.75, ""mutation_rate"": 0.25, ""elite_count"": 1}"
00:36:55,config_berlin52_20260701_003609.json,berlin52,GA,23,7664.6,"{""population_size"": 80, ""generations"": 100, ""crossover_rate"": 0.85, ""mutation_rate"": 0.25, ""elite_count"": 1}"
00:36:55,config_berlin52_20260701_003609.json,berlin52,GA,21,7577.0,"{""population_size"": 120, ""generations"": 200, ""crossover_rate"": 0.85, ""mutation_rate"": 0.1, ""elite_count"": 1}"
00:36:55,config_berlin52_20260701_003609.json,berlin52,GA,24,7757.4,"{""population_size"": 80, ""generations"": 100, ""crossover_rate"": 0.85, ""mutation_rate"": 0.1, ""elite_count"": 1}"
00:36:55,config_berlin52_20260701_003609.json,berlin52,GA,25,7751.4,"{""population_size"": 80, ""generations"": 200, ""crossover_rate"": 0.75, ""mutation_rate"": 0.1, ""elite_count"": 3}"
00:36:55,config_berlin52_20260701_003609.json,berlin52,GA,14,7636.6,"{""population_size"": 120, ""generations"": 200, ""crossover_rate"": 0.85, ""mutation_rate"": 0.1, ""elite_count"": 3}"
00:36:56,config_berlin52_20260701_003609.json,berlin52,GA,15,7710.0,"{""population_size"": 120, ""generations"": 100, ""crossover_rate"": 0.85, ""mutation_rate"": 0.25, ""elite_count"": 1}"
00:36:56,config_berlin52_20260701_003609.json,berlin52,GA,22,7670.8,"{""population_size"": 120, ""generations"": 200, ""crossover_rate"": 0.85, ""mutation_rate"": 0.25, ""elite_count"": 3}"
00:36:56,config_berlin52_20260701_003609.json,berlin52,GA,26,7683.4,"{""population_size"": 120, ""generations"": 100, ""crossover_rate"": 0.85, ""mutation_rate"": 0.1, ""elite_count"": 1}"
00:36:56,config_berlin52_20260701_003609.json,berlin52,GA,27,7689.2,"{""population_size"": 120, ""generations"": 100, ""crossover_rate"": 0.75, ""mutation_rate"": 0.1, ""elite_count"": 1}"
00:37:01,config_berlin52_20260701_003609.json,berlin52,PSO,1,7800.2,"{""swarm_size"": 20, ""max_iterations"": 200, ""inertia_weight"": 0.729, ""cognitive_coeff"": 2.0}"
00:37:01,config_berlin52_20260701_003609.json,berlin52,PSO,6,7783.8,"{""swarm_size"": 20, ""max_iterations"": 200, ""inertia_weight"": 0.9, ""cognitive_coeff"": 2.0}"
00:37:01,config_berlin52_20260701_003609.json,berlin52,PSO,7,7866.4,"{""swarm_size"": 20, ""max_iterations"": 200, ""inertia_weight"": 0.729, ""cognitive_coeff"": 1.49445}"
00:37:01,config_berlin52_20260701_003609.json,berlin52,PSO,2,7776.4,"{""swarm_size"": 20, ""max_iterations"": 100, ""inertia_weight"": 0.729, ""cognitive_coeff"": 1.0}"
00:37:01,config_berlin52_20260701_003609.json,berlin52,PSO,9,7852.6,"{""swarm_size"": 20, ""max_iterations"": 200, ""inertia_weight"": 0.6, ""cognitive_coeff"": 2.0}"
00:37:01,config_berlin52_20260701_003609.json,berlin52,PSO,11,7717.4,"{""swarm_size"": 20, ""max_iterations"": 100, ""inertia_weight"": 0.729, ""cognitive_coeff"": 1.49445}"
00:37:01,config_berlin52_20260701_003609.json,berlin52,PSO,3,7802.6,"{""swarm_size"": 40, ""max_iterations"": 100, ""inertia_weight"": 0.9, ""cognitive_coeff"": 2.0}"
00:37:01,config_berlin52_20260701_003609.json,berlin52,PSO,18,7927.6,"{""swarm_size"": 20, ""max_iterations"": 300, ""inertia_weight"": 0.9, ""cognitive_coeff"": 1.49445}"
00:37:02,config_berlin52_20260701_003609.json,berlin52,PSO,14,7722.8,"{""swarm_size"": 40, ""max_iterations"": 100, ""inertia_weight"": 0.6, ""cognitive_coeff"": 1.0}"
00:37:02,config_berlin52_20260701_003609.json,berlin52,PSO,23,7818.0,"{""swarm_size"": 20, ""max_iterations"": 300, ""inertia_weight"": 0.9, ""cognitive_coeff"": 2.0}"
00:37:02,config_berlin52_20260701_003609.json,berlin52,PSO,19,7677.0,"{""swarm_size"": 40, ""max_iterations"": 300, ""inertia_weight"": 0.6, ""cognitive_coeff"": 1.0}"
00:37:02,config_berlin52_20260701_003609.json,berlin52,PSO,5,7776.4,"{""swarm_size"": 40, ""max_iterations"": 100, ""inertia_weight"": 0.6, ""cognitive_coeff"": 1.49445}"
00:37:02,config_berlin52_20260701_003609.json,berlin52,PSO,4,7693.4,"{""swarm_size"": 40, ""max_iterations"": 100, ""inertia_weight"": 0.729, ""cognitive_coeff"": 1.49445}"
00:37:03,config_berlin52_20260701_003609.json,berlin52,PSO,8,7678.2,"{""swarm_size"": 60, ""max_iterations"": 200, ""inertia_weight"": 0.9, ""cognitive_coeff"": 1.0}"
00:37:03,config_berlin52_20260701_003609.json,berlin52,PSO,12,7686.8,"{""swarm_size"": 60, ""max_iterations"": 300, ""inertia_weight"": 0.9, ""cognitive_coeff"": 1.49445}"
00:37:03,config_berlin52_20260701_003609.json,berlin52,PSO,21,7676.2,"{""swarm_size"": 40, ""max_iterations"": 200, ""inertia_weight"": 0.9, ""cognitive_coeff"": 2.0}"
00:37:03,config_berlin52_20260701_003609.json,berlin52,PSO,15,7725.0,"{""swarm_size"": 40, ""max_iterations"": 100, ""inertia_weight"": 0.6, ""cognitive_coeff"": 2.0}"
00:37:03,config_berlin52_20260701_003609.json,berlin52,PSO,20,7766.0,"{""swarm_size"": 40, ""max_iterations"": 200, ""inertia_weight"": 0.729, ""cognitive_coeff"": 2.0}"
00:37:03,config_berlin52_20260701_003609.json,berlin52,PSO,17,7736.2,"{""swarm_size"": 60, ""max_iterations"": 300, ""inertia_weight"": 0.6, ""cognitive_coeff"": 1.49445}"
00:37:03,config_berlin52_20260701_003609.json,berlin52,PSO,22,7824.0,"{""swarm_size"": 40, ""max_iterations"": 100, ""inertia_weight"": 0.9, ""cognitive_coeff"": 1.49445}"
00:37:03,config_berlin52_20260701_003609.json,berlin52,PSO,13,7683.0,"{""swarm_size"": 60, ""max_iterations"": 300, ""inertia_weight"": 0.6, ""cognitive_coeff"": 1.0}"
00:37:03,config_berlin52_20260701_003609.json,berlin52,PSO,10,7641.2,"{""swarm_size"": 60, ""max_iterations"": 100, ""inertia_weight"": 0.6, ""cognitive_coeff"": 1.0}"
00:37:03,config_berlin52_20260701_003609.json,berlin52,PSO,16,7726.2,"{""swarm_size"": 60, ""max_iterations"": 200, ""inertia_weight"": 0.6, ""cognitive_coeff"": 1.49445}"
00:37:04,config_berlin52_20260701_003609.json,berlin52,PSO,26,7745.6,"{""swarm_size"": 40, ""max_iterations"": 200, ""inertia_weight"": 0.6, ""cognitive_coeff"": 1.49445}"
00:37:04,config_berlin52_20260701_003609.json,berlin52,PSO,24,7638.6,"{""swarm_size"": 60, ""max_iterations"": 300, ""inertia_weight"": 0.9, ""cognitive_coeff"": 2.0}"
00:37:04,config_berlin52_20260701_003609.json,berlin52,PSO,25,7697.0,"{""swarm_size"": 60, ""max_iterations"": 300, ""inertia_weight"": 0.729, ""cognitive_coeff"": 1.49445}"
00:37:04,config_berlin52_20260701_003609.json,berlin52,PSO,27,7648.8,"{""swarm_size"": 60, ""max_iterations"": 300, ""inertia_weight"": 0.729, ""cognitive_coeff"": 1.0}"
00:37:09,config_berlin52_20260701_003609.json,berlin52,GWO,2,7776.4,"{""pack_size"": 30, ""max_iterations"": 250, ""initial_a"": 1.0, ""exploration_rate"": 0.6, ""max_no_improvement"": 50, ""polish_interval"": 35, ""polish_iters"": 10, ""final_polish_iters"": 100}"
00:37:09,config_berlin52_20260701_003609.json,berlin52,GWO,8,7776.6,"{""pack_size"": 30, ""max_iterations"": 250, ""initial_a"": 2.0, ""exploration_rate"": 0.6, ""max_no_improvement"": 50, ""polish_interval"": 25, ""polish_iters"": 5, ""final_polish_iters"": 100}"
00:37:10,config_berlin52_20260701_003609.json,berlin52,GWO,6,7817.2,"{""pack_size"": 30, ""max_iterations"": 350, ""initial_a"": 3.0, ""exploration_rate"": 0.2, ""max_no_improvement"": 100, ""polish_interval"": 15, ""polish_iters"": 15, ""final_polish_iters"": 300}"
00:37:10,config_berlin52_20260701_003609.json,berlin52,GWO,10,7912.0,"{""pack_size"": 30, ""max_iterations"": 250, ""initial_a"": 1.0, ""exploration_rate"": 0.4, ""max_no_improvement"": 75, ""polish_interval"": 15, ""polish_iters"": 5, ""final_polish_iters"": 300}"
00:37:10,config_berlin52_20260701_003609.json,berlin52,GWO,17,7768.4,"{""pack_size"": 30, ""max_iterations"": 150, ""initial_a"": 2.0, ""exploration_rate"": 0.2, ""max_no_improvement"": 50, ""polish_interval"": 25, ""polish_iters"": 15, ""final_polish_iters"": 300}"
00:37:10,config_berlin52_20260701_003609.json,berlin52,GWO,3,7833.4,"{""pack_size"": 30, ""max_iterations"": 150, ""initial_a"": 1.0, ""exploration_rate"": 0.6, ""max_no_improvement"": 75, ""polish_interval"": 25, ""polish_iters"": 15, ""final_polish_iters"": 100}"
00:37:10,config_berlin52_20260701_003609.json,berlin52,GWO,18,7815.2,"{""pack_size"": 30, ""max_iterations"": 150, ""initial_a"": 2.0, ""exploration_rate"": 0.2, ""max_no_improvement"": 50, ""polish_interval"": 15, ""polish_iters"": 5, ""final_polish_iters"": 200}"
00:37:10,config_berlin52_20260701_003609.json,berlin52,GWO,13,7681.4,"{""pack_size"": 70, ""max_iterations"": 150, ""initial_a"": 1.0, ""exploration_rate"": 0.4, ""max_no_improvement"": 50, ""polish_interval"": 25, ""polish_iters"": 10, ""final_polish_iters"": 100}"
00:37:11,config_berlin52_20260701_003609.json,berlin52,GWO,14,7770.6,"{""pack_size"": 30, ""max_iterations"": 150, ""initial_a"": 3.0, ""exploration_rate"": 0.6, ""max_no_improvement"": 100, ""polish_interval"": 25, ""polish_iters"": 5, ""final_polish_iters"": 200}"
00:37:11,config_berlin52_20260701_003609.json,berlin52,GWO,7,7828.8,"{""pack_size"": 30, ""max_iterations"": 350, ""initial_a"": 2.0, ""exploration_rate"": 0.4, ""max_no_improvement"": 75, ""polish_interval"": 35, ""polish_iters"": 5, ""final_polish_iters"": 200}"
00:37:11,config_berlin52_20260701_003609.json,berlin52,GWO,19,7840.4,"{""pack_size"": 30, ""max_iterations"": 250, ""initial_a"": 1.0, ""exploration_rate"": 0.2, ""max_no_improvement"": 75, ""polish_interval"": 25, ""polish_iters"": 5, ""final_polish_iters"": 300}"
00:37:11,config_berlin52_20260701_003609.json,berlin52,GWO,20,7811.8,"{""pack_size"": 30, ""max_iterations"": 350, ""initial_a"": 2.0, ""exploration_rate"": 0.4, ""max_no_improvement"": 50, ""polish_interval"": 25, ""polish_iters"": 5, ""final_polish_iters"": 100}"
00:37:11,config_berlin52_20260701_003609.json,berlin52,GWO,5,7818.2,"{""pack_size"": 50, ""max_iterations"": 150, ""initial_a"": 1.0, ""exploration_rate"": 0.2, ""max_no_improvement"": 100, ""polish_interval"": 25, ""polish_iters"": 10, ""final_polish_iters"": 100}"
00:37:11,config_berlin52_20260701_003609.json,berlin52,GWO,21,7852.0,"{""pack_size"": 30, ""max_iterations"": 350, ""initial_a"": 2.0, ""exploration_rate"": 0.6, ""max_no_improvement"": 75, ""polish_interval"": 25, ""polish_iters"": 15, ""final_polish_iters"": 100}"
00:37:12,config_berlin52_20260701_003609.json,berlin52,GWO,22,7773.8,"{""pack_size"": 50, ""max_iterations"": 350, ""initial_a"": 3.0, ""exploration_rate"": 0.2, ""max_no_improvement"": 50, ""polish_interval"": 15, ""polish_iters"": 15, ""final_polish_iters"": 300}"
00:37:12,config_berlin52_20260701_003609.json,berlin52,GWO,26,7792.6,"{""pack_size"": 30, ""max_iterations"": 350, ""initial_a"": 1.0, ""exploration_rate"": 0.6, ""max_no_improvement"": 50, ""polish_interval"": 15, ""polish_iters"": 15, ""final_polish_iters"": 300}"
00:37:12,config_berlin52_20260701_003609.json,berlin52,GWO,24,7803.2,"{""pack_size"": 30, ""max_iterations"": 150, ""initial_a"": 1.0, ""exploration_rate"": 0.6, ""max_no_improvement"": 100, ""polish_interval"": 15, ""polish_iters"": 5, ""final_polish_iters"": 200}"
00:37:12,config_berlin52_20260701_003609.json,berlin52,GWO,9,7732.2,"{""pack_size"": 70, ""max_iterations"": 350, ""initial_a"": 1.0, ""exploration_rate"": 0.6, ""max_no_improvement"": 75, ""polish_interval"": 25, ""polish_iters"": 10, ""final_polish_iters"": 100}"
00:37:12,config_berlin52_20260701_003609.json,berlin52,GWO,1,7750.0,"{""pack_size"": 70, ""max_iterations"": 250, ""initial_a"": 1.0, ""exploration_rate"": 0.4, ""max_no_improvement"": 100, ""polish_interval"": 15, ""polish_iters"": 5, ""final_polish_iters"": 100}"
00:37:13,config_berlin52_20260701_003609.json,berlin52,GWO,16,7838.0,"{""pack_size"": 50, ""max_iterations"": 250, ""initial_a"": 3.0, ""exploration_rate"": 0.2, ""max_no_improvement"": 100, ""polish_interval"": 15, ""polish_iters"": 5, ""final_polish_iters"": 100}"
00:37:13,config_berlin52_20260701_003609.json,berlin52,GWO,11,7670.2,"{""pack_size"": 70, ""max_iterations"": 250, ""initial_a"": 2.0, ""exploration_rate"": 0.6, ""max_no_improvement"": 75, ""polish_interval"": 15, ""polish_iters"": 15, ""final_polish_iters"": 300}"
00:37:13,config_berlin52_20260701_003609.json,berlin52,GWO,4,7752.4,"{""pack_size"": 70, ""max_iterations"": 350, ""initial_a"": 1.0, ""exploration_rate"": 0.6, ""max_no_improvement"": 100, ""polish_interval"": 35, ""polish_iters"": 15, ""final_polish_iters"": 300}"
00:37:13,config_berlin52_20260701_003609.json,berlin52,GWO,12,7783.8,"{""pack_size"": 70, ""max_iterations"": 350, ""initial_a"": 1.0, ""exploration_rate"": 0.6, ""max_no_improvement"": 100, ""polish_interval"": 35, ""polish_iters"": 5, ""final_polish_iters"": 200}"
00:37:14,config_berlin52_20260701_003609.json,berlin52,GWO,15,7770.4,"{""pack_size"": 70, ""max_iterations"": 150, ""initial_a"": 2.0, ""exploration_rate"": 0.6, ""max_no_improvement"": 100, ""polish_interval"": 15, ""polish_iters"": 10, ""final_polish_iters"": 200}"
00:37:14,config_berlin52_20260701_003609.json,berlin52,GWO,27,7739.6,"{""pack_size"": 70, ""max_iterations"": 350, ""initial_a"": 1.0, ""exploration_rate"": 0.2, ""max_no_improvement"": 75, ""polish_interval"": 15, ""polish_iters"": 15, ""final_polish_iters"": 100}"
00:37:14,config_berlin52_20260701_003609.json,berlin52,GWO,23,7735.4,"{""pack_size"": 70, ""max_iterations"": 150, ""initial_a"": 3.0, ""exploration_rate"": 0.2, ""max_no_improvement"": 100, ""polish_interval"": 25, ""polish_iters"": 15, ""final_polish_iters"": 300}"
00:37:14,config_berlin52_20260701_003609.json,berlin52,GWO,25,7724.2,"{""pack_size"": 70, ""max_iterations"": 150, ""initial_a"": 1.0, ""exploration_rate"": 0.6, ""max_no_improvement"": 100, ""polish_interval"": 15, ""polish_iters"": 15, ""final_polish_iters"": 200}"
00:37:21,config_berlin52_20260701_003609.json,berlin52,GWO-Pure,3,18942.8,"{""pack_size"": 30, ""max_iterations"": 150, ""initial_a"": 1.0, ""exploration_rate"": 0.6, ""max_no_improvement"": 50}"
00:37:22,config_berlin52_20260701_003609.json,berlin52,GWO-Pure,10,18484.8,"{""pack_size"": 30, ""max_iterations"": 150, ""initial_a"": 3.0, ""exploration_rate"": 0.6, ""max_no_improvement"": 100}"
00:37:22,config_berlin52_20260701_003609.json,berlin52,GWO-Pure,7,19861.6,"{""pack_size"": 30, ""max_iterations"": 350, ""initial_a"": 1.0, ""exploration_rate"": 0.4, ""max_no_improvement"": 50}"
00:37:22,config_berlin52_20260701_003609.json,berlin52,GWO-Pure,15,20577.2,"{""pack_size"": 30, ""max_iterations"": 150, ""initial_a"": 3.0, ""exploration_rate"": 0.4, ""max_no_improvement"": 75}"
00:37:24,config_berlin52_20260701_003609.json,berlin52,GWO-Pure,5,14544.6,"{""pack_size"": 30, ""max_iterations"": 350, ""initial_a"": 2.0, ""exploration_rate"": 0.6, ""max_no_improvement"": 75}"
00:37:25,config_berlin52_20260701_003609.json,berlin52,GWO-Pure,19,20388.2,"{""pack_size"": 30, ""max_iterations"": 150, ""initial_a"": 1.0, ""exploration_rate"": 0.6, ""max_no_improvement"": 75}"
00:37:25,config_berlin52_20260701_003609.json,berlin52,GWO-Pure,8,18627.6,"{""pack_size"": 30, ""max_iterations"": 250, ""initial_a"": 1.0, ""exploration_rate"": 0.6, ""max_no_improvement"": 100}"
00:37:25,config_berlin52_20260701_003609.json,berlin52,GWO-Pure,6,17550.2,"{""pack_size"": 30, ""max_iterations"": 350, ""initial_a"": 1.0, ""exploration_rate"": 0.6, ""max_no_improvement"": 100}"
00:37:25,config_berlin52_20260701_003609.json,berlin52,GWO-Pure,18,19486.8,"{""pack_size"": 30, ""max_iterations"": 150, ""initial_a"": 1.0, ""exploration_rate"": 0.6, ""max_no_improvement"": 100}"
00:37:26,config_berlin52_20260701_003609.json,berlin52,GWO-Pure,11,17407.6,"{""pack_size"": 70, ""max_iterations"": 150, ""initial_a"": 2.0, ""exploration_rate"": 0.2, ""max_no_improvement"": 100}"
00:37:26,config_berlin52_20260701_003609.json,berlin52,GWO-Pure,20,18053.4,"{""pack_size"": 30, ""max_iterations"": 150, ""initial_a"": 3.0, ""exploration_rate"": 0.4, ""max_no_improvement"": 100}"
00:37:26,config_berlin52_20260701_003609.json,berlin52,GWO-Pure,9,15742.0,"{""pack_size"": 70, ""max_iterations"": 150, ""initial_a"": 3.0, ""exploration_rate"": 0.6, ""max_no_improvement"": 100}"
00:37:26,config_berlin52_20260701_003609.json,berlin52,GWO-Pure,2,17825.0,"{""pack_size"": 30, ""max_iterations"": 250, ""initial_a"": 1.0, ""exploration_rate"": 0.2, ""max_no_improvement"": 75}"
00:37:27,config_berlin52_20260701_003609.json,berlin52,GWO-Pure,1,18071.2,"{""pack_size"": 70, ""max_iterations"": 150, ""initial_a"": 1.0, ""exploration_rate"": 0.2, ""max_no_improvement"": 75}"
00:37:27,config_berlin52_20260701_003609.json,berlin52,GWO-Pure,4,17377.2,"{""pack_size"": 70, ""max_iterations"": 250, ""initial_a"": 1.0, ""exploration_rate"": 0.2, ""max_no_improvement"": 50}"
00:37:30,config_berlin52_20260701_003609.json,berlin52,GWO-Pure,17,16887.6,"{""pack_size"": 50, ""max_iterations"": 250, ""initial_a"": 1.0, ""exploration_rate"": 0.2, ""max_no_improvement"": 50}"
00:37:30,config_berlin52_20260701_003609.json,berlin52,GWO-Pure,21,17904.6,"{""pack_size"": 30, ""max_iterations"": 350, ""initial_a"": 1.0, ""exploration_rate"": 0.2, ""max_no_improvement"": 75}"
00:37:30,config_berlin52_20260701_003609.json,berlin52,GWO-Pure,27,16576.2,"{""pack_size"": 30, ""max_iterations"": 250, ""initial_a"": 3.0, ""exploration_rate"": 0.4, ""max_no_improvement"": 100}"
00:37:30,config_berlin52_20260701_003609.json,berlin52,GWO-Pure,14,16657.8,"{""pack_size"": 50, ""max_iterations"": 350, ""initial_a"": 1.0, ""exploration_rate"": 0.4, ""max_no_improvement"": 75}"
00:37:31,config_berlin52_20260701_003609.json,berlin52,GWO-Pure,22,17770.6,"{""pack_size"": 30, ""max_iterations"": 350, ""initial_a"": 1.0, ""exploration_rate"": 0.4, ""max_no_improvement"": 100}"
00:37:32,config_berlin52_20260701_003609.json,berlin52,GWO-Pure,23,16644.2,"{""pack_size"": 50, ""max_iterations"": 250, ""initial_a"": 3.0, ""exploration_rate"": 0.4, ""max_no_improvement"": 50}"
00:37:32,config_berlin52_20260701_003609.json,berlin52,GWO-Pure,16,17195.0,"{""pack_size"": 50, ""max_iterations"": 350, ""initial_a"": 2.0, ""exploration_rate"": 0.6, ""max_no_improvement"": 75}"
00:37:32,config_berlin52_20260701_003609.json,berlin52,GWO-Pure,24,18566.2,"{""pack_size"": 50, ""max_iterations"": 350, ""initial_a"": 3.0, ""exploration_rate"": 0.2, ""max_no_improvement"": 75}"
00:37:33,config_berlin52_20260701_003609.json,berlin52,GWO-Pure,12,15335.6,"{""pack_size"": 70, ""max_iterations"": 350, ""initial_a"": 3.0, ""exploration_rate"": 0.4, ""max_no_improvement"": 100}"
00:37:34,config_berlin52_20260701_003609.json,berlin52,GWO-Pure,13,14632.6,"{""pack_size"": 70, ""max_iterations"": 350, ""initial_a"": 2.0, ""exploration_rate"": 0.4, ""max_no_improvement"": 50}"
00:37:35,config_berlin52_20260701_003609.json,berlin52,GWO-Pure,26,18333.2,"{""pack_size"": 50, ""max_iterations"": 350, ""initial_a"": 1.0, ""exploration_rate"": 0.6, ""max_no_improvement"": 100}"
00:37:36,config_berlin52_20260701_003609.json,berlin52,GWO-Pure,25,15972.2,"{""pack_size"": 70, ""max_iterations"": 350, ""initial_a"": 3.0, ""exploration_rate"": 0.6, ""max_no_improvement"": 50}"
00:37:56,config_berlin52_20260701_003609.json,berlin52,GWO-LKH,2,7869.4,"{""pack_size"": 30, ""max_iterations"": 250, ""initial_a"": 1.0, ""exploration_rate"": 0.6, ""max_no_improvement"": 50, ""polish_interval"": 35, ""polish_iters"": 10, ""final_polish_iters"": 100}"
00:37:57,config_berlin52_20260701_003609.json,berlin52,GWO-LKH,6,7928.2,"{""pack_size"": 30, ""max_iterations"": 350, ""initial_a"": 3.0, ""exploration_rate"": 0.2, ""max_no_improvement"": 100, ""polish_interval"": 15, ""polish_iters"": 15, ""final_polish_iters"": 300}"
00:37:57,config_berlin52_20260701_003609.json,berlin52,GWO-LKH,8,7938.8,"{""pack_size"": 30, ""max_iterations"": 250, ""initial_a"": 2.0, ""exploration_rate"": 0.6, ""max_no_improvement"": 50, ""polish_interval"": 25, ""polish_iters"": 5, ""final_polish_iters"": 100}"
00:37:59,config_berlin52_20260701_003609.json,berlin52,GWO-LKH,3,7930.0,"{""pack_size"": 30, ""max_iterations"": 150, ""initial_a"": 1.0, ""exploration_rate"": 0.6, ""max_no_improvement"": 75, ""polish_interval"": 25, ""polish_iters"": 15, ""final_polish_iters"": 100}"
00:37:59,config_berlin52_20260701_003609.json,berlin52,GWO-LKH,7,7888.6,"{""pack_size"": 30, ""max_iterations"": 350, ""initial_a"": 2.0, ""exploration_rate"": 0.4, ""max_no_improvement"": 75, ""polish_interval"": 35, ""polish_iters"": 5, ""final_polish_iters"": 200}"
00:37:59,config_berlin52_20260701_003609.json,berlin52,GWO-LKH,10,7753.6,"{""pack_size"": 30, ""max_iterations"": 250, ""initial_a"": 1.0, ""exploration_rate"": 0.4, ""max_no_improvement"": 75, ""polish_interval"": 15, ""polish_iters"": 5, ""final_polish_iters"": 300}"
00:38:00,config_berlin52_20260701_003609.json,berlin52,GWO-LKH,14,7899.4,"{""pack_size"": 30, ""max_iterations"": 150, ""initial_a"": 3.0, ""exploration_rate"": 0.6, ""max_no_improvement"": 100, ""polish_interval"": 25, ""polish_iters"": 5, ""final_polish_iters"": 200}"
00:38:03,config_berlin52_20260701_003609.json,berlin52,GWO-LKH,5,7818.4,"{""pack_size"": 50, ""max_iterations"": 150, ""initial_a"": 1.0, ""exploration_rate"": 0.2, ""max_no_improvement"": 100, ""polish_interval"": 25, ""polish_iters"": 10, ""final_polish_iters"": 100}"
00:38:05,config_berlin52_20260701_003609.json,berlin52,GWO-LKH,17,7896.8,"{""pack_size"": 30, ""max_iterations"": 150, ""initial_a"": 2.0, ""exploration_rate"": 0.2, ""max_no_improvement"": 50, ""polish_interval"": 25, ""polish_iters"": 15, ""final_polish_iters"": 300}"
00:38:05,config_berlin52_20260701_003609.json,berlin52,GWO-LKH,18,7919.4,"{""pack_size"": 30, ""max_iterations"": 150, ""initial_a"": 2.0, ""exploration_rate"": 0.2, ""max_no_improvement"": 50, ""polish_interval"": 15, ""polish_iters"": 5, ""final_polish_iters"": 200}"
00:38:08,config_berlin52_20260701_003609.json,berlin52,GWO-LKH,20,7793.8,"{""pack_size"": 30, ""max_iterations"": 350, ""initial_a"": 2.0, ""exploration_rate"": 0.4, ""max_no_improvement"": 50, ""polish_interval"": 25, ""polish_iters"": 5, ""final_polish_iters"": 100}"
00:38:09,config_berlin52_20260701_003609.json,berlin52,GWO-LKH,9,7893.8,"{""pack_size"": 70, ""max_iterations"": 350, ""initial_a"": 1.0, ""exploration_rate"": 0.6, ""max_no_improvement"": 75, ""polish_interval"": 25, ""polish_iters"": 10, ""final_polish_iters"": 100}"
00:38:09,config_berlin52_20260701_003609.json,berlin52,GWO-LKH,11,7850.6,"{""pack_size"": 70, ""max_iterations"": 250, ""initial_a"": 2.0, ""exploration_rate"": 0.6, ""max_no_improvement"": 75, ""polish_interval"": 15, ""polish_iters"": 15, ""final_polish_iters"": 300}"
00:38:09,config_berlin52_20260701_003609.json,berlin52,GWO-LKH,19,7854.4,"{""pack_size"": 30, ""max_iterations"": 250, ""initial_a"": 1.0, ""exploration_rate"": 0.2, ""max_no_improvement"": 75, ""polish_interval"": 25, ""polish_iters"": 5, ""final_polish_iters"": 300}"
00:38:11,config_berlin52_20260701_003609.json,berlin52,GWO-LKH,16,7748.4,"{""pack_size"": 50, ""max_iterations"": 250, ""initial_a"": 3.0, ""exploration_rate"": 0.2, ""max_no_improvement"": 100, ""polish_interval"": 15, ""polish_iters"": 5, ""final_polish_iters"": 100}"
00:38:11,config_berlin52_20260701_003609.json,berlin52,GWO-LKH,21,7850.6,"{""pack_size"": 30, ""max_iterations"": 350, ""initial_a"": 2.0, ""exploration_rate"": 0.6, ""max_no_improvement"": 75, ""polish_interval"": 25, ""polish_iters"": 15, ""final_polish_iters"": 100}"
00:38:12,config_berlin52_20260701_003609.json,berlin52,GWO-LKH,1,7838.4,"{""pack_size"": 70, ""max_iterations"": 250, ""initial_a"": 1.0, ""exploration_rate"": 0.4, ""max_no_improvement"": 100, ""polish_interval"": 15, ""polish_iters"": 5, ""final_polish_iters"": 100}"
00:38:12,config_berlin52_20260701_003609.json,berlin52,GWO-LKH,4,7848.4,"{""pack_size"": 70, ""max_iterations"": 350, ""initial_a"": 1.0, ""exploration_rate"": 0.6, ""max_no_improvement"": 100, ""polish_interval"": 35, ""polish_iters"": 15, ""final_polish_iters"": 300}"
00:38:12,config_berlin52_20260701_003609.json,berlin52,GWO-LKH,12,7827.2,"{""pack_size"": 70, ""max_iterations"": 350, ""initial_a"": 1.0, ""exploration_rate"": 0.6, ""max_no_improvement"": 100, ""polish_interval"": 35, ""polish_iters"": 5, ""final_polish_iters"": 200}"
00:38:13,config_berlin52_20260701_003609.json,berlin52,GWO-LKH,24,7895.6,"{""pack_size"": 30, ""max_iterations"": 150, ""initial_a"": 1.0, ""exploration_rate"": 0.6, ""max_no_improvement"": 100, ""polish_interval"": 15, ""polish_iters"": 5, ""final_polish_iters"": 200}"
00:38:13,config_berlin52_20260701_003609.json,berlin52,GWO-LKH,15,7753.6,"{""pack_size"": 70, ""max_iterations"": 150, ""initial_a"": 2.0, ""exploration_rate"": 0.6, ""max_no_improvement"": 100, ""polish_interval"": 15, ""polish_iters"": 10, ""final_polish_iters"": 200}"
00:38:13,config_berlin52_20260701_003609.json,berlin52,GWO-LKH,13,7829.6,"{""pack_size"": 70, ""max_iterations"": 150, ""initial_a"": 1.0, ""exploration_rate"": 0.4, ""max_no_improvement"": 50, ""polish_interval"": 25, ""polish_iters"": 10, ""final_polish_iters"": 100}"
00:38:14,config_berlin52_20260701_003609.json,berlin52,GWO-LKH,26,7896.2,"{""pack_size"": 30, ""max_iterations"": 350, ""initial_a"": 1.0, ""exploration_rate"": 0.6, ""max_no_improvement"": 50, ""polish_interval"": 15, ""polish_iters"": 15, ""final_polish_iters"": 300}"
00:38:15,config_berlin52_20260701_003609.json,berlin52,GWO-LKH,22,7856.2,"{""pack_size"": 50, ""max_iterations"": 350, ""initial_a"": 3.0, ""exploration_rate"": 0.2, ""max_no_improvement"": 50, ""polish_interval"": 15, ""polish_iters"": 15, ""final_polish_iters"": 300}"
00:38:22,config_berlin52_20260701_003609.json,berlin52,GWO-LKH,23,7847.4,"{""pack_size"": 70, ""max_iterations"": 150, ""initial_a"": 3.0, ""exploration_rate"": 0.2, ""max_no_improvement"": 100, ""polish_interval"": 25, ""polish_iters"": 15, ""final_polish_iters"": 300}"
00:38:25,config_berlin52_20260701_003609.json,berlin52,GWO-LKH,25,7787.6,"{""pack_size"": 70, ""max_iterations"": 150, ""initial_a"": 1.0, ""exploration_rate"": 0.6, ""max_no_improvement"": 100, ""polish_interval"": 15, ""polish_iters"": 15, ""final_polish_iters"": 200}"
00:38:26,config_berlin52_20260701_003609.json,berlin52,GWO-LKH,27,7852.0,"{""pack_size"": 70, ""max_iterations"": 350, ""initial_a"": 1.0, ""exploration_rate"": 0.2, ""max_no_improvement"": 75, ""polish_interval"": 15, ""polish_iters"": 15, ""final_polish_iters"": 100}"
00:38:43,config_berlin52_20260701_003609.json,berlin52,GWO-ALNS,1,7698.2,"{""pack_size"": 30, ""max_iterations"": 250, ""initial_a"": 3.0, ""exploration_rate"": 0.2, ""max_no_improvement"": 50, ""polish_interval"": 15, ""alns_iterations"": 50, ""alns_remove_ratio"": 0.15, ""final_polish_iters"": 100}"
00:38:47,config_berlin52_20260701_003609.json,berlin52,GWO-ALNS,6,7690.2,"{""pack_size"": 30, ""max_iterations"": 350, ""initial_a"": 1.0, ""exploration_rate"": 0.2, ""max_no_improvement"": 100, ""polish_interval"": 25, ""alns_iterations"": 100, ""alns_remove_ratio"": 0.1, ""final_polish_iters"": 100}"
00:38:47,config_berlin52_20260701_003609.json,berlin52,GWO-ALNS,13,7655.6,"{""pack_size"": 30, ""max_iterations"": 150, ""initial_a"": 2.0, ""exploration_rate"": 0.4, ""max_no_improvement"": 50, ""polish_interval"": 15, ""alns_iterations"": 50, ""alns_remove_ratio"": 0.15, ""final_polish_iters"": 200}"
00:38:47,config_berlin52_20260701_003609.json,berlin52,GWO-ALNS,7,7657.2,"{""pack_size"": 30, ""max_iterations"": 250, ""initial_a"": 2.0, ""exploration_rate"": 0.4, ""max_no_improvement"": 100, ""polish_interval"": 25, ""alns_iterations"": 100, ""alns_remove_ratio"": 0.1, ""final_polish_iters"": 200}"
00:38:47,config_berlin52_20260701_003609.json,berlin52,GWO-ALNS,2,7649.4,"{""pack_size"": 30, ""max_iterations"": 150, ""initial_a"": 2.0, ""exploration_rate"": 0.2, ""max_no_improvement"": 75, ""polish_interval"": 15, ""alns_iterations"": 100, ""alns_remove_ratio"": 0.1, ""final_polish_iters"": 100}"
00:38:51,config_berlin52_20260701_003609.json,berlin52,GWO-ALNS,11,7756.2,"{""pack_size"": 70, ""max_iterations"": 150, ""initial_a"": 1.0, ""exploration_rate"": 0.6, ""max_no_improvement"": 100, ""polish_interval"": 35, ""alns_iterations"": 50, ""alns_remove_ratio"": 0.1, ""final_polish_iters"": 200}"
00:38:51,config_berlin52_20260701_003609.json,berlin52,GWO-ALNS,4,7602.8,"{""pack_size"": 50, ""max_iterations"": 150, ""initial_a"": 3.0, ""exploration_rate"": 0.2, ""max_no_improvement"": 50, ""polish_interval"": 15, ""alns_iterations"": 50, ""alns_remove_ratio"": 0.15, ""final_polish_iters"": 300}"
00:38:55,config_berlin52_20260701_003609.json,berlin52,GWO-ALNS,15,7658.6,"{""pack_size"": 50, ""max_iterations"": 150, ""initial_a"": 1.0, ""exploration_rate"": 0.6, ""max_no_improvement"": 75, ""polish_interval"": 25, ""alns_iterations"": 100, ""alns_remove_ratio"": 0.1, ""final_polish_iters"": 100}"
00:38:56,config_berlin52_20260701_003609.json,berlin52,GWO-ALNS,14,7594.4,"{""pack_size"": 30, ""max_iterations"": 250, ""initial_a"": 2.0, ""exploration_rate"": 0.2, ""max_no_improvement"": 75, ""polish_interval"": 35, ""alns_iterations"": 150, ""alns_remove_ratio"": 0.1, ""final_polish_iters"": 200}"
00:38:56,config_berlin52_20260701_003609.json,berlin52,GWO-ALNS,16,7568.2,"{""pack_size"": 50, ""max_iterations"": 150, ""initial_a"": 2.0, ""exploration_rate"": 0.4, ""max_no_improvement"": 75, ""polish_interval"": 15, ""alns_iterations"": 100, ""alns_remove_ratio"": 0.1, ""final_polish_iters"": 100}"
00:38:57,config_berlin52_20260701_003609.json,berlin52,GWO-ALNS,9,7568.2,"{""pack_size"": 30, ""max_iterations"": 250, ""initial_a"": 1.0, ""exploration_rate"": 0.6, ""max_no_improvement"": 100, ""polish_interval"": 15, ""alns_iterations"": 100, ""alns_remove_ratio"": 0.15, ""final_polish_iters"": 200}"
00:38:57,config_berlin52_20260701_003609.json,berlin52,GWO-ALNS,18,7640.8,"{""pack_size"": 30, ""max_iterations"": 150, ""initial_a"": 2.0, ""exploration_rate"": 0.2, ""max_no_improvement"": 75, ""polish_interval"": 35, ""alns_iterations"": 50, ""alns_remove_ratio"": 0.15, ""final_polish_iters"": 300}"
00:39:06,config_berlin52_20260701_003609.json,berlin52,GWO-ALNS,20,7568.2,"{""pack_size"": 30, ""max_iterations"": 350, ""initial_a"": 3.0, ""exploration_rate"": 0.6, ""max_no_improvement"": 100, ""polish_interval"": 25, ""alns_iterations"": 50, ""alns_remove_ratio"": 0.2, ""final_polish_iters"": 300}"
00:39:10,config_berlin52_20260701_003609.json,berlin52,GWO-ALNS,12,7594.4,"{""pack_size"": 30, ""max_iterations"": 150, ""initial_a"": 2.0, ""exploration_rate"": 0.4, ""max_no_improvement"": 50, ""polish_interval"": 35, ""alns_iterations"": 100, ""alns_remove_ratio"": 0.2, ""final_polish_iters"": 100}"
00:39:14,config_berlin52_20260701_003609.json,berlin52,GWO-ALNS,19,7546.8,"{""pack_size"": 70, ""max_iterations"": 350, ""initial_a"": 2.0, ""exploration_rate"": 0.2, ""max_no_improvement"": 100, ""polish_interval"": 15, ""alns_iterations"": 50, ""alns_remove_ratio"": 0.15, ""final_polish_iters"": 100}"
00:39:15,config_berlin52_20260701_003609.json,berlin52,GWO-ALNS,22,7568.2,"{""pack_size"": 70, ""max_iterations"": 150, ""initial_a"": 1.0, ""exploration_rate"": 0.6, ""max_no_improvement"": 75, ""polish_interval"": 35, ""alns_iterations"": 50, ""alns_remove_ratio"": 0.15, ""final_polish_iters"": 100}"
00:39:18,config_berlin52_20260701_003609.json,berlin52,GWO-ALNS,21,7642.8,"{""pack_size"": 70, ""max_iterations"": 350, ""initial_a"": 1.0, ""exploration_rate"": 0.4, ""max_no_improvement"": 75, ""polish_interval"": 25, ""alns_iterations"": 100, ""alns_remove_ratio"": 0.1, ""final_polish_iters"": 100}"
00:39:19,config_berlin52_20260701_003609.json,berlin52,GWO-ALNS,17,7617.2,"{""pack_size"": 70, ""max_iterations"": 250, ""initial_a"": 2.0, ""exploration_rate"": 0.6, ""max_no_improvement"": 50, ""polish_interval"": 25, ""alns_iterations"": 50, ""alns_remove_ratio"": 0.2, ""final_polish_iters"": 300}"
00:39:21,config_berlin52_20260701_003609.json,berlin52,GWO-ALNS,3,7542.0,"{""pack_size"": 50, ""max_iterations"": 250, ""initial_a"": 1.0, ""exploration_rate"": 0.4, ""max_no_improvement"": 50, ""polish_interval"": 15, ""alns_iterations"": 150, ""alns_remove_ratio"": 0.15, ""final_polish_iters"": 100}"
00:39:21,config_berlin52_20260701_003609.json,berlin52,GWO-ALNS,25,7605.4,"{""pack_size"": 70, ""max_iterations"": 350, ""initial_a"": 3.0, ""exploration_rate"": 0.4, ""max_no_improvement"": 75, ""polish_interval"": 25, ""alns_iterations"": 50, ""alns_remove_ratio"": 0.15, ""final_polish_iters"": 200}"
00:39:21,config_berlin52_20260701_003609.json,berlin52,GWO-ALNS,24,7568.2,"{""pack_size"": 70, ""max_iterations"": 150, ""initial_a"": 3.0, ""exploration_rate"": 0.2, ""max_no_improvement"": 75, ""polish_interval"": 35, ""alns_iterations"": 50, ""alns_remove_ratio"": 0.15, ""final_polish_iters"": 200}"
00:39:23,config_berlin52_20260701_003609.json,berlin52,GWO-ALNS,23,7568.2,"{""pack_size"": 50, ""max_iterations"": 150, ""initial_a"": 1.0, ""exploration_rate"": 0.6, ""max_no_improvement"": 100, ""polish_interval"": 15, ""alns_iterations"": 100, ""alns_remove_ratio"": 0.15, ""final_polish_iters"": 300}"
00:39:24,config_berlin52_20260701_003609.json,berlin52,GWO-ALNS,27,7542.0,"{""pack_size"": 30, ""max_iterations"": 150, ""initial_a"": 1.0, ""exploration_rate"": 0.2, ""max_no_improvement"": 100, ""polish_interval"": 25, ""alns_iterations"": 150, ""alns_remove_ratio"": 0.15, ""final_polish_iters"": 300}"
00:39:36,config_berlin52_20260701_003609.json,berlin52,GWO-ALNS,8,7542.0,"{""pack_size"": 70, ""max_iterations"": 350, ""initial_a"": 1.0, ""exploration_rate"": 0.4, ""max_no_improvement"": 75, ""polish_interval"": 25, ""alns_iterations"": 150, ""alns_remove_ratio"": 0.15, ""final_polish_iters"": 300}"
00:39:39,config_berlin52_20260701_003609.json,berlin52,GWO-ALNS,26,7542.0,"{""pack_size"": 50, ""max_iterations"": 250, ""initial_a"": 1.0, ""exploration_rate"": 0.4, ""max_no_improvement"": 75, ""polish_interval"": 25, ""alns_iterations"": 100, ""alns_remove_ratio"": 0.2, ""final_polish_iters"": 200}"
00:39:39,config_berlin52_20260701_003609.json,berlin52,GWO-ALNS,5,7542.0,"{""pack_size"": 50, ""max_iterations"": 150, ""initial_a"": 2.0, ""exploration_rate"": 0.2, ""max_no_improvement"": 50, ""polish_interval"": 15, ""alns_iterations"": 150, ""alns_remove_ratio"": 0.2, ""final_polish_iters"": 100}"
00:39:42,config_berlin52_20260701_003609.json,berlin52,GWO-ALNS,10,7542.0,"{""pack_size"": 70, ""max_iterations"": 350, ""initial_a"": 3.0, ""exploration_rate"": 0.4, ""max_no_improvement"": 75, ""polish_interval"": 35, ""alns_iterations"": 100, ""alns_remove_ratio"": 0.2, ""final_polish_iters"": 300}"
00:39:55,config_berlin52_20260701_003609.json,berlin52,HHO-LKH,2,7869.4,"{""hawks"": 30, ""max_iterations"": 250, ""initial_energy"": 0.5, ""jump_probability"": 0.5, ""max_no_improvement"": 50, ""dive_count"": 2, ""levy_scale"": 0.2, ""polish_interval"": 15, ""polish_iters"": 15, ""final_polish_iters"": 100}"
00:39:55,config_berlin52_20260701_003609.json,berlin52,HHO-LKH,6,7928.2,"{""hawks"": 30, ""max_iterations"": 350, ""initial_energy"": 1.0, ""jump_probability"": 0.5, ""max_no_improvement"": 50, ""dive_count"": 2, ""levy_scale"": 0.2, ""polish_interval"": 25, ""polish_iters"": 5, ""final_polish_iters"": 300}"
00:39:57,config_berlin52_20260701_003609.json,berlin52,HHO-LKH,7,7888.6,"{""hawks"": 30, ""max_iterations"": 350, ""initial_energy"": 0.5, ""jump_probability"": 0.7, ""max_no_improvement"": 50, ""dive_count"": 2, ""levy_scale"": 0.3, ""polish_interval"": 35, ""polish_iters"": 10, ""final_polish_iters"": 100}"
00:39:57,config_berlin52_20260701_003609.json,berlin52,HHO-LKH,10,7753.6,"{""hawks"": 30, ""max_iterations"": 250, ""initial_energy"": 0.5, ""jump_probability"": 0.3, ""max_no_improvement"": 50, ""dive_count"": 3, ""levy_scale"": 0.5, ""polish_interval"": 35, ""polish_iters"": 10, ""final_polish_iters"": 100}"
00:39:57,config_berlin52_20260701_003609.json,berlin52,HHO-LKH,5,7818.4,"{""hawks"": 30, ""max_iterations"": 350, ""initial_energy"": 1.5, ""jump_probability"": 0.3, ""max_no_improvement"": 100, ""dive_count"": 2, ""levy_scale"": 0.3, ""polish_interval"": 25, ""polish_iters"": 15, ""final_polish_iters"": 100}"
00:39:59,config_berlin52_20260701_003609.json,berlin52,HHO-LKH,3,7930.0,"{""hawks"": 30, ""max_iterations"": 150, ""initial_energy"": 0.5, ""jump_probability"": 0.7, ""max_no_improvement"": 50, ""dive_count"": 5, ""levy_scale"": 0.2, ""polish_interval"": 35, ""polish_iters"": 5, ""final_polish_iters"": 200}"
00:39:59,config_berlin52_20260701_003609.json,berlin52,HHO-LKH,8,7938.8,"{""hawks"": 30, ""max_iterations"": 250, ""initial_energy"": 1.0, ""jump_probability"": 0.3, ""max_no_improvement"": 75, ""dive_count"": 3, ""levy_scale"": 0.5, ""polish_interval"": 35, ""polish_iters"": 5, ""final_polish_iters"": 100}"
00:40:00,config_berlin52_20260701_003609.json,berlin52,HHO-LKH,15,7946.2,"{""hawks"": 30, ""max_iterations"": 150, ""initial_energy"": 1.5, ""jump_probability"": 0.5, ""max_no_improvement"": 100, ""dive_count"": 3, ""levy_scale"": 0.3, ""polish_interval"": 15, ""polish_iters"": 5, ""final_polish_iters"": 100}"
00:40:03,config_berlin52_20260701_003609.json,berlin52,HHO-LKH,14,7856.4,"{""hawks"": 50, ""max_iterations"": 350, ""initial_energy"": 1.0, ""jump_probability"": 0.5, ""max_no_improvement"": 50, ""dive_count"": 2, ""levy_scale"": 0.2, ""polish_interval"": 35, ""polish_iters"": 5, ""final_polish_iters"": 300}"
00:40:04,config_berlin52_20260701_003609.json,berlin52,HHO-LKH,18,7914.0,"{""hawks"": 30, ""max_iterations"": 150, ""initial_energy"": 0.5, ""jump_probability"": 0.7, ""max_no_improvement"": 100, ""dive_count"": 3, ""levy_scale"": 0.5, ""polish_interval"": 15, ""polish_iters"": 10, ""final_polish_iters"": 100}"
00:40:06,config_berlin52_20260701_003609.json,berlin52,HHO-LKH,9,7893.8,"{""hawks"": 70, ""max_iterations"": 250, ""initial_energy"": 1.0, ""jump_probability"": 0.3, ""max_no_improvement"": 50, ""dive_count"": 3, ""levy_scale"": 0.5, ""polish_interval"": 25, ""polish_iters"": 15, ""final_polish_iters"": 200}"
00:40:07,config_berlin52_20260701_003609.json,berlin52,HHO-LKH,13,7829.6,"{""hawks"": 70, ""max_iterations"": 350, ""initial_energy"": 1.5, ""jump_probability"": 0.7, ""max_no_improvement"": 50, ""dive_count"": 3, ""levy_scale"": 0.5, ""polish_interval"": 25, ""polish_iters"": 10, ""final_polish_iters"": 300}"
00:40:07,config_berlin52_20260701_003609.json,berlin52,HHO-LKH,16,7748.4,"{""hawks"": 50, ""max_iterations"": 350, ""initial_energy"": 1.5, ""jump_probability"": 0.7, ""max_no_improvement"": 50, ""dive_count"": 2, ""levy_scale"": 0.5, ""polish_interval"": 15, ""polish_iters"": 15, ""final_polish_iters"": 200}"
00:40:07,config_berlin52_20260701_003609.json,berlin52,HHO-LKH,1,7810.4,"{""hawks"": 70, ""max_iterations"": 150, ""initial_energy"": 1.0, ""jump_probability"": 0.3, ""max_no_improvement"": 75, ""dive_count"": 3, ""levy_scale"": 0.3, ""polish_interval"": 15, ""polish_iters"": 5, ""final_polish_iters"": 200}"
00:40:08,config_berlin52_20260701_003609.json,berlin52,HHO-LKH,21,7850.6,"{""hawks"": 30, ""max_iterations"": 350, ""initial_energy"": 0.5, ""jump_probability"": 0.5, ""max_no_improvement"": 75, ""dive_count"": 5, ""levy_scale"": 0.5, ""polish_interval"": 35, ""polish_iters"": 5, ""final_polish_iters"": 100}"
00:40:08,config_berlin52_20260701_003609.json,berlin52,HHO-LKH,20,7793.8,"{""hawks"": 30, ""max_iterations"": 150, ""initial_energy"": 1.5, ""jump_probability"": 0.7, ""max_no_improvement"": 75, ""dive_count"": 2, ""levy_scale"": 0.5, ""polish_interval"": 25, ""polish_iters"": 5, ""final_polish_iters"": 300}"
00:40:09,config_berlin52_20260701_003609.json,berlin52,HHO-LKH,11,7850.6,"{""hawks"": 70, ""max_iterations"": 150, ""initial_energy"": 1.5, ""jump_probability"": 0.3, ""max_no_improvement"": 100, ""dive_count"": 3, ""levy_scale"": 0.3, ""polish_interval"": 25, ""polish_iters"": 10, ""final_polish_iters"": 300}"
00:40:09,config_berlin52_20260701_003609.json,berlin52,HHO-LKH,12,7827.2,"{""hawks"": 70, ""max_iterations"": 250, ""initial_energy"": 1.0, ""jump_probability"": 0.3, ""max_no_improvement"": 75, ""dive_count"": 5, ""levy_scale"": 0.2, ""polish_interval"": 35, ""polish_iters"": 10, ""final_polish_iters"": 100}"
00:40:09,config_berlin52_20260701_003609.json,berlin52,HHO-LKH,19,7854.4,"{""hawks"": 30, ""max_iterations"": 150, ""initial_energy"": 0.5, ""jump_probability"": 0.7, ""max_no_improvement"": 100, ""dive_count"": 2, ""levy_scale"": 0.2, ""polish_interval"": 15, ""polish_iters"": 15, ""final_polish_iters"": 300}"
00:40:10,config_berlin52_20260701_003609.json,berlin52,HHO-LKH,22,7930.4,"{""hawks"": 30, ""max_iterations"": 350, ""initial_energy"": 0.5, ""jump_probability"": 0.7, ""max_no_improvement"": 100, ""dive_count"": 5, ""levy_scale"": 0.2, ""polish_interval"": 35, ""polish_iters"": 5, ""final_polish_iters"": 200}"
00:40:11,config_berlin52_20260701_003609.json,berlin52,HHO-LKH,25,7917.0,"{""hawks"": 30, ""max_iterations"": 150, ""initial_energy"": 0.5, ""jump_probability"": 0.7, ""max_no_improvement"": 75, ""dive_count"": 2, ""levy_scale"": 0.3, ""polish_interval"": 25, ""polish_iters"": 5, ""final_polish_iters"": 300}"
00:40:12,config_berlin52_20260701_003609.json,berlin52,HHO-LKH,4,7848.4,"{""hawks"": 70, ""max_iterations"": 250, ""initial_energy"": 1.0, ""jump_probability"": 0.3, ""max_no_improvement"": 75, ""dive_count"": 5, ""levy_scale"": 0.5, ""polish_interval"": 35, ""polish_iters"": 15, ""final_polish_iters"": 200}"
00:40:12,config_berlin52_20260701_003609.json,berlin52,HHO-LKH,17,7857.6,"{""hawks"": 50, ""max_iterations"": 250, ""initial_energy"": 0.5, ""jump_probability"": 0.5, ""max_no_improvement"": 100, ""dive_count"": 5, ""levy_scale"": 0.3, ""polish_interval"": 15, ""polish_iters"": 10, ""final_polish_iters"": 100}"
00:40:13,config_berlin52_20260701_003609.json,berlin52,HHO-LKH,23,7847.4,"{""hawks"": 50, ""max_iterations"": 350, ""initial_energy"": 0.5, ""jump_probability"": 0.3, ""max_no_improvement"": 75, ""dive_count"": 2, ""levy_scale"": 0.5, ""polish_interval"": 25, ""polish_iters"": 15, ""final_polish_iters"": 200}"
00:40:14,config_berlin52_20260701_003609.json,berlin52,HHO-LKH,27,7907.2,"{""hawks"": 30, ""max_iterations"": 250, ""initial_energy"": 1.5, ""jump_probability"": 0.7, ""max_no_improvement"": 100, ""dive_count"": 3, ""levy_scale"": 0.5, ""polish_interval"": 25, ""polish_iters"": 15, ""final_polish_iters"": 300}"
00:40:18,config_berlin52_20260701_003609.json,berlin52,HHO-LKH,26,7861.2,"{""hawks"": 50, ""max_iterations"": 350, ""initial_energy"": 1.0, ""jump_probability"": 0.7, ""max_no_improvement"": 75, ""dive_count"": 3, ""levy_scale"": 0.2, ""polish_interval"": 15, ""polish_iters"": 15, ""final_polish_iters"": 200}"
00:40:19,config_berlin52_20260701_003609.json,berlin52,HHO-LKH,24,7806.6,"{""hawks"": 70, ""max_iterations"": 150, ""initial_energy"": 0.5, ""jump_probability"": 0.3, ""max_no_improvement"": 50, ""dive_count"": 3, ""levy_scale"": 0.2, ""polish_interval"": 15, ""polish_iters"": 15, ""final_polish_iters"": 100}"
00:40:31,config_berlin52_20260701_003609.json,berlin52,HHO-ALNS,10,7736.8,"{""hawks"": 30, ""max_iterations"": 250, ""initial_energy"": 0.5, ""jump_probability"": 0.5, ""max_no_improvement"": 75, ""dive_count"": 2, ""levy_scale"": 0.5, ""polish_interval"": 25, ""alns_iterations"": 50, ""alns_remove_ratio"": 0.1, ""final_polish_iters"": 300}"
00:40:33,config_berlin52_20260701_003609.json,berlin52,HHO-ALNS,8,7681.2,"{""hawks"": 30, ""max_iterations"": 250, ""initial_energy"": 1.0, ""jump_probability"": 0.3, ""max_no_improvement"": 50, ""dive_count"": 5, ""levy_scale"": 0.3, ""polish_interval"": 35, ""alns_iterations"": 50, ""alns_remove_ratio"": 0.15, ""final_polish_iters"": 100}"
00:40:35,config_berlin52_20260701_003609.json,berlin52,HHO-ALNS,6,7764.6,"{""hawks"": 30, ""max_iterations"": 350, ""initial_energy"": 1.5, ""jump_probability"": 0.7, ""max_no_improvement"": 100, ""dive_count"": 2, ""levy_scale"": 0.5, ""polish_interval"": 25, ""alns_iterations"": 50, ""alns_remove_ratio"": 0.15, ""final_polish_iters"": 200}"
00:40:39,config_berlin52_20260701_003609.json,berlin52,HHO-ALNS,14,7677.0,"{""hawks"": 30, ""max_iterations"": 150, ""initial_energy"": 1.0, ""jump_probability"": 0.3, ""max_no_improvement"": 75, ""dive_count"": 5, ""levy_scale"": 0.2, ""polish_interval"": 25, ""alns_iterations"": 50, ""alns_remove_ratio"": 0.2, ""final_polish_iters"": 300}"
00:40:40,config_berlin52_20260701_003609.json,berlin52,HHO-ALNS,16,7608.6,"{""hawks"": 30, ""max_iterations"": 350, ""initial_energy"": 1.5, ""jump_probability"": 0.7, ""max_no_improvement"": 50, ""dive_count"": 3, ""levy_scale"": 0.5, ""polish_interval"": 25, ""alns_iterations"": 150, ""alns_remove_ratio"": 0.1, ""final_polish_iters"": 300}"
00:40:42,config_berlin52_20260701_003609.json,berlin52,HHO-ALNS,15,7689.0,"{""hawks"": 30, ""max_iterations"": 250, ""initial_energy"": 0.5, ""jump_probability"": 0.7, ""max_no_improvement"": 50, ""dive_count"": 5, ""levy_scale"": 0.2, ""polish_interval"": 15, ""alns_iterations"": 150, ""alns_remove_ratio"": 0.1, ""final_polish_iters"": 100}"
00:40:45,config_berlin52_20260701_003609.json,berlin52,HHO-ALNS,1,7649.0,"{""hawks"": 70, ""max_iterations"": 350, ""initial_energy"": 1.0, ""jump_probability"": 0.5, ""max_no_improvement"": 75, ""dive_count"": 5, ""levy_scale"": 0.5, ""polish_interval"": 25, ""alns_iterations"": 50, ""alns_remove_ratio"": 0.15, ""final_polish_iters"": 300}"
00:40:48,config_berlin52_20260701_003609.json,berlin52,HHO-ALNS,19,7694.2,"{""hawks"": 70, ""max_iterations"": 350, ""initial_energy"": 0.5, ""jump_probability"": 0.3, ""max_no_improvement"": 50, ""dive_count"": 3, ""levy_scale"": 0.3, ""polish_interval"": 25, ""alns_iterations"": 50, ""alns_remove_ratio"": 0.1, ""final_polish_iters"": 100}"
00:40:51,config_berlin52_20260701_003609.json,berlin52,HHO-ALNS,3,7575.2,"{""hawks"": 30, ""max_iterations"": 150, ""initial_energy"": 0.5, ""jump_probability"": 0.7, ""max_no_improvement"": 100, ""dive_count"": 5, ""levy_scale"": 0.5, ""polish_interval"": 35, ""alns_iterations"": 150, ""alns_remove_ratio"": 0.15, ""final_polish_iters"": 200}"
00:40:51,config_berlin52_20260701_003609.json,berlin52,HHO-ALNS,11,7568.2,"{""hawks"": 70, ""max_iterations"": 250, ""initial_energy"": 1.5, ""jump_probability"": 0.5, ""max_no_improvement"": 100, ""dive_count"": 3, ""levy_scale"": 0.2, ""polish_interval"": 15, ""alns_iterations"": 50, ""alns_remove_ratio"": 0.15, ""final_polish_iters"": 100}"
00:40:52,config_berlin52_20260701_003609.json,berlin52,HHO-ALNS,12,7542.0,"{""hawks"": 50, ""max_iterations"": 350, ""initial_energy"": 1.0, ""jump_probability"": 0.7, ""max_no_improvement"": 75, ""dive_count"": 5, ""levy_scale"": 0.2, ""polish_interval"": 25, ""alns_iterations"": 100, ""alns_remove_ratio"": 0.15, ""final_polish_iters"": 100}"
00:40:56,config_berlin52_20260701_003609.json,berlin52,HHO-ALNS,4,7542.0,"{""hawks"": 50, ""max_iterations"": 150, ""initial_energy"": 1.0, ""jump_probability"": 0.7, ""max_no_improvement"": 100, ""dive_count"": 5, ""levy_scale"": 0.5, ""polish_interval"": 15, ""alns_iterations"": 50, ""alns_remove_ratio"": 0.2, ""final_polish_iters"": 200}"
00:40:56,config_berlin52_20260701_003609.json,berlin52,HHO-ALNS,7,7568.2,"{""hawks"": 30, ""max_iterations"": 250, ""initial_energy"": 1.5, ""jump_probability"": 0.5, ""max_no_improvement"": 100, ""dive_count"": 2, ""levy_scale"": 0.3, ""polish_interval"": 25, ""alns_iterations"": 150, ""alns_remove_ratio"": 0.15, ""final_polish_iters"": 100}"
00:40:58,config_berlin52_20260701_003609.json,berlin52,HHO-ALNS,13,7568.2,"{""hawks"": 30, ""max_iterations"": 150, ""initial_energy"": 1.0, ""jump_probability"": 0.3, ""max_no_improvement"": 100, ""dive_count"": 3, ""levy_scale"": 0.2, ""polish_interval"": 35, ""alns_iterations"": 100, ""alns_remove_ratio"": 0.2, ""final_polish_iters"": 100}"
00:40:59,config_berlin52_20260701_003609.json,berlin52,HHO-ALNS,21,7593.2,"{""hawks"": 70, ""max_iterations"": 250, ""initial_energy"": 1.0, ""jump_probability"": 0.5, ""max_no_improvement"": 50, ""dive_count"": 5, ""levy_scale"": 0.3, ""polish_interval"": 25, ""alns_iterations"": 50, ""alns_remove_ratio"": 0.15, ""final_polish_iters"": 200}"
00:40:59,config_berlin52_20260701_003609.json,berlin52,HHO-ALNS,22,7568.2,"{""hawks"": 30, ""max_iterations"": 350, ""initial_energy"": 1.0, ""jump_probability"": 0.7, ""max_no_improvement"": 100, ""dive_count"": 3, ""levy_scale"": 0.3, ""polish_interval"": 25, ""alns_iterations"": 100, ""alns_remove_ratio"": 0.15, ""final_polish_iters"": 300}"
00:41:04,config_berlin52_20260701_003609.json,berlin52,HHO-ALNS,25,7605.4,"{""hawks"": 50, ""max_iterations"": 350, ""initial_energy"": 1.0, ""jump_probability"": 0.7, ""max_no_improvement"": 50, ""dive_count"": 5, ""levy_scale"": 0.3, ""polish_interval"": 35, ""alns_iterations"": 50, ""alns_remove_ratio"": 0.15, ""final_polish_iters"": 100}"
00:41:06,config_berlin52_20260701_003609.json,berlin52,HHO-ALNS,26,7542.0,"{""hawks"": 30, ""max_iterations"": 350, ""initial_energy"": 1.5, ""jump_probability"": 0.7, ""max_no_improvement"": 75, ""dive_count"": 2, ""levy_scale"": 0.5, ""polish_interval"": 25, ""alns_iterations"": 50, ""alns_remove_ratio"": 0.2, ""final_polish_iters"": 200}"
00:41:07,config_berlin52_20260701_003609.json,berlin52,HHO-ALNS,20,7568.2,"{""hawks"": 30, ""max_iterations"": 150, ""initial_energy"": 1.0, ""jump_probability"": 0.3, ""max_no_improvement"": 50, ""dive_count"": 3, ""levy_scale"": 0.3, ""polish_interval"": 35, ""alns_iterations"": 100, ""alns_remove_ratio"": 0.2, ""final_polish_iters"": 300}"
00:41:09,config_berlin52_20260701_003609.json,berlin52,HHO-ALNS,5,7542.0,"{""hawks"": 50, ""max_iterations"": 150, ""initial_energy"": 0.5, ""jump_probability"": 0.7, ""max_no_improvement"": 75, ""dive_count"": 2, ""levy_scale"": 0.2, ""polish_interval"": 25, ""alns_iterations"": 100, ""alns_remove_ratio"": 0.2, ""final_polish_iters"": 300}"
00:41:09,config_berlin52_20260701_003609.json,berlin52,HHO-ALNS,2,7542.0,"{""hawks"": 30, ""max_iterations"": 250, ""initial_energy"": 1.0, ""jump_probability"": 0.5, ""max_no_improvement"": 75, ""dive_count"": 2, ""levy_scale"": 0.2, ""polish_interval"": 15, ""alns_iterations"": 150, ""alns_remove_ratio"": 0.2, ""final_polish_iters"": 100}"
00:41:09,config_berlin52_20260701_003609.json,berlin52,HHO-ALNS,18,7542.0,"{""hawks"": 70, ""max_iterations"": 150, ""initial_energy"": 1.5, ""jump_probability"": 0.3, ""max_no_improvement"": 75, ""dive_count"": 5, ""levy_scale"": 0.2, ""polish_interval"": 25, ""alns_iterations"": 100, ""alns_remove_ratio"": 0.15, ""final_polish_iters"": 200}"
00:41:11,config_berlin52_20260701_003609.json,berlin52,HHO-ALNS,27,7596.8,"{""hawks"": 50, ""max_iterations"": 350, ""initial_energy"": 1.5, ""jump_probability"": 0.7, ""max_no_improvement"": 100, ""dive_count"": 3, ""levy_scale"": 0.3, ""polish_interval"": 35, ""alns_iterations"": 100, ""alns_remove_ratio"": 0.1, ""final_polish_iters"": 200}"
00:41:20,config_berlin52_20260701_003609.json,berlin52,HHO-ALNS,23,7591.4,"{""hawks"": 70, ""max_iterations"": 350, ""initial_energy"": 1.0, ""jump_probability"": 0.7, ""max_no_improvement"": 100, ""dive_count"": 5, ""levy_scale"": 0.2, ""polish_interval"": 15, ""alns_iterations"": 150, ""alns_remove_ratio"": 0.1, ""final_polish_iters"": 300}"
00:41:35,config_berlin52_20260701_003609.json,berlin52,HHO-ALNS,24,7542.0,"{""hawks"": 70, ""max_iterations"": 250, ""initial_energy"": 0.5, ""jump_probability"": 0.7, ""max_no_improvement"": 50, ""dive_count"": 5, ""levy_scale"": 0.5, ""polish_interval"": 25, ""alns_iterations"": 150, ""alns_remove_ratio"": 0.15, ""final_polish_iters"": 300}"
00:41:36,config_berlin52_20260701_003609.json,berlin52,HHO-ALNS,17,7542.0,"{""hawks"": 50, ""max_iterations"": 150, ""initial_energy"": 0.5, ""jump_probability"": 0.3, ""max_no_improvement"": 100, ""dive_count"": 3, ""levy_scale"": 0.5, ""polish_interval"": 35, ""alns_iterations"": 150, ""alns_remove_ratio"": 0.2, ""final_polish_iters"": 100}"
00:41:47,config_berlin52_20260701_003609.json,berlin52,HHO-ALNS,9,7542.0,"{""hawks"": 70, ""max_iterations"": 250, ""initial_energy"": 0.5, ""jump_probability"": 0.7, ""max_no_improvement"": 75, ""dive_count"": 2, ""levy_scale"": 0.2, ""polish_interval"": 35, ""alns_iterations"": 150, ""alns_remove_ratio"": 0.2, ""final_polish_iters"": 300}"
