timestamp,problem,strategy,combo_idx,avg_length,avg_gap,avg_time_ms,n_runs,param_signature,params_json
2026-05-15T11:42:24.347947,burma14,2-opt,1,3392.0,2.076437,0.2713,2,"{""algorithm_type"": ""local_search"", ""max_iterations"": 3000}","{""algorithm_type"": ""local_search"", ""max_iterations"": 3000}"
2026-05-15T22:02:05.274131,bier127,2-opt,1,128092.8,8.294415,443.3389,5,"{""algorithm_type"": ""local_search"", ""max_iterations"": 3000}","{""algorithm_type"": ""local_search"", ""max_iterations"": 3000}"
2026-05-15T22:02:06.385257,bier127,3-opt-bounded,3,213277.2,80.312474,637.2345,5,"{""algorithm_type"": ""local_search"", ""first_improvement"": true, ""max_iterations"": 300, ""window"": 20}","{""algorithm_type"": ""local_search"", ""first_improvement"": true, ""max_iterations"": 300, ""window"": 20}"
2026-05-15T22:02:06.489785,bier127,3-opt-bounded,2,212669.6,79.798786,665.8536,5,"{""algorithm_type"": ""local_search"", ""first_improvement"": true, ""max_iterations"": 300, ""window"": 12}","{""algorithm_type"": ""local_search"", ""first_improvement"": true, ""max_iterations"": 300, ""window"": 12}"
2026-05-15T22:02:06.614243,bier127,3-opt-bounded,1,218003.8,84.308517,700.678,5,"{""algorithm_type"": ""local_search"", ""first_improvement"": true, ""max_iterations"": 300, ""window"": 8}","{""algorithm_type"": ""local_search"", ""first_improvement"": true, ""max_iterations"": 300, ""window"": 8}"
2026-05-15T22:02:06.652126,bier127,3-opt-bounded,12,220177.4,86.146159,271.6302,5,"{""algorithm_type"": ""local_search"", ""first_improvement"": true, ""max_iterations"": 500, ""window"": 50}","{""algorithm_type"": ""local_search"", ""first_improvement"": true, ""max_iterations"": 500, ""window"": 50}"
2026-05-15T22:02:06.685616,bier127,3-opt-bounded,4,212484.2,79.642042,700.7001,5,"{""algorithm_type"": ""local_search"", ""first_improvement"": true, ""max_iterations"": 300, ""window"": 50}","{""algorithm_type"": ""local_search"", ""first_improvement"": true, ""max_iterations"": 300, ""window"": 50}"
2026-05-15T22:02:06.727935,bier127,3-opt-bounded,6,214957.8,81.733315,692.311,5,"{""algorithm_type"": ""local_search"", ""first_improvement"": false, ""max_iterations"": 300, ""window"": 12}","{""algorithm_type"": ""local_search"", ""first_improvement"": false, ""max_iterations"": 300, ""window"": 12}"
2026-05-15T22:02:06.731177,bier127,3-opt-bounded,5,210361.6,77.847517,699.5121,5,"{""algorithm_type"": ""local_search"", ""first_improvement"": false, ""max_iterations"": 300, ""window"": 8}","{""algorithm_type"": ""local_search"", ""first_improvement"": false, ""max_iterations"": 300, ""window"": 8}"
2026-05-15T22:02:06.786663,bier127,3-opt-bounded,7,208349.4,76.146328,692.3402,5,"{""algorithm_type"": ""local_search"", ""first_improvement"": false, ""max_iterations"": 300, ""window"": 20}","{""algorithm_type"": ""local_search"", ""first_improvement"": false, ""max_iterations"": 300, ""window"": 20}"
2026-05-15T22:02:06.944909,bier127,3-opt-bounded,10,220190.6,86.157319,675.3948,5,"{""algorithm_type"": ""local_search"", ""first_improvement"": true, ""max_iterations"": 500, ""window"": 12}","{""algorithm_type"": ""local_search"", ""first_improvement"": true, ""max_iterations"": 500, ""window"": 12}"
2026-05-15T22:02:07.140775,bier127,3-opt-bounded,9,203157.4,71.756818,731.8605,5,"{""algorithm_type"": ""local_search"", ""first_improvement"": true, ""max_iterations"": 500, ""window"": 8}","{""algorithm_type"": ""local_search"", ""first_improvement"": true, ""max_iterations"": 500, ""window"": 8}"
2026-05-15T22:02:07.187279,bier127,3-opt-bounded,8,222589.8,88.185692,746.7877,5,"{""algorithm_type"": ""local_search"", ""first_improvement"": false, ""max_iterations"": 300, ""window"": 50}","{""algorithm_type"": ""local_search"", ""first_improvement"": false, ""max_iterations"": 300, ""window"": 50}"
2026-05-15T22:02:07.495215,bier127,3-opt-bounded,11,214013.4,80.934884,765.2263,5,"{""algorithm_type"": ""local_search"", ""first_improvement"": true, ""max_iterations"": 500, ""window"": 20}","{""algorithm_type"": ""local_search"", ""first_improvement"": true, ""max_iterations"": 500, ""window"": 20}"
2026-05-15T22:02:07.773083,bier127,3-opt-bounded,14,211621.2,78.91243,252.9404,5,"{""algorithm_type"": ""local_search"", ""first_improvement"": false, ""max_iterations"": 500, ""window"": 12}","{""algorithm_type"": ""local_search"", ""first_improvement"": false, ""max_iterations"": 500, ""window"": 12}"
2026-05-15T22:02:07.834513,bier127,3-opt-bounded,13,212971.4,80.053939,286.3071,5,"{""algorithm_type"": ""local_search"", ""first_improvement"": false, ""max_iterations"": 500, ""window"": 8}","{""algorithm_type"": ""local_search"", ""first_improvement"": false, ""max_iterations"": 500, ""window"": 8}"
2026-05-15T22:02:07.970586,bier127,3-opt-bounded,15,227341.6,92.20304,263.7303,5,"{""algorithm_type"": ""local_search"", ""first_improvement"": false, ""max_iterations"": 500, ""window"": 20}","{""algorithm_type"": ""local_search"", ""first_improvement"": false, ""max_iterations"": 500, ""window"": 20}"
2026-05-15T22:02:08.031840,bier127,3-opt-bounded,16,210026.2,77.563957,273.4561,5,"{""algorithm_type"": ""local_search"", ""first_improvement"": false, ""max_iterations"": 500, ""window"": 50}","{""algorithm_type"": ""local_search"", ""first_improvement"": false, ""max_iterations"": 500, ""window"": 50}"
2026-05-15T22:02:08.212713,bier127,3-opt-bounded,17,201588.2,70.430158,300.5665,5,"{""algorithm_type"": ""local_search"", ""first_improvement"": true, ""max_iterations"": 1000, ""window"": 8}","{""algorithm_type"": ""local_search"", ""first_improvement"": true, ""max_iterations"": 1000, ""window"": 8}"
2026-05-15T22:02:08.218846,bier127,Swap,1,188270.0,59.170457,73.7012,5,"{""algorithm_type"": ""local_search"", ""max_iterations"": 8000}","{""algorithm_type"": ""local_search"", ""max_iterations"": 8000}"
2026-05-15T22:02:08.248216,bier127,3-opt-bounded,18,218635.2,84.842326,300.2444,5,"{""algorithm_type"": ""local_search"", ""first_improvement"": true, ""max_iterations"": 1000, ""window"": 12}","{""algorithm_type"": ""local_search"", ""first_improvement"": true, ""max_iterations"": 1000, ""window"": 12}"
2026-05-15T22:02:08.387073,bier127,3-opt-bounded,21,211045.8,78.425965,285.0819,5,"{""algorithm_type"": ""local_search"", ""first_improvement"": false, ""max_iterations"": 1000, ""window"": 8}","{""algorithm_type"": ""local_search"", ""first_improvement"": false, ""max_iterations"": 1000, ""window"": 8}"
2026-05-15T22:02:08.518738,bier127,3-opt-bounded,20,219799.6,85.826753,321.3639,5,"{""algorithm_type"": ""local_search"", ""first_improvement"": true, ""max_iterations"": 1000, ""window"": 50}","{""algorithm_type"": ""local_search"", ""first_improvement"": true, ""max_iterations"": 1000, ""window"": 50}"
2026-05-15T22:02:08.566937,bier127,3-opt-bounded,23,234109.8,97.925128,272.7457,5,"{""algorithm_type"": ""local_search"", ""first_improvement"": false, ""max_iterations"": 1000, ""window"": 20}","{""algorithm_type"": ""local_search"", ""first_improvement"": false, ""max_iterations"": 1000, ""window"": 20}"
2026-05-15T22:02:08.570171,bier127,3-opt-bounded,19,217720.8,84.069258,348.6725,5,"{""algorithm_type"": ""local_search"", ""first_improvement"": true, ""max_iterations"": 1000, ""window"": 20}","{""algorithm_type"": ""local_search"", ""first_improvement"": true, ""max_iterations"": 1000, ""window"": 20}"
2026-05-15T22:02:08.573272,bier127,3-opt-bounded,22,217061.4,83.511777,277.1978,5,"{""algorithm_type"": ""local_search"", ""first_improvement"": false, ""max_iterations"": 1000, ""window"": 12}","{""algorithm_type"": ""local_search"", ""first_improvement"": false, ""max_iterations"": 1000, ""window"": 12}"
2026-05-15T22:02:08.723943,bier127,3-opt-bounded,24,226246.0,91.276779,242.2277,5,"{""algorithm_type"": ""local_search"", ""first_improvement"": false, ""max_iterations"": 1000, ""window"": 50}","{""algorithm_type"": ""local_search"", ""first_improvement"": false, ""max_iterations"": 1000, ""window"": 50}"
2026-05-15T22:02:10.771252,bier127,Hybrid,1,124145.4,4.957136,553.9634,5,"{""algorithm_type"": ""local_search"", ""max_iterations"": 10}","{""algorithm_type"": ""local_search"", ""max_iterations"": 10}"
2026-05-15T22:02:14.188795,bier127,GA,1,122806.2,3.824927,1228.7099,5,"{""algorithm_type"": ""meta_heuristic"", ""crossover_rate"": 0.8, ""elite_size"": 8, ""generations"": 350, ""mutation_rate"": 0.12, ""pop_size"": 80}","{""algorithm_type"": ""meta_heuristic"", ""crossover_rate"": 0.8, ""elite_size"": 8, ""generations"": 350, ""mutation_rate"": 0.12, ""pop_size"": 80}"
2026-05-15T22:02:14.747749,bier127,GA,4,122690.6,3.727194,1297.2458,5,"{""algorithm_type"": ""meta_heuristic"", ""crossover_rate"": 0.9, ""elite_size"": 4, ""generations"": 250, ""mutation_rate"": 0.12, ""pop_size"": 120}","{""algorithm_type"": ""meta_heuristic"", ""crossover_rate"": 0.9, ""elite_size"": 4, ""generations"": 250, ""mutation_rate"": 0.12, ""pop_size"": 120}"
2026-05-15T22:02:14.853621,bier127,GA,6,122423.0,3.500955,1264.3883,5,"{""algorithm_type"": ""meta_heuristic"", ""crossover_rate"": 0.9, ""elite_size"": 8, ""generations"": 350, ""mutation_rate"": 0.16, ""pop_size"": 80}","{""algorithm_type"": ""meta_heuristic"", ""crossover_rate"": 0.9, ""elite_size"": 8, ""generations"": 350, ""mutation_rate"": 0.16, ""pop_size"": 80}"
2026-05-15T22:02:14.924078,bier127,GA,5,122245.0,3.350468,1304.4376,5,"{""algorithm_type"": ""meta_heuristic"", ""crossover_rate"": 0.8, ""elite_size"": 6, ""generations"": 250, ""mutation_rate"": 0.08, ""pop_size"": 120}","{""algorithm_type"": ""meta_heuristic"", ""crossover_rate"": 0.8, ""elite_size"": 6, ""generations"": 250, ""mutation_rate"": 0.08, ""pop_size"": 120}"
2026-05-15T22:02:16.124556,bier127,GA,9,121678.8,2.871781,1504.9897,5,"{""algorithm_type"": ""meta_heuristic"", ""crossover_rate"": 0.9, ""elite_size"": 6, ""generations"": 350, ""mutation_rate"": 0.08, ""pop_size"": 80}","{""algorithm_type"": ""meta_heuristic"", ""crossover_rate"": 0.9, ""elite_size"": 6, ""generations"": 350, ""mutation_rate"": 0.08, ""pop_size"": 80}"
2026-05-15T22:02:16.687912,bier127,Or-opt,1,137190.6,15.986033,1775.2177,5,"{""algorithm_type"": ""local_search"", ""max_iterations"": 1500}","{""algorithm_type"": ""local_search"", ""max_iterations"": 1500}"
2026-05-15T22:02:17.517537,bier127,GA,2,122605.0,3.654825,1859.2004,5,"{""algorithm_type"": ""meta_heuristic"", ""crossover_rate"": 0.8, ""elite_size"": 2, ""generations"": 250, ""mutation_rate"": 0.12, ""pop_size"": 80}","{""algorithm_type"": ""meta_heuristic"", ""crossover_rate"": 0.8, ""elite_size"": 2, ""generations"": 250, ""mutation_rate"": 0.12, ""pop_size"": 80}"
2026-05-15T22:02:17.614219,bier127,GA,7,121918.2,3.074179,1805.6498,5,"{""algorithm_type"": ""meta_heuristic"", ""crossover_rate"": 0.85, ""elite_size"": 4, ""generations"": 350, ""mutation_rate"": 0.12, ""pop_size"": 80}","{""algorithm_type"": ""meta_heuristic"", ""crossover_rate"": 0.85, ""elite_size"": 4, ""generations"": 350, ""mutation_rate"": 0.12, ""pop_size"": 80}"
2026-05-15T22:02:18.933578,bier127,GA,8,121978.2,3.124905,2062.2146,5,"{""algorithm_type"": ""meta_heuristic"", ""crossover_rate"": 0.8, ""elite_size"": 4, ""generations"": 350, ""mutation_rate"": 0.16, ""pop_size"": 150}","{""algorithm_type"": ""meta_heuristic"", ""crossover_rate"": 0.8, ""elite_size"": 4, ""generations"": 350, ""mutation_rate"": 0.16, ""pop_size"": 150}"
2026-05-15T22:02:19.178728,bier127,GA,11,122293.0,3.391049,1678.8234,5,"{""algorithm_type"": ""meta_heuristic"", ""crossover_rate"": 0.8, ""elite_size"": 2, ""generations"": 250, ""mutation_rate"": 0.08, ""pop_size"": 150}","{""algorithm_type"": ""meta_heuristic"", ""crossover_rate"": 0.8, ""elite_size"": 2, ""generations"": 250, ""mutation_rate"": 0.08, ""pop_size"": 150}"
2026-05-15T22:02:19.915929,bier127,GA,3,122577.6,3.63166,2335.8728,5,"{""algorithm_type"": ""meta_heuristic"", ""crossover_rate"": 0.9, ""elite_size"": 6, ""generations"": 250, ""mutation_rate"": 0.16, ""pop_size"": 120}","{""algorithm_type"": ""meta_heuristic"", ""crossover_rate"": 0.9, ""elite_size"": 6, ""generations"": 250, ""mutation_rate"": 0.16, ""pop_size"": 120}"
2026-05-15T22:02:22.179562,bier127,GA,14,122845.8,3.858406,1462.6402,5,"{""algorithm_type"": ""meta_heuristic"", ""crossover_rate"": 0.9, ""elite_size"": 8, ""generations"": 350, ""mutation_rate"": 0.08, ""pop_size"": 80}","{""algorithm_type"": ""meta_heuristic"", ""crossover_rate"": 0.9, ""elite_size"": 8, ""generations"": 350, ""mutation_rate"": 0.08, ""pop_size"": 80}"
2026-05-15T22:02:22.239473,bier127,GA,15,122935.6,3.934326,1460.5711,5,"{""algorithm_type"": ""meta_heuristic"", ""crossover_rate"": 0.8, ""elite_size"": 4, ""generations"": 250, ""mutation_rate"": 0.08, ""pop_size"": 120}","{""algorithm_type"": ""meta_heuristic"", ""crossover_rate"": 0.8, ""elite_size"": 4, ""generations"": 250, ""mutation_rate"": 0.08, ""pop_size"": 120}"
2026-05-15T22:02:22.725075,bier127,GA,10,122187.8,3.302109,2797.7181,5,"{""algorithm_type"": ""meta_heuristic"", ""crossover_rate"": 0.9, ""elite_size"": 2, ""generations"": 500, ""mutation_rate"": 0.12, ""pop_size"": 150}","{""algorithm_type"": ""meta_heuristic"", ""crossover_rate"": 0.9, ""elite_size"": 2, ""generations"": 500, ""mutation_rate"": 0.12, ""pop_size"": 150}"
2026-05-15T22:02:22.914154,bier127,GA,12,122335.6,3.427064,1742.3433,5,"{""algorithm_type"": ""meta_heuristic"", ""crossover_rate"": 0.85, ""elite_size"": 4, ""generations"": 250, ""mutation_rate"": 0.12, ""pop_size"": 80}","{""algorithm_type"": ""meta_heuristic"", ""crossover_rate"": 0.85, ""elite_size"": 4, ""generations"": 250, ""mutation_rate"": 0.12, ""pop_size"": 80}"
2026-05-15T22:02:24.420307,bier127,GA,13,122234.4,3.341506,1931.7069,5,"{""algorithm_type"": ""meta_heuristic"", ""crossover_rate"": 0.8, ""elite_size"": 4, ""generations"": 250, ""mutation_rate"": 0.12, ""pop_size"": 80}","{""algorithm_type"": ""meta_heuristic"", ""crossover_rate"": 0.8, ""elite_size"": 4, ""generations"": 250, ""mutation_rate"": 0.12, ""pop_size"": 80}"
2026-05-15T22:02:24.644767,bier127,GA,16,122100.0,3.227879,1694.7904,5,"{""algorithm_type"": ""meta_heuristic"", ""crossover_rate"": 0.9, ""elite_size"": 8, ""generations"": 250, ""mutation_rate"": 0.08, ""pop_size"": 120}","{""algorithm_type"": ""meta_heuristic"", ""crossover_rate"": 0.9, ""elite_size"": 8, ""generations"": 250, ""mutation_rate"": 0.08, ""pop_size"": 120}"
2026-05-15T22:02:25.995910,bier127,GA,21,122866.4,3.875822,1360.6782,5,"{""algorithm_type"": ""meta_heuristic"", ""crossover_rate"": 0.9, ""elite_size"": 4, ""generations"": 500, ""mutation_rate"": 0.16, ""pop_size"": 80}","{""algorithm_type"": ""meta_heuristic"", ""crossover_rate"": 0.9, ""elite_size"": 4, ""generations"": 500, ""mutation_rate"": 0.16, ""pop_size"": 80}"
2026-05-15T22:02:26.759542,bier127,GA,18,121930.6,3.084662,1845.3695,5,"{""algorithm_type"": ""meta_heuristic"", ""crossover_rate"": 0.9, ""elite_size"": 6, ""generations"": 500, ""mutation_rate"": 0.12, ""pop_size"": 150}","{""algorithm_type"": ""meta_heuristic"", ""crossover_rate"": 0.9, ""elite_size"": 6, ""generations"": 500, ""mutation_rate"": 0.12, ""pop_size"": 150}"
2026-05-15T22:02:27.315129,bier127,GA,19,122184.0,3.298896,1930.2048,5,"{""algorithm_type"": ""meta_heuristic"", ""crossover_rate"": 0.85, ""elite_size"": 2, ""generations"": 250, ""mutation_rate"": 0.12, ""pop_size"": 80}","{""algorithm_type"": ""meta_heuristic"", ""crossover_rate"": 0.85, ""elite_size"": 2, ""generations"": 250, ""mutation_rate"": 0.12, ""pop_size"": 80}"
2026-05-15T22:02:27.582592,bier127,GA,17,122216.6,3.326457,2176.478,5,"{""algorithm_type"": ""meta_heuristic"", ""crossover_rate"": 0.8, ""elite_size"": 6, ""generations"": 350, ""mutation_rate"": 0.08, ""pop_size"": 150}","{""algorithm_type"": ""meta_heuristic"", ""crossover_rate"": 0.8, ""elite_size"": 6, ""generations"": 350, ""mutation_rate"": 0.08, ""pop_size"": 150}"
2026-05-15T22:02:28.903905,bier127,GA,23,121673.2,2.867047,1342.2211,5,"{""algorithm_type"": ""meta_heuristic"", ""crossover_rate"": 0.85, ""elite_size"": 4, ""generations"": 250, ""mutation_rate"": 0.08, ""pop_size"": 120}","{""algorithm_type"": ""meta_heuristic"", ""crossover_rate"": 0.85, ""elite_size"": 4, ""generations"": 250, ""mutation_rate"": 0.08, ""pop_size"": 120}"
2026-05-15T22:02:29.698277,bier127,GA,26,122410.2,3.490134,1354.1913,5,"{""algorithm_type"": ""meta_heuristic"", ""crossover_rate"": 0.85, ""elite_size"": 8, ""generations"": 250, ""mutation_rate"": 0.16, ""pop_size"": 120}","{""algorithm_type"": ""meta_heuristic"", ""crossover_rate"": 0.85, ""elite_size"": 8, ""generations"": 250, ""mutation_rate"": 0.16, ""pop_size"": 120}"
2026-05-15T22:02:31.278598,bier127,GA,28,121676.8,2.87009,1324.2581,5,"{""algorithm_type"": ""meta_heuristic"", ""crossover_rate"": 0.8, ""elite_size"": 8, ""generations"": 500, ""mutation_rate"": 0.08, ""pop_size"": 80}","{""algorithm_type"": ""meta_heuristic"", ""crossover_rate"": 0.8, ""elite_size"": 8, ""generations"": 500, ""mutation_rate"": 0.08, ""pop_size"": 80}"
2026-05-15T22:02:32.124373,bier127,GA,22,123088.4,4.063509,2439.5599,5,"{""algorithm_type"": ""meta_heuristic"", ""crossover_rate"": 0.85, ""elite_size"": 8, ""generations"": 500, ""mutation_rate"": 0.16, ""pop_size"": 120}","{""algorithm_type"": ""meta_heuristic"", ""crossover_rate"": 0.85, ""elite_size"": 8, ""generations"": 500, ""mutation_rate"": 0.16, ""pop_size"": 120}"
2026-05-15T22:02:32.494284,bier127,GA,27,122381.6,3.465954,1612.6944,5,"{""algorithm_type"": ""meta_heuristic"", ""crossover_rate"": 0.8, ""elite_size"": 4, ""generations"": 250, ""mutation_rate"": 0.08, ""pop_size"": 80}","{""algorithm_type"": ""meta_heuristic"", ""crossover_rate"": 0.8, ""elite_size"": 4, ""generations"": 250, ""mutation_rate"": 0.08, ""pop_size"": 80}"
2026-05-15T22:02:32.924718,bier127,GA,25,122456.8,3.529531,2034.8335,5,"{""algorithm_type"": ""meta_heuristic"", ""crossover_rate"": 0.85, ""elite_size"": 2, ""generations"": 500, ""mutation_rate"": 0.12, ""pop_size"": 150}","{""algorithm_type"": ""meta_heuristic"", ""crossover_rate"": 0.85, ""elite_size"": 2, ""generations"": 500, ""mutation_rate"": 0.12, ""pop_size"": 150}"
2026-05-15T22:02:33.187020,bier127,GA,29,122125.8,3.249691,1420.4543,5,"{""algorithm_type"": ""meta_heuristic"", ""crossover_rate"": 0.8, ""elite_size"": 6, ""generations"": 350, ""mutation_rate"": 0.16, ""pop_size"": 120}","{""algorithm_type"": ""meta_heuristic"", ""crossover_rate"": 0.8, ""elite_size"": 6, ""generations"": 350, ""mutation_rate"": 0.16, ""pop_size"": 120}"
2026-05-15T22:02:34.306777,bier127,GA,31,123140.6,4.107641,1394.9932,5,"{""algorithm_type"": ""meta_heuristic"", ""crossover_rate"": 0.9, ""elite_size"": 2, ""generations"": 250, ""mutation_rate"": 0.08, ""pop_size"": 120}","{""algorithm_type"": ""meta_heuristic"", ""crossover_rate"": 0.9, ""elite_size"": 2, ""generations"": 250, ""mutation_rate"": 0.08, ""pop_size"": 120}"
2026-05-15T22:02:34.608367,bier127,GA,24,121853.2,3.019225,2464.1738,5,"{""algorithm_type"": ""meta_heuristic"", ""crossover_rate"": 0.85, ""elite_size"": 2, ""generations"": 250, ""mutation_rate"": 0.12, ""pop_size"": 150}","{""algorithm_type"": ""meta_heuristic"", ""crossover_rate"": 0.85, ""elite_size"": 2, ""generations"": 250, ""mutation_rate"": 0.12, ""pop_size"": 150}"
2026-05-15T22:02:34.817051,bier127,GA,20,122126.4,3.250199,3170.9561,5,"{""algorithm_type"": ""meta_heuristic"", ""crossover_rate"": 0.9, ""elite_size"": 8, ""generations"": 350, ""mutation_rate"": 0.16, ""pop_size"": 150}","{""algorithm_type"": ""meta_heuristic"", ""crossover_rate"": 0.9, ""elite_size"": 8, ""generations"": 350, ""mutation_rate"": 0.16, ""pop_size"": 150}"
2026-05-15T22:02:36.157008,bier127,GA,34,122516.2,3.57975,1288.9171,5,"{""algorithm_type"": ""meta_heuristic"", ""crossover_rate"": 0.85, ""elite_size"": 2, ""generations"": 350, ""mutation_rate"": 0.12, ""pop_size"": 80}","{""algorithm_type"": ""meta_heuristic"", ""crossover_rate"": 0.85, ""elite_size"": 2, ""generations"": 350, ""mutation_rate"": 0.12, ""pop_size"": 80}"
2026-05-15T22:02:36.711393,bier127,GA,32,122251.0,3.35554,1819.0248,5,"{""algorithm_type"": ""meta_heuristic"", ""crossover_rate"": 0.85, ""elite_size"": 4, ""generations"": 350, ""mutation_rate"": 0.16, ""pop_size"": 120}","{""algorithm_type"": ""meta_heuristic"", ""crossover_rate"": 0.85, ""elite_size"": 4, ""generations"": 350, ""mutation_rate"": 0.16, ""pop_size"": 120}"
2026-05-15T22:02:37.468769,bier127,GA,33,122129.4,3.252735,1710.3796,5,"{""algorithm_type"": ""meta_heuristic"", ""crossover_rate"": 0.9, ""elite_size"": 2, ""generations"": 500, ""mutation_rate"": 0.12, ""pop_size"": 120}","{""algorithm_type"": ""meta_heuristic"", ""crossover_rate"": 0.9, ""elite_size"": 2, ""generations"": 500, ""mutation_rate"": 0.12, ""pop_size"": 120}"
2026-05-15T22:02:38.242540,bier127,GA,35,122063.8,3.197274,1390.256,5,"{""algorithm_type"": ""meta_heuristic"", ""crossover_rate"": 0.8, ""elite_size"": 4, ""generations"": 500, ""mutation_rate"": 0.08, ""pop_size"": 120}","{""algorithm_type"": ""meta_heuristic"", ""crossover_rate"": 0.8, ""elite_size"": 4, ""generations"": 500, ""mutation_rate"": 0.08, ""pop_size"": 120}"
2026-05-15T22:02:38.960799,bier127,GA,30,123005.6,3.993507,2428.7782,5,"{""algorithm_type"": ""meta_heuristic"", ""crossover_rate"": 0.85, ""elite_size"": 6, ""generations"": 500, ""mutation_rate"": 0.08, ""pop_size"": 80}","{""algorithm_type"": ""meta_heuristic"", ""crossover_rate"": 0.85, ""elite_size"": 6, ""generations"": 500, ""mutation_rate"": 0.08, ""pop_size"": 80}"
2026-05-15T22:02:40.022999,bier127,GA,38,121888.8,3.049323,1414.961,5,"{""algorithm_type"": ""meta_heuristic"", ""crossover_rate"": 0.8, ""elite_size"": 4, ""generations"": 250, ""mutation_rate"": 0.16, ""pop_size"": 120}","{""algorithm_type"": ""meta_heuristic"", ""crossover_rate"": 0.8, ""elite_size"": 4, ""generations"": 250, ""mutation_rate"": 0.16, ""pop_size"": 120}"
2026-05-15T22:02:40.297589,bier127,GA,39,121516.8,2.73482,1413.9108,5,"{""algorithm_type"": ""meta_heuristic"", ""crossover_rate"": 0.85, ""elite_size"": 8, ""generations"": 250, ""mutation_rate"": 0.12, ""pop_size"": 80}","{""algorithm_type"": ""meta_heuristic"", ""crossover_rate"": 0.85, ""elite_size"": 8, ""generations"": 250, ""mutation_rate"": 0.12, ""pop_size"": 80}"
2026-05-15T22:02:43.459164,bier127,GA,36,122228.4,3.336433,2264.3246,5,"{""algorithm_type"": ""meta_heuristic"", ""crossover_rate"": 0.9, ""elite_size"": 6, ""generations"": 350, ""mutation_rate"": 0.16, ""pop_size"": 120}","{""algorithm_type"": ""meta_heuristic"", ""crossover_rate"": 0.9, ""elite_size"": 6, ""generations"": 350, ""mutation_rate"": 0.16, ""pop_size"": 120}"
2026-05-15T22:02:43.622844,bier127,GA,40,122601.8,3.65212,1860.7932,5,"{""algorithm_type"": ""meta_heuristic"", ""crossover_rate"": 0.85, ""elite_size"": 6, ""generations"": 250, ""mutation_rate"": 0.12, ""pop_size"": 150}","{""algorithm_type"": ""meta_heuristic"", ""crossover_rate"": 0.85, ""elite_size"": 6, ""generations"": 250, ""mutation_rate"": 0.12, ""pop_size"": 150}"
2026-05-15T22:02:43.661889,bier127,GA,43,121913.0,3.069782,1498.1218,5,"{""algorithm_type"": ""meta_heuristic"", ""crossover_rate"": 0.85, ""elite_size"": 2, ""generations"": 500, ""mutation_rate"": 0.12, ""pop_size"": 120}","{""algorithm_type"": ""meta_heuristic"", ""crossover_rate"": 0.85, ""elite_size"": 2, ""generations"": 500, ""mutation_rate"": 0.12, ""pop_size"": 120}"
2026-05-15T22:02:43.987779,bier127,GA,44,122966.6,3.960535,1450.2518,5,"{""algorithm_type"": ""meta_heuristic"", ""crossover_rate"": 0.85, ""elite_size"": 4, ""generations"": 350, ""mutation_rate"": 0.08, ""pop_size"": 80}","{""algorithm_type"": ""meta_heuristic"", ""crossover_rate"": 0.85, ""elite_size"": 4, ""generations"": 350, ""mutation_rate"": 0.08, ""pop_size"": 80}"
2026-05-15T22:02:44.598612,bier127,GA,41,122670.2,3.709947,1991.9745,5,"{""algorithm_type"": ""meta_heuristic"", ""crossover_rate"": 0.85, ""elite_size"": 8, ""generations"": 350, ""mutation_rate"": 0.12, ""pop_size"": 150}","{""algorithm_type"": ""meta_heuristic"", ""crossover_rate"": 0.85, ""elite_size"": 8, ""generations"": 350, ""mutation_rate"": 0.12, ""pop_size"": 150}"
2026-05-15T22:02:44.782815,bier127,GA,37,122381.6,3.465954,2452.8187,5,"{""algorithm_type"": ""meta_heuristic"", ""crossover_rate"": 0.8, ""elite_size"": 8, ""generations"": 500, ""mutation_rate"": 0.12, ""pop_size"": 150}","{""algorithm_type"": ""meta_heuristic"", ""crossover_rate"": 0.8, ""elite_size"": 8, ""generations"": 500, ""mutation_rate"": 0.12, ""pop_size"": 150}"
2026-05-15T22:02:46.968763,bier127,GA,42,122716.4,3.749007,2428.1466,5,"{""algorithm_type"": ""meta_heuristic"", ""crossover_rate"": 0.8, ""elite_size"": 4, ""generations"": 350, ""mutation_rate"": 0.16, ""pop_size"": 80}","{""algorithm_type"": ""meta_heuristic"", ""crossover_rate"": 0.8, ""elite_size"": 4, ""generations"": 350, ""mutation_rate"": 0.16, ""pop_size"": 80}"
2026-05-15T22:02:47.415633,bier127,GA,49,122735.6,3.765239,1420.812,5,"{""algorithm_type"": ""meta_heuristic"", ""crossover_rate"": 0.9, ""elite_size"": 4, ""generations"": 500, ""mutation_rate"": 0.08, ""pop_size"": 120}","{""algorithm_type"": ""meta_heuristic"", ""crossover_rate"": 0.9, ""elite_size"": 4, ""generations"": 500, ""mutation_rate"": 0.08, ""pop_size"": 120}"
2026-05-15T22:02:49.086162,bier127,GA,48,122175.2,3.291456,1810.1977,5,"{""algorithm_type"": ""meta_heuristic"", ""crossover_rate"": 0.85, ""elite_size"": 4, ""generations"": 500, ""mutation_rate"": 0.16, ""pop_size"": 150}","{""algorithm_type"": ""meta_heuristic"", ""crossover_rate"": 0.85, ""elite_size"": 4, ""generations"": 500, ""mutation_rate"": 0.16, ""pop_size"": 150}"
2026-05-15T22:02:49.945178,bier127,GA,47,123161.4,4.125226,2193.9166,5,"{""algorithm_type"": ""meta_heuristic"", ""crossover_rate"": 0.8, ""elite_size"": 8, ""generations"": 500, ""mutation_rate"": 0.16, ""pop_size"": 150}","{""algorithm_type"": ""meta_heuristic"", ""crossover_rate"": 0.8, ""elite_size"": 8, ""generations"": 500, ""mutation_rate"": 0.16, ""pop_size"": 150}"
2026-05-15T22:02:50.790523,bier127,GA,46,122397.8,3.47965,2500.2327,5,"{""algorithm_type"": ""meta_heuristic"", ""crossover_rate"": 0.8, ""elite_size"": 6, ""generations"": 350, ""mutation_rate"": 0.08, ""pop_size"": 120}","{""algorithm_type"": ""meta_heuristic"", ""crossover_rate"": 0.8, ""elite_size"": 6, ""generations"": 350, ""mutation_rate"": 0.08, ""pop_size"": 120}"
2026-05-15T22:02:51.907045,bier127,GA,45,122093.4,3.222299,2882.0798,5,"{""algorithm_type"": ""meta_heuristic"", ""crossover_rate"": 0.8, ""elite_size"": 6, ""generations"": 350, ""mutation_rate"": 0.16, ""pop_size"": 150}","{""algorithm_type"": ""meta_heuristic"", ""crossover_rate"": 0.8, ""elite_size"": 6, ""generations"": 350, ""mutation_rate"": 0.16, ""pop_size"": 150}"
2026-05-15T22:02:55.784568,bier127,GA,50,122113.2,3.239039,2454.6608,5,"{""algorithm_type"": ""meta_heuristic"", ""crossover_rate"": 0.85, ""elite_size"": 6, ""generations"": 500, ""mutation_rate"": 0.08, ""pop_size"": 150}","{""algorithm_type"": ""meta_heuristic"", ""crossover_rate"": 0.85, ""elite_size"": 6, ""generations"": 500, ""mutation_rate"": 0.08, ""pop_size"": 150}"
2026-05-15T22:03:13.628658,bier127,PSO,3,121364.0,2.605637,5925.3416,5,"{""algorithm_type"": ""meta_heuristic"", ""c1"": 1.9, ""c2"": 1.9, ""iterations"": 200, ""reinit_interval"": 50, ""swarm_size"": 50, ""w"": 0.65}","{""algorithm_type"": ""meta_heuristic"", ""c1"": 1.9, ""c2"": 1.9, ""iterations"": 200, ""reinit_interval"": 50, ""swarm_size"": 50, ""w"": 0.65}"
2026-05-15T22:03:29.972732,bier127,PSO,10,120129.4,1.561861,7833.2873,5,"{""algorithm_type"": ""meta_heuristic"", ""c1"": 1.9, ""c2"": 1.6, ""iterations"": 300, ""reinit_interval"": 70, ""swarm_size"": 50, ""w"": 0.65}","{""algorithm_type"": ""meta_heuristic"", ""c1"": 1.9, ""c2"": 1.6, ""iterations"": 300, ""reinit_interval"": 70, ""swarm_size"": 50, ""w"": 0.65}"
2026-05-15T22:03:30.703510,bier127,PSO,8,120064.4,1.506907,8319.4329,5,"{""algorithm_type"": ""meta_heuristic"", ""c1"": 1.4, ""c2"": 1.9, ""iterations"": 300, ""reinit_interval"": 50, ""swarm_size"": 50, ""w"": 0.8}","{""algorithm_type"": ""meta_heuristic"", ""c1"": 1.4, ""c2"": 1.9, ""iterations"": 300, ""reinit_interval"": 50, ""swarm_size"": 50, ""w"": 0.8}"
2026-05-15T22:03:39.773422,bier127,PSO,11,120935.8,2.243621,9565.9092,5,"{""algorithm_type"": ""meta_heuristic"", ""c1"": 1.6, ""c2"": 1.9, ""iterations"": 200, ""reinit_interval"": 70, ""swarm_size"": 120, ""w"": 0.72}","{""algorithm_type"": ""meta_heuristic"", ""c1"": 1.6, ""c2"": 1.9, ""iterations"": 200, ""reinit_interval"": 70, ""swarm_size"": 120, ""w"": 0.72}"
2026-05-15T22:03:43.778675,bier127,PSO,2,119864.0,1.337482,12017.6686,5,"{""algorithm_type"": ""meta_heuristic"", ""c1"": 1.4, ""c2"": 1.9, ""iterations"": 300, ""reinit_interval"": 30, ""swarm_size"": 50, ""w"": 0.72}","{""algorithm_type"": ""meta_heuristic"", ""c1"": 1.4, ""c2"": 1.9, ""iterations"": 300, ""reinit_interval"": 30, ""swarm_size"": 50, ""w"": 0.72}"
2026-05-15T22:03:46.051630,bier127,PSO,5,120368.2,1.763751,12250.1025,5,"{""algorithm_type"": ""meta_heuristic"", ""c1"": 1.6, ""c2"": 1.4, ""iterations"": 500, ""reinit_interval"": 70, ""swarm_size"": 50, ""w"": 0.72}","{""algorithm_type"": ""meta_heuristic"", ""c1"": 1.6, ""c2"": 1.4, ""iterations"": 500, ""reinit_interval"": 70, ""swarm_size"": 50, ""w"": 0.72}"
2026-05-15T22:03:48.650716,bier127,PSO,1,119920.4,1.385164,13002.9867,5,"{""algorithm_type"": ""meta_heuristic"", ""c1"": 1.4, ""c2"": 1.9, ""iterations"": 200, ""reinit_interval"": 30, ""swarm_size"": 120, ""w"": 0.65}","{""algorithm_type"": ""meta_heuristic"", ""c1"": 1.4, ""c2"": 1.9, ""iterations"": 200, ""reinit_interval"": 30, ""swarm_size"": 120, ""w"": 0.65}"
2026-05-15T22:04:05.955329,bier127,PSO,7,119679.4,1.181414,15699.3461,5,"{""algorithm_type"": ""meta_heuristic"", ""c1"": 1.6, ""c2"": 1.6, ""iterations"": 450, ""reinit_interval"": 30, ""swarm_size"": 50, ""w"": 0.8}","{""algorithm_type"": ""meta_heuristic"", ""c1"": 1.6, ""c2"": 1.6, ""iterations"": 450, ""reinit_interval"": 30, ""swarm_size"": 50, ""w"": 0.8}"
2026-05-15T22:04:07.727921,bier127,PSO,6,119762.4,1.251585,16148.8613,5,"{""algorithm_type"": ""meta_heuristic"", ""c1"": 1.4, ""c2"": 1.9, ""iterations"": 500, ""reinit_interval"": 50, ""swarm_size"": 50, ""w"": 0.65}","{""algorithm_type"": ""meta_heuristic"", ""c1"": 1.4, ""c2"": 1.9, ""iterations"": 500, ""reinit_interval"": 50, ""swarm_size"": 50, ""w"": 0.65}"
2026-05-15T22:04:14.054263,bier127,PSO,18,120823.8,2.148932,5597.2833,5,"{""algorithm_type"": ""meta_heuristic"", ""c1"": 1.4, ""c2"": 1.6, ""iterations"": 200, ""reinit_interval"": 70, ""swarm_size"": 50, ""w"": 0.72}","{""algorithm_type"": ""meta_heuristic"", ""c1"": 1.4, ""c2"": 1.6, ""iterations"": 200, ""reinit_interval"": 70, ""swarm_size"": 50, ""w"": 0.72}"
2026-05-15T22:04:15.065336,bier127,PSO,15,120921.4,2.231447,8866.4057,5,"{""algorithm_type"": ""meta_heuristic"", ""c1"": 1.4, ""c2"": 1.9, ""iterations"": 300, ""reinit_interval"": 70, ""swarm_size"": 50, ""w"": 0.65}","{""algorithm_type"": ""meta_heuristic"", ""c1"": 1.4, ""c2"": 1.9, ""iterations"": 300, ""reinit_interval"": 70, ""swarm_size"": 50, ""w"": 0.65}"
2026-05-15T22:04:19.306548,bier127,PSO,12,120529.4,1.900036,16702.133,5,"{""algorithm_type"": ""meta_heuristic"", ""c1"": 1.4, ""c2"": 1.4, ""iterations"": 300, ""reinit_interval"": 70, ""swarm_size"": 120, ""w"": 0.72}","{""algorithm_type"": ""meta_heuristic"", ""c1"": 1.4, ""c2"": 1.4, ""iterations"": 300, ""reinit_interval"": 70, ""swarm_size"": 120, ""w"": 0.72}"
2026-05-15T22:04:21.920114,bier127,PSO,9,119779.4,1.265958,18390.5948,5,"{""algorithm_type"": ""meta_heuristic"", ""c1"": 1.9, ""c2"": 1.9, ""iterations"": 300, ""reinit_interval"": 50, ""swarm_size"": 120, ""w"": 0.65}","{""algorithm_type"": ""meta_heuristic"", ""c1"": 1.9, ""c2"": 1.9, ""iterations"": 300, ""reinit_interval"": 50, ""swarm_size"": 120, ""w"": 0.65}"
2026-05-15T22:04:30.977846,bier127,PSO,19,119639.2,1.147427,8462.8462,5,"{""algorithm_type"": ""meta_heuristic"", ""c1"": 1.4, ""c2"": 1.6, ""iterations"": 200, ""reinit_interval"": 30, ""swarm_size"": 50, ""w"": 0.72}","{""algorithm_type"": ""meta_heuristic"", ""c1"": 1.4, ""c2"": 1.6, ""iterations"": 200, ""reinit_interval"": 30, ""swarm_size"": 50, ""w"": 0.72}"
2026-05-15T22:04:35.401638,bier127,PSO,4,120086.0,1.525169,22157.4181,5,"{""algorithm_type"": ""meta_heuristic"", ""c1"": 1.4, ""c2"": 1.6, ""iterations"": 300, ""reinit_interval"": 30, ""swarm_size"": 120, ""w"": 0.72}","{""algorithm_type"": ""meta_heuristic"", ""c1"": 1.4, ""c2"": 1.6, ""iterations"": 300, ""reinit_interval"": 30, ""swarm_size"": 120, ""w"": 0.72}"
2026-05-15T22:04:55.250268,bier127,PSO,20,120819.8,2.14555,9853.711,5,"{""algorithm_type"": ""meta_heuristic"", ""c1"": 1.6, ""c2"": 1.6, ""iterations"": 300, ""reinit_interval"": 70, ""swarm_size"": 50, ""w"": 0.65}","{""algorithm_type"": ""meta_heuristic"", ""c1"": 1.6, ""c2"": 1.6, ""iterations"": 300, ""reinit_interval"": 70, ""swarm_size"": 50, ""w"": 0.65}"
2026-05-15T22:05:03.614227,bier127,PSO,17,119386.8,0.934039,15961.9652,5,"{""algorithm_type"": ""meta_heuristic"", ""c1"": 1.4, ""c2"": 1.4, ""iterations"": 300, ""reinit_interval"": 30, ""swarm_size"": 80, ""w"": 0.72}","{""algorithm_type"": ""meta_heuristic"", ""c1"": 1.4, ""c2"": 1.4, ""iterations"": 300, ""reinit_interval"": 30, ""swarm_size"": 80, ""w"": 0.72}"
2026-05-15T22:05:07.712617,bier127,PSO,25,120061.8,1.504709,9155.444,5,"{""algorithm_type"": ""meta_heuristic"", ""c1"": 1.4, ""c2"": 1.4, ""iterations"": 200, ""reinit_interval"": 30, ""swarm_size"": 50, ""w"": 0.72}","{""algorithm_type"": ""meta_heuristic"", ""c1"": 1.4, ""c2"": 1.4, ""iterations"": 200, ""reinit_interval"": 30, ""swarm_size"": 50, ""w"": 0.72}"
2026-05-15T22:05:20.115714,bier127,PSO,14,119460.6,0.996432,22024.7253,5,"{""algorithm_type"": ""meta_heuristic"", ""c1"": 1.9, ""c2"": 1.4, ""iterations"": 450, ""reinit_interval"": 30, ""swarm_size"": 80, ""w"": 0.8}","{""algorithm_type"": ""meta_heuristic"", ""c1"": 1.9, ""c2"": 1.4, ""iterations"": 450, ""reinit_interval"": 30, ""swarm_size"": 80, ""w"": 0.8}"
2026-05-15T22:05:22.359700,bier127,PSO,16,119502.8,1.03211,20511.9223,5,"{""algorithm_type"": ""meta_heuristic"", ""c1"": 1.6, ""c2"": 1.4, ""iterations"": 500, ""reinit_interval"": 50, ""swarm_size"": 80, ""w"": 0.72}","{""algorithm_type"": ""meta_heuristic"", ""c1"": 1.6, ""c2"": 1.4, ""iterations"": 500, ""reinit_interval"": 50, ""swarm_size"": 80, ""w"": 0.72}"
2026-05-15T22:05:32.725970,bier127,PSO,21,119820.4,1.300621,16995.1208,5,"{""algorithm_type"": ""meta_heuristic"", ""c1"": 1.4, ""c2"": 1.9, ""iterations"": 450, ""reinit_interval"": 50, ""swarm_size"": 50, ""w"": 0.8}","{""algorithm_type"": ""meta_heuristic"", ""c1"": 1.4, ""c2"": 1.9, ""iterations"": 450, ""reinit_interval"": 50, ""swarm_size"": 50, ""w"": 0.8}"
2026-05-15T22:05:42.161427,bier127,PSO,22,120090.4,1.528889,17614.5276,5,"{""algorithm_type"": ""meta_heuristic"", ""c1"": 1.9, ""c2"": 1.6, ""iterations"": 450, ""reinit_interval"": 50, ""swarm_size"": 50, ""w"": 0.8}","{""algorithm_type"": ""meta_heuristic"", ""c1"": 1.9, ""c2"": 1.6, ""iterations"": 450, ""reinit_interval"": 50, ""swarm_size"": 50, ""w"": 0.8}"
2026-05-15T22:05:51.549968,bier127,PSO,27,120161.0,1.588576,15226.632,5,"{""algorithm_type"": ""meta_heuristic"", ""c1"": 1.6, ""c2"": 1.6, ""iterations"": 450, ""reinit_interval"": 70, ""swarm_size"": 50, ""w"": 0.72}","{""algorithm_type"": ""meta_heuristic"", ""c1"": 1.6, ""c2"": 1.6, ""iterations"": 450, ""reinit_interval"": 70, ""swarm_size"": 50, ""w"": 0.72}"
2026-05-15T22:05:59.459926,bier127,PSO,13,119388.8,0.93573,33163.7231,5,"{""algorithm_type"": ""meta_heuristic"", ""c1"": 1.9, ""c2"": 1.6, ""iterations"": 500, ""reinit_interval"": 50, ""swarm_size"": 120, ""w"": 0.65}","{""algorithm_type"": ""meta_heuristic"", ""c1"": 1.9, ""c2"": 1.6, ""iterations"": 500, ""reinit_interval"": 50, ""swarm_size"": 120, ""w"": 0.65}"
2026-05-15T22:06:04.478454,bier127,PSO,23,119669.0,1.172621,21877.0357,5,"{""algorithm_type"": ""meta_heuristic"", ""c1"": 1.4, ""c2"": 1.6, ""iterations"": 450, ""reinit_interval"": 50, ""swarm_size"": 80, ""w"": 0.72}","{""algorithm_type"": ""meta_heuristic"", ""c1"": 1.4, ""c2"": 1.6, ""iterations"": 450, ""reinit_interval"": 50, ""swarm_size"": 80, ""w"": 0.72}"
2026-05-15T22:06:04.891660,bier127,PSO,29,120300.2,1.706261,12250.5325,5,"{""algorithm_type"": ""meta_heuristic"", ""c1"": 1.6, ""c2"": 1.9, ""iterations"": 200, ""reinit_interval"": 70, ""swarm_size"": 120, ""w"": 0.65}","{""algorithm_type"": ""meta_heuristic"", ""c1"": 1.6, ""c2"": 1.9, ""iterations"": 200, ""reinit_interval"": 70, ""swarm_size"": 120, ""w"": 0.65}"
2026-05-15T22:06:07.111557,bier127,PSO,24,119798.6,1.28219,21557.3776,5,"{""algorithm_type"": ""meta_heuristic"", ""c1"": 1.9, ""c2"": 1.6, ""iterations"": 500, ""reinit_interval"": 50, ""swarm_size"": 80, ""w"": 0.72}","{""algorithm_type"": ""meta_heuristic"", ""c1"": 1.9, ""c2"": 1.6, ""iterations"": 500, ""reinit_interval"": 50, ""swarm_size"": 80, ""w"": 0.72}"
2026-05-15T22:06:17.948927,bier127,PSO,26,119886.2,1.35625,21389.2262,5,"{""algorithm_type"": ""meta_heuristic"", ""c1"": 1.4, ""c2"": 1.9, ""iterations"": 500, ""reinit_interval"": 50, ""swarm_size"": 80, ""w"": 0.65}","{""algorithm_type"": ""meta_heuristic"", ""c1"": 1.4, ""c2"": 1.9, ""iterations"": 500, ""reinit_interval"": 50, ""swarm_size"": 80, ""w"": 0.65}"
2026-05-15T22:06:19.505609,bier127,PSO,30,120301.8,1.707614,14351.4186,5,"{""algorithm_type"": ""meta_heuristic"", ""c1"": 1.6, ""c2"": 1.9, ""iterations"": 200, ""reinit_interval"": 50, ""swarm_size"": 120, ""w"": 0.8}","{""algorithm_type"": ""meta_heuristic"", ""c1"": 1.6, ""c2"": 1.9, ""iterations"": 200, ""reinit_interval"": 50, ""swarm_size"": 120, ""w"": 0.8}"
2026-05-15T22:06:40.879782,bier127,PSO,28,119692.8,1.192743,21119.0527,5,"{""algorithm_type"": ""meta_heuristic"", ""c1"": 1.4, ""c2"": 1.6, ""iterations"": 300, ""reinit_interval"": 50, ""swarm_size"": 120, ""w"": 0.65}","{""algorithm_type"": ""meta_heuristic"", ""c1"": 1.4, ""c2"": 1.6, ""iterations"": 300, ""reinit_interval"": 50, ""swarm_size"": 120, ""w"": 0.65}"
2026-05-15T22:06:41.862690,bier127,PSO,31,119942.2,1.403595,16341.7521,5,"{""algorithm_type"": ""meta_heuristic"", ""c1"": 1.9, ""c2"": 1.9, ""iterations"": 300, ""reinit_interval"": 30, ""swarm_size"": 80, ""w"": 0.65}","{""algorithm_type"": ""meta_heuristic"", ""c1"": 1.9, ""c2"": 1.9, ""iterations"": 300, ""reinit_interval"": 30, ""swarm_size"": 80, ""w"": 0.65}"
2026-05-15T22:06:50.286896,bier127,PSO,38,120343.4,1.742784,9075.6344,5,"{""algorithm_type"": ""meta_heuristic"", ""c1"": 1.4, ""c2"": 1.9, ""iterations"": 200, ""reinit_interval"": 30, ""swarm_size"": 50, ""w"": 0.65}","{""algorithm_type"": ""meta_heuristic"", ""c1"": 1.4, ""c2"": 1.9, ""iterations"": 200, ""reinit_interval"": 30, ""swarm_size"": 50, ""w"": 0.65}"
2026-05-15T22:06:56.809801,bier127,PSO,33,119472.6,1.006578,16807.791,5,"{""algorithm_type"": ""meta_heuristic"", ""c1"": 1.4, ""c2"": 1.4, ""iterations"": 300, ""reinit_interval"": 30, ""swarm_size"": 80, ""w"": 0.8}","{""algorithm_type"": ""meta_heuristic"", ""c1"": 1.4, ""c2"": 1.4, ""iterations"": 300, ""reinit_interval"": 30, ""swarm_size"": 80, ""w"": 0.8}"
2026-05-15T22:07:10.478164,bier127,PSO,35,119987.2,1.441639,15776.9403,5,"{""algorithm_type"": ""meta_heuristic"", ""c1"": 1.6, ""c2"": 1.6, ""iterations"": 500, ""reinit_interval"": 70, ""swarm_size"": 50, ""w"": 0.72}","{""algorithm_type"": ""meta_heuristic"", ""c1"": 1.6, ""c2"": 1.6, ""iterations"": 500, ""reinit_interval"": 70, ""swarm_size"": 50, ""w"": 0.72}"
2026-05-15T22:07:11.717035,bier127,PSO,32,119651.4,1.157742,21862.0382,5,"{""algorithm_type"": ""meta_heuristic"", ""c1"": 1.6, ""c2"": 1.4, ""iterations"": 450, ""reinit_interval"": 30, ""swarm_size"": 50, ""w"": 0.8}","{""algorithm_type"": ""meta_heuristic"", ""c1"": 1.6, ""c2"": 1.4, ""iterations"": 450, ""reinit_interval"": 30, ""swarm_size"": 50, ""w"": 0.8}"
2026-05-15T22:07:33.187700,bier127,PSO,43,120191.0,1.61394,10262.2501,5,"{""algorithm_type"": ""meta_heuristic"", ""c1"": 1.9, ""c2"": 1.9, ""iterations"": 200, ""reinit_interval"": 30, ""swarm_size"": 80, ""w"": 0.65}","{""algorithm_type"": ""meta_heuristic"", ""c1"": 1.9, ""c2"": 1.9, ""iterations"": 200, ""reinit_interval"": 30, ""swarm_size"": 80, ""w"": 0.65}"
2026-05-15T22:07:46.112674,bier127,PSO,41,119981.6,1.436905,17318.7749,5,"{""algorithm_type"": ""meta_heuristic"", ""c1"": 1.4, ""c2"": 1.4, ""iterations"": 450, ""reinit_interval"": 50, ""swarm_size"": 50, ""w"": 0.65}","{""algorithm_type"": ""meta_heuristic"", ""c1"": 1.4, ""c2"": 1.4, ""iterations"": 450, ""reinit_interval"": 50, ""swarm_size"": 50, ""w"": 0.65}"
2026-05-15T22:07:48.812137,bier127,PSO,47,121538.4,2.753082,7413.7442,5,"{""algorithm_type"": ""meta_heuristic"", ""c1"": 1.9, ""c2"": 1.4, ""iterations"": 200, ""reinit_interval"": 70, ""swarm_size"": 80, ""w"": 0.65}","{""algorithm_type"": ""meta_heuristic"", ""c1"": 1.9, ""c2"": 1.4, ""iterations"": 200, ""reinit_interval"": 70, ""swarm_size"": 80, ""w"": 0.65}"
2026-05-15T22:07:52.210439,bier127,PSO,44,119660.2,1.165182,12375.0256,5,"{""algorithm_type"": ""meta_heuristic"", ""c1"": 1.9, ""c2"": 1.9, ""iterations"": 300, ""reinit_interval"": 30, ""swarm_size"": 50, ""w"": 0.8}","{""algorithm_type"": ""meta_heuristic"", ""c1"": 1.9, ""c2"": 1.9, ""iterations"": 300, ""reinit_interval"": 30, ""swarm_size"": 50, ""w"": 0.8}"
2026-05-15T22:07:55.612809,bier127,PSO,34,119126.2,0.713718,26683.6735,5,"{""algorithm_type"": ""meta_heuristic"", ""c1"": 1.6, ""c2"": 1.4, ""iterations"": 500, ""reinit_interval"": 30, ""swarm_size"": 80, ""w"": 0.72}","{""algorithm_type"": ""meta_heuristic"", ""c1"": 1.6, ""c2"": 1.4, ""iterations"": 500, ""reinit_interval"": 30, ""swarm_size"": 80, ""w"": 0.72}"
2026-05-15T22:08:00.315663,bier127,PSO,42,119876.0,1.347627,15884.0872,5,"{""algorithm_type"": ""meta_heuristic"", ""c1"": 1.6, ""c2"": 1.6, ""iterations"": 200, ""reinit_interval"": 30, ""swarm_size"": 120, ""w"": 0.8}","{""algorithm_type"": ""meta_heuristic"", ""c1"": 1.6, ""c2"": 1.6, ""iterations"": 200, ""reinit_interval"": 30, ""swarm_size"": 120, ""w"": 0.8}"
2026-05-15T22:08:07.851361,bier127,PSO,39,119102.0,0.693258,24144.6789,5,"{""algorithm_type"": ""meta_heuristic"", ""c1"": 1.9, ""c2"": 1.6, ""iterations"": 300, ""reinit_interval"": 30, ""swarm_size"": 120, ""w"": 0.72}","{""algorithm_type"": ""meta_heuristic"", ""c1"": 1.9, ""c2"": 1.6, ""iterations"": 300, ""reinit_interval"": 30, ""swarm_size"": 120, ""w"": 0.72}"
2026-05-15T22:08:10.447396,bier127,PSO,37,119916.6,1.381952,25189.127,5,"{""algorithm_type"": ""meta_heuristic"", ""c1"": 1.9, ""c2"": 1.9, ""iterations"": 450, ""reinit_interval"": 70, ""swarm_size"": 120, ""w"": 0.8}","{""algorithm_type"": ""meta_heuristic"", ""c1"": 1.9, ""c2"": 1.9, ""iterations"": 450, ""reinit_interval"": 70, ""swarm_size"": 120, ""w"": 0.8}"
2026-05-15T22:08:10.976928,bier127,PSO,45,119929.6,1.392942,14828.6123,5,"{""algorithm_type"": ""meta_heuristic"", ""c1"": 1.4, ""c2"": 1.6, ""iterations"": 450, ""reinit_interval"": 50, ""swarm_size"": 50, ""w"": 0.8}","{""algorithm_type"": ""meta_heuristic"", ""c1"": 1.4, ""c2"": 1.6, ""iterations"": 450, ""reinit_interval"": 50, ""swarm_size"": 50, ""w"": 0.8}"
2026-05-15T22:08:21.468174,bier127,PSO,49,121150.4,2.425052,7066.9605,5,"{""algorithm_type"": ""meta_heuristic"", ""c1"": 1.6, ""c2"": 1.4, ""iterations"": 200, ""reinit_interval"": 70, ""swarm_size"": 80, ""w"": 0.8}","{""algorithm_type"": ""meta_heuristic"", ""c1"": 1.6, ""c2"": 1.4, ""iterations"": 200, ""reinit_interval"": 70, ""swarm_size"": 80, ""w"": 0.8}"
2026-05-15T22:08:24.185653,bier127,PSO,48,120028.2,1.476302,10197.0366,5,"{""algorithm_type"": ""meta_heuristic"", ""c1"": 1.6, ""c2"": 1.6, ""iterations"": 300, ""reinit_interval"": 50, ""swarm_size"": 50, ""w"": 0.65}","{""algorithm_type"": ""meta_heuristic"", ""c1"": 1.6, ""c2"": 1.6, ""iterations"": 300, ""reinit_interval"": 50, ""swarm_size"": 50, ""w"": 0.65}"
2026-05-15T22:08:37.779293,bier127,GWO,1,123305.4,4.246969,9107.8383,5,"{""algorithm_type"": ""meta_heuristic"", ""iterations"": 200, ""pack_size"": 50}","{""algorithm_type"": ""meta_heuristic"", ""iterations"": 200, ""pack_size"": 50}"
2026-05-15T22:08:45.898561,bier127,PSO,46,120183.0,1.607176,19081.4217,5,"{""algorithm_type"": ""meta_heuristic"", ""c1"": 1.9, ""c2"": 1.9, ""iterations"": 300, ""reinit_interval"": 50, ""swarm_size"": 120, ""w"": 0.72}","{""algorithm_type"": ""meta_heuristic"", ""c1"": 1.9, ""c2"": 1.9, ""iterations"": 300, ""reinit_interval"": 50, ""swarm_size"": 120, ""w"": 0.72}"
2026-05-15T22:08:54.049229,bier127,GWO,2,122605.0,3.654825,11684.5883,5,"{""algorithm_type"": ""meta_heuristic"", ""iterations"": 300, ""pack_size"": 50}","{""algorithm_type"": ""meta_heuristic"", ""iterations"": 300, ""pack_size"": 50}"
2026-05-15T22:08:57.405640,bier127,PSO,50,119648.6,1.155374,13714.5321,5,"{""algorithm_type"": ""meta_heuristic"", ""c1"": 1.9, ""c2"": 1.4, ""iterations"": 300, ""reinit_interval"": 30, ""swarm_size"": 50, ""w"": 0.65}","{""algorithm_type"": ""meta_heuristic"", ""c1"": 1.9, ""c2"": 1.4, ""iterations"": 300, ""reinit_interval"": 30, ""swarm_size"": 50, ""w"": 0.65}"
2026-05-15T22:09:00.648703,bier127,GWO,4,122940.8,3.938723,10556.2796,5,"{""algorithm_type"": ""meta_heuristic"", ""iterations"": 200, ""pack_size"": 80}","{""algorithm_type"": ""meta_heuristic"", ""iterations"": 200, ""pack_size"": 80}"
2026-05-15T22:09:00.823575,bier127,PSO,36,118923.0,0.541925,36265.3801,5,"{""algorithm_type"": ""meta_heuristic"", ""c1"": 1.9, ""c2"": 1.4, ""iterations"": 450, ""reinit_interval"": 30, ""swarm_size"": 120, ""w"": 0.65}","{""algorithm_type"": ""meta_heuristic"", ""c1"": 1.9, ""c2"": 1.4, ""iterations"": 450, ""reinit_interval"": 30, ""swarm_size"": 120, ""w"": 0.65}"
2026-05-15T22:09:15.657120,bier127,HHO,1,123305.4,4.246969,5938.7956,5,"{""algorithm_type"": ""meta_heuristic"", ""hawks"": 50, ""iterations"": 200}","{""algorithm_type"": ""meta_heuristic"", ""hawks"": 50, ""iterations"": 200}"
2026-05-15T22:09:15.751607,bier127,PSO,40,119214.4,0.788286,35558.181,5,"{""algorithm_type"": ""meta_heuristic"", ""c1"": 1.6, ""c2"": 1.9, ""iterations"": 450, ""reinit_interval"": 30, ""swarm_size"": 120, ""w"": 0.65}","{""algorithm_type"": ""meta_heuristic"", ""c1"": 1.6, ""c2"": 1.9, ""iterations"": 450, ""reinit_interval"": 30, ""swarm_size"": 120, ""w"": 0.65}"
2026-05-15T22:09:18.752596,bier127,GWO,5,122450.8,3.524458,13648.4026,5,"{""algorithm_type"": ""meta_heuristic"", ""iterations"": 300, ""pack_size"": 80}","{""algorithm_type"": ""meta_heuristic"", ""iterations"": 300, ""pack_size"": 80}"
2026-05-15T22:09:21.967341,bier127,GWO,3,122607.4,3.656854,16327.5443,5,"{""algorithm_type"": ""meta_heuristic"", ""iterations"": 450, ""pack_size"": 50}","{""algorithm_type"": ""meta_heuristic"", ""iterations"": 450, ""pack_size"": 50}"
2026-05-15T22:09:33.289411,bier127,GWO,7,121918.2,3.074179,14361.397,5,"{""algorithm_type"": ""meta_heuristic"", ""iterations"": 200, ""pack_size"": 120}","{""algorithm_type"": ""meta_heuristic"", ""iterations"": 200, ""pack_size"": 120}"
2026-05-15T22:09:35.925040,bier127,HHO,2,122605.0,3.654825,8372.4536,5,"{""algorithm_type"": ""meta_heuristic"", ""hawks"": 50, ""iterations"": 300}","{""algorithm_type"": ""meta_heuristic"", ""hawks"": 50, ""iterations"": 300}"
2026-05-15T22:09:37.305120,bier127,HHO,4,122940.8,3.938723,7328.5771,5,"{""algorithm_type"": ""meta_heuristic"", ""hawks"": 80, ""iterations"": 200}","{""algorithm_type"": ""meta_heuristic"", ""hawks"": 80, ""iterations"": 200}"
2026-05-15T22:09:49.917087,bier127,HHO,5,122450.8,3.524458,9815.6747,5,"{""algorithm_type"": ""meta_heuristic"", ""hawks"": 80, ""iterations"": 300}","{""algorithm_type"": ""meta_heuristic"", ""hawks"": 80, ""iterations"": 300}"
2026-05-15T22:09:56.816088,bier127,GWO,6,123109.0,4.080925,21164.9821,5,"{""algorithm_type"": ""meta_heuristic"", ""iterations"": 450, ""pack_size"": 80}","{""algorithm_type"": ""meta_heuristic"", ""iterations"": 450, ""pack_size"": 80}"
2026-05-15T22:10:00.843972,bier127,HHO,3,122607.4,3.656854,12681.3838,5,"{""algorithm_type"": ""meta_heuristic"", ""hawks"": 50, ""iterations"": 450}","{""algorithm_type"": ""meta_heuristic"", ""hawks"": 50, ""iterations"": 450}"
2026-05-15T22:10:06.044990,bier127,HHO,7,121918.2,3.074179,10052.5881,5,"{""algorithm_type"": ""meta_heuristic"", ""hawks"": 120, ""iterations"": 200}","{""algorithm_type"": ""meta_heuristic"", ""hawks"": 120, ""iterations"": 200}"
2026-05-15T22:10:12.489307,bier127,GWO,8,122073.8,3.205729,21657.757,5,"{""algorithm_type"": ""meta_heuristic"", ""iterations"": 300, ""pack_size"": 120}","{""algorithm_type"": ""meta_heuristic"", ""iterations"": 300, ""pack_size"": 120}"
2026-05-15T22:10:25.812549,bier127,HHO,6,123109.0,4.080925,14026.6374,5,"{""algorithm_type"": ""meta_heuristic"", ""hawks"": 80, ""iterations"": 450}","{""algorithm_type"": ""meta_heuristic"", ""hawks"": 80, ""iterations"": 450}"
2026-05-15T22:10:31.425326,bier127,HHO,8,122073.8,3.205729,14531.8731,5,"{""algorithm_type"": ""meta_heuristic"", ""hawks"": 120, ""iterations"": 300}","{""algorithm_type"": ""meta_heuristic"", ""hawks"": 120, ""iterations"": 300}"
2026-05-15T22:10:41.710522,bier127,B-PSO,2,134946.4,14.088703,13153.9564,5,"{""algorithm_type"": ""bildiri_meta"", ""cognitive_coeff"": 1.49445, ""inertia_weight"": 0.729, ""max_iterations"": 300, ""max_no_improvement"": 100, ""max_velocity_size"": 5, ""reinit_interval"": 50, ""social_coeff"": 1.49445, ""swarm_size"": 30}","{""algorithm_type"": ""bildiri_meta"", ""cognitive_coeff"": 1.49445, ""inertia_weight"": 0.729, ""max_iterations"": 300, ""max_no_improvement"": 100, ""max_velocity_size"": 5, ""reinit_interval"": 50, ""social_coeff"": 1.49445, ""swarm_size"": 30}"
2026-05-15T22:10:43.947627,bier127,B-PSO,8,135266.2,14.359074,6287.2054,5,"{""algorithm_type"": ""bildiri_meta"", ""cognitive_coeff"": 1.49445, ""inertia_weight"": 0.729, ""max_iterations"": 500, ""max_no_improvement"": 100, ""max_velocity_size"": 8, ""reinit_interval"": 50, ""social_coeff"": 1.49445, ""swarm_size"": 30}","{""algorithm_type"": ""bildiri_meta"", ""cognitive_coeff"": 1.49445, ""inertia_weight"": 0.729, ""max_iterations"": 500, ""max_no_improvement"": 100, ""max_velocity_size"": 8, ""reinit_interval"": 50, ""social_coeff"": 1.49445, ""swarm_size"": 30}"
2026-05-15T22:10:44.750390,bier127,B-PSO,1,133546.2,12.904922,14289.3404,5,"{""algorithm_type"": ""bildiri_meta"", ""cognitive_coeff"": 1.49445, ""inertia_weight"": 0.729, ""max_iterations"": 300, ""max_no_improvement"": 100, ""max_velocity_size"": 5, ""reinit_interval"": 30, ""social_coeff"": 1.49445, ""swarm_size"": 30}","{""algorithm_type"": ""bildiri_meta"", ""cognitive_coeff"": 1.49445, ""inertia_weight"": 0.729, ""max_iterations"": 300, ""max_no_improvement"": 100, ""max_velocity_size"": 5, ""reinit_interval"": 30, ""social_coeff"": 1.49445, ""swarm_size"": 30}"
2026-05-15T22:10:45.356017,bier127,B-PSO,7,133444.4,12.818857,7857.2959,5,"{""algorithm_type"": ""bildiri_meta"", ""cognitive_coeff"": 1.49445, ""inertia_weight"": 0.729, ""max_iterations"": 500, ""max_no_improvement"": 100, ""max_velocity_size"": 8, ""reinit_interval"": 30, ""social_coeff"": 1.49445, ""swarm_size"": 30}","{""algorithm_type"": ""bildiri_meta"", ""cognitive_coeff"": 1.49445, ""inertia_weight"": 0.729, ""max_iterations"": 500, ""max_no_improvement"": 100, ""max_velocity_size"": 8, ""reinit_interval"": 30, ""social_coeff"": 1.49445, ""swarm_size"": 30}"
2026-05-15T22:10:46.205086,bier127,B-PSO,4,134195.4,13.45378,11254.3183,5,"{""algorithm_type"": ""bildiri_meta"", ""cognitive_coeff"": 1.49445, ""inertia_weight"": 0.729, ""max_iterations"": 300, ""max_no_improvement"": 100, ""max_velocity_size"": 8, ""reinit_interval"": 50, ""social_coeff"": 1.49445, ""swarm_size"": 30}","{""algorithm_type"": ""bildiri_meta"", ""cognitive_coeff"": 1.49445, ""inertia_weight"": 0.729, ""max_iterations"": 300, ""max_no_improvement"": 100, ""max_velocity_size"": 8, ""reinit_interval"": 50, ""social_coeff"": 1.49445, ""swarm_size"": 30}"
2026-05-15T22:10:46.398063,bier127,B-PSO,3,133396.8,12.778614,13812.0863,5,"{""algorithm_type"": ""bildiri_meta"", ""cognitive_coeff"": 1.49445, ""inertia_weight"": 0.729, ""max_iterations"": 300, ""max_no_improvement"": 100, ""max_velocity_size"": 8, ""reinit_interval"": 30, ""social_coeff"": 1.49445, ""swarm_size"": 30}","{""algorithm_type"": ""bildiri_meta"", ""cognitive_coeff"": 1.49445, ""inertia_weight"": 0.729, ""max_iterations"": 300, ""max_no_improvement"": 100, ""max_velocity_size"": 8, ""reinit_interval"": 30, ""social_coeff"": 1.49445, ""swarm_size"": 30}"
2026-05-15T22:10:48.225775,bier127,B-PSO,10,134291.4,13.534942,3355.5269,5,"{""algorithm_type"": ""bildiri_meta"", ""cognitive_coeff"": 1.49445, ""inertia_weight"": 0.729, ""max_iterations"": 300, ""max_no_improvement"": 100, ""max_velocity_size"": 5, ""reinit_interval"": 50, ""social_coeff"": 1.49445, ""swarm_size"": 50}","{""algorithm_type"": ""bildiri_meta"", ""cognitive_coeff"": 1.49445, ""inertia_weight"": 0.729, ""max_iterations"": 300, ""max_no_improvement"": 100, ""max_velocity_size"": 5, ""reinit_interval"": 50, ""social_coeff"": 1.49445, ""swarm_size"": 50}"
2026-05-15T22:10:56.340123,bier127,B-PSO,5,134287.0,13.531222,11901.0984,5,"{""algorithm_type"": ""bildiri_meta"", ""cognitive_coeff"": 1.49445, ""inertia_weight"": 0.729, ""max_iterations"": 500, ""max_no_improvement"": 100, ""max_velocity_size"": 5, ""reinit_interval"": 30, ""social_coeff"": 1.49445, ""swarm_size"": 30}","{""algorithm_type"": ""bildiri_meta"", ""cognitive_coeff"": 1.49445, ""inertia_weight"": 0.729, ""max_iterations"": 500, ""max_no_improvement"": 100, ""max_velocity_size"": 5, ""reinit_interval"": 30, ""social_coeff"": 1.49445, ""swarm_size"": 30}"
2026-05-15T22:10:57.100954,bier127,B-PSO,12,134504.6,13.715189,2628.0755,5,"{""algorithm_type"": ""bildiri_meta"", ""cognitive_coeff"": 1.49445, ""inertia_weight"": 0.729, ""max_iterations"": 300, ""max_no_improvement"": 100, ""max_velocity_size"": 8, ""reinit_interval"": 50, ""social_coeff"": 1.49445, ""swarm_size"": 50}","{""algorithm_type"": ""bildiri_meta"", ""cognitive_coeff"": 1.49445, ""inertia_weight"": 0.729, ""max_iterations"": 300, ""max_no_improvement"": 100, ""max_velocity_size"": 8, ""reinit_interval"": 50, ""social_coeff"": 1.49445, ""swarm_size"": 50}"
2026-05-15T22:10:57.774889,bier127,B-PSO,14,134825.4,13.986405,2478.6191,5,"{""algorithm_type"": ""bildiri_meta"", ""cognitive_coeff"": 1.49445, ""inertia_weight"": 0.729, ""max_iterations"": 500, ""max_no_improvement"": 100, ""max_velocity_size"": 5, ""reinit_interval"": 50, ""social_coeff"": 1.49445, ""swarm_size"": 50}","{""algorithm_type"": ""bildiri_meta"", ""cognitive_coeff"": 1.49445, ""inertia_weight"": 0.729, ""max_iterations"": 500, ""max_no_improvement"": 100, ""max_velocity_size"": 5, ""reinit_interval"": 50, ""social_coeff"": 1.49445, ""swarm_size"": 50}"
2026-05-15T22:10:58.718054,bier127,B-PSO,16,133674.8,13.013645,2461.5708,5,"{""algorithm_type"": ""bildiri_meta"", ""cognitive_coeff"": 1.49445, ""inertia_weight"": 0.729, ""max_iterations"": 500, ""max_no_improvement"": 100, ""max_velocity_size"": 8, ""reinit_interval"": 50, ""social_coeff"": 1.49445, ""swarm_size"": 50}","{""algorithm_type"": ""bildiri_meta"", ""cognitive_coeff"": 1.49445, ""inertia_weight"": 0.729, ""max_iterations"": 500, ""max_no_improvement"": 100, ""max_velocity_size"": 8, ""reinit_interval"": 50, ""social_coeff"": 1.49445, ""swarm_size"": 50}"
2026-05-15T22:10:58.898067,bier127,B-PSO,6,134580.6,13.779442,11601.0375,5,"{""algorithm_type"": ""bildiri_meta"", ""cognitive_coeff"": 1.49445, ""inertia_weight"": 0.729, ""max_iterations"": 500, ""max_no_improvement"": 100, ""max_velocity_size"": 5, ""reinit_interval"": 50, ""social_coeff"": 1.49445, ""swarm_size"": 30}","{""algorithm_type"": ""bildiri_meta"", ""cognitive_coeff"": 1.49445, ""inertia_weight"": 0.729, ""max_iterations"": 500, ""max_no_improvement"": 100, ""max_velocity_size"": 5, ""reinit_interval"": 50, ""social_coeff"": 1.49445, ""swarm_size"": 30}"
2026-05-15T22:11:00.576585,bier127,B-PSO,11,133113.6,12.539186,3770.873,5,"{""algorithm_type"": ""bildiri_meta"", ""cognitive_coeff"": 1.49445, ""inertia_weight"": 0.729, ""max_iterations"": 300, ""max_no_improvement"": 100, ""max_velocity_size"": 8, ""reinit_interval"": 30, ""social_coeff"": 1.49445, ""swarm_size"": 50}","{""algorithm_type"": ""bildiri_meta"", ""cognitive_coeff"": 1.49445, ""inertia_weight"": 0.729, ""max_iterations"": 300, ""max_no_improvement"": 100, ""max_velocity_size"": 8, ""reinit_interval"": 30, ""social_coeff"": 1.49445, ""swarm_size"": 50}"
2026-05-15T22:11:04.215798,bier127,HHO,9,121678.8,2.871781,20447.2201,5,"{""algorithm_type"": ""meta_heuristic"", ""hawks"": 120, ""iterations"": 450}","{""algorithm_type"": ""meta_heuristic"", ""hawks"": 120, ""iterations"": 450}"
2026-05-15T22:11:04.596442,bier127,B-PSO,13,133933.0,13.231937,3966.632,5,"{""algorithm_type"": ""bildiri_meta"", ""cognitive_coeff"": 1.49445, ""inertia_weight"": 0.729, ""max_iterations"": 500, ""max_no_improvement"": 100, ""max_velocity_size"": 5, ""reinit_interval"": 30, ""social_coeff"": 1.49445, ""swarm_size"": 50}","{""algorithm_type"": ""bildiri_meta"", ""cognitive_coeff"": 1.49445, ""inertia_weight"": 0.729, ""max_iterations"": 500, ""max_no_improvement"": 100, ""max_velocity_size"": 5, ""reinit_interval"": 30, ""social_coeff"": 1.49445, ""swarm_size"": 50}"
2026-05-15T22:11:05.883206,bier127,GWO,9,121678.8,2.871781,29617.1393,5,"{""algorithm_type"": ""meta_heuristic"", ""iterations"": 450, ""pack_size"": 120}","{""algorithm_type"": ""meta_heuristic"", ""iterations"": 450, ""pack_size"": 120}"
2026-05-15T22:11:07.649194,bier127,B-PSO,15,133966.4,13.260175,4281.6898,5,"{""algorithm_type"": ""bildiri_meta"", ""cognitive_coeff"": 1.49445, ""inertia_weight"": 0.729, ""max_iterations"": 500, ""max_no_improvement"": 100, ""max_velocity_size"": 8, ""reinit_interval"": 30, ""social_coeff"": 1.49445, ""swarm_size"": 50}","{""algorithm_type"": ""bildiri_meta"", ""cognitive_coeff"": 1.49445, ""inertia_weight"": 0.729, ""max_iterations"": 500, ""max_no_improvement"": 100, ""max_velocity_size"": 8, ""reinit_interval"": 30, ""social_coeff"": 1.49445, ""swarm_size"": 50}"
2026-05-15T22:11:13.146018,bier127,B-PSO,9,133502.2,12.867723,9462.8867,5,"{""algorithm_type"": ""bildiri_meta"", ""cognitive_coeff"": 1.49445, ""inertia_weight"": 0.729, ""max_iterations"": 300, ""max_no_improvement"": 100, ""max_velocity_size"": 5, ""reinit_interval"": 30, ""social_coeff"": 1.49445, ""swarm_size"": 50}","{""algorithm_type"": ""bildiri_meta"", ""cognitive_coeff"": 1.49445, ""inertia_weight"": 0.729, ""max_iterations"": 300, ""max_no_improvement"": 100, ""max_velocity_size"": 5, ""reinit_interval"": 30, ""social_coeff"": 1.49445, ""swarm_size"": 50}"
2026-05-15T22:11:14.955634,bier127,B-GA,2,135075.0,14.197426,1811.8828,5,"{""algorithm_type"": ""bildiri_meta"", ""crossover_rate"": 0.9, ""elite_count"": 2, ""generations"": 300, ""max_no_improvement"": 100, ""mutation_rate"": 0.15, ""population_size"": 80, ""tournament_size"": 3}","{""algorithm_type"": ""bildiri_meta"", ""crossover_rate"": 0.9, ""elite_count"": 2, ""generations"": 300, ""max_no_improvement"": 100, ""mutation_rate"": 0.15, ""population_size"": 80, ""tournament_size"": 3}"
2026-05-15T22:11:16.965934,bier127,B-PSO,17,132904.0,12.361982,5738.4995,5,"{""algorithm_type"": ""bildiri_meta"", ""cognitive_coeff"": 1.49445, ""inertia_weight"": 0.729, ""max_iterations"": 300, ""max_no_improvement"": 100, ""max_velocity_size"": 5, ""reinit_interval"": 30, ""social_coeff"": 1.49445, ""swarm_size"": 80}","{""algorithm_type"": ""bildiri_meta"", ""cognitive_coeff"": 1.49445, ""inertia_weight"": 0.729, ""max_iterations"": 300, ""max_no_improvement"": 100, ""max_velocity_size"": 5, ""reinit_interval"": 30, ""social_coeff"": 1.49445, ""swarm_size"": 80}"
2026-05-15T22:11:18.237466,bier127,B-PSO,22,133935.2,13.233797,3865.5987,5,"{""algorithm_type"": ""bildiri_meta"", ""cognitive_coeff"": 1.49445, ""inertia_weight"": 0.729, ""max_iterations"": 500, ""max_no_improvement"": 100, ""max_velocity_size"": 5, ""reinit_interval"": 50, ""social_coeff"": 1.49445, ""swarm_size"": 80}","{""algorithm_type"": ""bildiri_meta"", ""cognitive_coeff"": 1.49445, ""inertia_weight"": 0.729, ""max_iterations"": 500, ""max_no_improvement"": 100, ""max_velocity_size"": 5, ""reinit_interval"": 50, ""social_coeff"": 1.49445, ""swarm_size"": 80}"
2026-05-15T22:11:18.337496,bier127,B-PSO,18,133976.8,13.268967,4396.7936,5,"{""algorithm_type"": ""bildiri_meta"", ""cognitive_coeff"": 1.49445, ""inertia_weight"": 0.729, ""max_iterations"": 300, ""max_no_improvement"": 100, ""max_velocity_size"": 5, ""reinit_interval"": 50, ""social_coeff"": 1.49445, ""swarm_size"": 80}","{""algorithm_type"": ""bildiri_meta"", ""cognitive_coeff"": 1.49445, ""inertia_weight"": 0.729, ""max_iterations"": 300, ""max_no_improvement"": 100, ""max_velocity_size"": 5, ""reinit_interval"": 50, ""social_coeff"": 1.49445, ""swarm_size"": 80}"
2026-05-15T22:11:19.179824,bier127,B-GA,3,134988.6,14.124381,2303.0875,5,"{""algorithm_type"": ""bildiri_meta"", ""crossover_rate"": 0.8, ""elite_count"": 4, ""generations"": 300, ""max_no_improvement"": 100, ""mutation_rate"": 0.15, ""population_size"": 80, ""tournament_size"": 3}","{""algorithm_type"": ""bildiri_meta"", ""crossover_rate"": 0.8, ""elite_count"": 4, ""generations"": 300, ""max_no_improvement"": 100, ""mutation_rate"": 0.15, ""population_size"": 80, ""tournament_size"": 3}"
2026-05-15T22:11:22.384295,bier127,B-GA,1,133942.2,13.239715,3555.5709,5,"{""algorithm_type"": ""bildiri_meta"", ""crossover_rate"": 0.85, ""elite_count"": 4, ""generations"": 300, ""max_no_improvement"": 100, ""mutation_rate"": 0.15, ""population_size"": 150, ""tournament_size"": 5}","{""algorithm_type"": ""bildiri_meta"", ""crossover_rate"": 0.85, ""elite_count"": 4, ""generations"": 300, ""max_no_improvement"": 100, ""mutation_rate"": 0.15, ""population_size"": 150, ""tournament_size"": 5}"
2026-05-15T22:11:23.441459,bier127,B-PSO,20,134045.6,13.327133,5129.3881,5,"{""algorithm_type"": ""bildiri_meta"", ""cognitive_coeff"": 1.49445, ""inertia_weight"": 0.729, ""max_iterations"": 300, ""max_no_improvement"": 100, ""max_velocity_size"": 8, ""reinit_interval"": 50, ""social_coeff"": 1.49445, ""swarm_size"": 80}","{""algorithm_type"": ""bildiri_meta"", ""cognitive_coeff"": 1.49445, ""inertia_weight"": 0.729, ""max_iterations"": 300, ""max_no_improvement"": 100, ""max_velocity_size"": 8, ""reinit_interval"": 50, ""social_coeff"": 1.49445, ""swarm_size"": 80}"
2026-05-15T22:11:23.996653,bier127,B-GA,5,133902.2,13.205898,1805.9244,5,"{""algorithm_type"": ""bildiri_meta"", ""crossover_rate"": 0.9, ""elite_count"": 4, ""generations"": 500, ""max_no_improvement"": 100, ""mutation_rate"": 0.18, ""population_size"": 80, ""tournament_size"": 3}","{""algorithm_type"": ""bildiri_meta"", ""crossover_rate"": 0.9, ""elite_count"": 4, ""generations"": 500, ""max_no_improvement"": 100, ""mutation_rate"": 0.18, ""population_size"": 80, ""tournament_size"": 3}"
2026-05-15T22:11:24.343804,bier127,B-PSO,24,134692.6,13.874131,4015.5112,5,"{""algorithm_type"": ""bildiri_meta"", ""cognitive_coeff"": 1.49445, ""inertia_weight"": 0.729, ""max_iterations"": 500, ""max_no_improvement"": 100, ""max_velocity_size"": 8, ""reinit_interval"": 50, ""social_coeff"": 1.49445, ""swarm_size"": 80}","{""algorithm_type"": ""bildiri_meta"", ""cognitive_coeff"": 1.49445, ""inertia_weight"": 0.729, ""max_iterations"": 500, ""max_no_improvement"": 100, ""max_velocity_size"": 8, ""reinit_interval"": 50, ""social_coeff"": 1.49445, ""swarm_size"": 80}"
2026-05-15T22:11:26.842324,bier127,B-PSO,19,133447.8,12.821731,5945.9343,5,"{""algorithm_type"": ""bildiri_meta"", ""cognitive_coeff"": 1.49445, ""inertia_weight"": 0.729, ""max_iterations"": 300, ""max_no_improvement"": 100, ""max_velocity_size"": 8, ""reinit_interval"": 30, ""social_coeff"": 1.49445, ""swarm_size"": 80}","{""algorithm_type"": ""bildiri_meta"", ""cognitive_coeff"": 1.49445, ""inertia_weight"": 0.729, ""max_iterations"": 300, ""max_no_improvement"": 100, ""max_velocity_size"": 8, ""reinit_interval"": 30, ""social_coeff"": 1.49445, ""swarm_size"": 80}"
2026-05-15T22:11:27.189201,bier127,B-GA,6,134980.0,14.11711,2041.5834,5,"{""algorithm_type"": ""bildiri_meta"", ""crossover_rate"": 0.9, ""elite_count"": 4, ""generations"": 500, ""max_no_improvement"": 100, ""mutation_rate"": 0.12, ""population_size"": 80, ""tournament_size"": 3}","{""algorithm_type"": ""bildiri_meta"", ""crossover_rate"": 0.9, ""elite_count"": 4, ""generations"": 500, ""max_no_improvement"": 100, ""mutation_rate"": 0.12, ""population_size"": 80, ""tournament_size"": 3}"
2026-05-15T22:11:28.192236,bier127,B-GA,7,133845.0,13.157539,1988.5548,5,"{""algorithm_type"": ""bildiri_meta"", ""crossover_rate"": 0.85, ""elite_count"": 2, ""generations"": 500, ""max_no_improvement"": 100, ""mutation_rate"": 0.18, ""population_size"": 80, ""tournament_size"": 5}","{""algorithm_type"": ""bildiri_meta"", ""crossover_rate"": 0.85, ""elite_count"": 2, ""generations"": 500, ""max_no_improvement"": 100, ""mutation_rate"": 0.18, ""population_size"": 80, ""tournament_size"": 5}"
2026-05-15T22:11:28.916931,bier127,B-GA,8,134325.6,13.563856,2112.2768,5,"{""algorithm_type"": ""bildiri_meta"", ""crossover_rate"": 0.9, ""elite_count"": 4, ""generations"": 300, ""max_no_improvement"": 100, ""mutation_rate"": 0.18, ""population_size"": 80, ""tournament_size"": 5}","{""algorithm_type"": ""bildiri_meta"", ""crossover_rate"": 0.9, ""elite_count"": 4, ""generations"": 300, ""max_no_improvement"": 100, ""mutation_rate"": 0.18, ""population_size"": 80, ""tournament_size"": 5}"
2026-05-15T22:11:30.591226,bier127,B-PSO,21,133295.8,12.693225,6371.5932,5,"{""algorithm_type"": ""bildiri_meta"", ""cognitive_coeff"": 1.49445, ""inertia_weight"": 0.729, ""max_iterations"": 500, ""max_no_improvement"": 100, ""max_velocity_size"": 5, ""reinit_interval"": 30, ""social_coeff"": 1.49445, ""swarm_size"": 80}","{""algorithm_type"": ""bildiri_meta"", ""cognitive_coeff"": 1.49445, ""inertia_weight"": 0.729, ""max_iterations"": 500, ""max_no_improvement"": 100, ""max_velocity_size"": 5, ""reinit_interval"": 30, ""social_coeff"": 1.49445, ""swarm_size"": 80}"
2026-05-15T22:11:30.650201,bier127,B-GA,4,133584.8,12.937556,3498.9218,5,"{""algorithm_type"": ""bildiri_meta"", ""crossover_rate"": 0.8, ""elite_count"": 2, ""generations"": 500, ""max_no_improvement"": 100, ""mutation_rate"": 0.18, ""population_size"": 150, ""tournament_size"": 5}","{""algorithm_type"": ""bildiri_meta"", ""crossover_rate"": 0.8, ""elite_count"": 2, ""generations"": 500, ""max_no_improvement"": 100, ""mutation_rate"": 0.18, ""population_size"": 150, ""tournament_size"": 5}"
2026-05-15T22:11:31.551442,bier127,B-PSO,23,133320.6,12.714192,6192.155,5,"{""algorithm_type"": ""bildiri_meta"", ""cognitive_coeff"": 1.49445, ""inertia_weight"": 0.729, ""max_iterations"": 500, ""max_no_improvement"": 100, ""max_velocity_size"": 8, ""reinit_interval"": 30, ""social_coeff"": 1.49445, ""swarm_size"": 80}","{""algorithm_type"": ""bildiri_meta"", ""cognitive_coeff"": 1.49445, ""inertia_weight"": 0.729, ""max_iterations"": 500, ""max_no_improvement"": 100, ""max_velocity_size"": 8, ""reinit_interval"": 30, ""social_coeff"": 1.49445, ""swarm_size"": 80}"
2026-05-15T22:11:32.806113,bier127,B-GA,10,134798.6,13.963748,2081.7004,5,"{""algorithm_type"": ""bildiri_meta"", ""crossover_rate"": 0.9, ""elite_count"": 4, ""generations"": 300, ""max_no_improvement"": 100, ""mutation_rate"": 0.12, ""population_size"": 80, ""tournament_size"": 3}","{""algorithm_type"": ""bildiri_meta"", ""crossover_rate"": 0.9, ""elite_count"": 4, ""generations"": 300, ""max_no_improvement"": 100, ""mutation_rate"": 0.12, ""population_size"": 80, ""tournament_size"": 3}"
2026-05-15T22:11:36.259087,bier127,B-GA,17,134481.4,13.695575,1466.0228,5,"{""algorithm_type"": ""bildiri_meta"", ""crossover_rate"": 0.8, ""elite_count"": 2, ""generations"": 300, ""max_no_improvement"": 100, ""mutation_rate"": 0.18, ""population_size"": 80, ""tournament_size"": 3}","{""algorithm_type"": ""bildiri_meta"", ""crossover_rate"": 0.8, ""elite_count"": 2, ""generations"": 300, ""max_no_improvement"": 100, ""mutation_rate"": 0.18, ""population_size"": 80, ""tournament_size"": 3}"
2026-05-15T22:11:37.027426,bier127,B-GA,11,134114.0,13.384961,2714.5728,5,"{""algorithm_type"": ""bildiri_meta"", ""crossover_rate"": 0.9, ""elite_count"": 2, ""generations"": 300, ""max_no_improvement"": 100, ""mutation_rate"": 0.15, ""population_size"": 150, ""tournament_size"": 5}","{""algorithm_type"": ""bildiri_meta"", ""crossover_rate"": 0.9, ""elite_count"": 2, ""generations"": 300, ""max_no_improvement"": 100, ""mutation_rate"": 0.15, ""population_size"": 150, ""tournament_size"": 5}"
2026-05-15T22:11:38.403258,bier127,B-GA,13,134502.4,13.713329,2809.657,5,"{""algorithm_type"": ""bildiri_meta"", ""crossover_rate"": 0.9, ""elite_count"": 4, ""generations"": 500, ""max_no_improvement"": 100, ""mutation_rate"": 0.15, ""population_size"": 100, ""tournament_size"": 5}","{""algorithm_type"": ""bildiri_meta"", ""crossover_rate"": 0.9, ""elite_count"": 4, ""generations"": 500, ""max_no_improvement"": 100, ""mutation_rate"": 0.15, ""population_size"": 100, ""tournament_size"": 5}"
2026-05-15T22:11:38.478267,bier127,B-GA,12,134182.4,13.442789,2887.2157,5,"{""algorithm_type"": ""bildiri_meta"", ""crossover_rate"": 0.9, ""elite_count"": 2, ""generations"": 500, ""max_no_improvement"": 100, ""mutation_rate"": 0.18, ""population_size"": 150, ""tournament_size"": 3}","{""algorithm_type"": ""bildiri_meta"", ""crossover_rate"": 0.9, ""elite_count"": 2, ""generations"": 500, ""max_no_improvement"": 100, ""mutation_rate"": 0.18, ""population_size"": 150, ""tournament_size"": 3}"
2026-05-15T22:11:38.742740,bier127,B-GA,9,133804.0,13.122876,3910.1886,5,"{""algorithm_type"": ""bildiri_meta"", ""crossover_rate"": 0.8, ""elite_count"": 2, ""generations"": 500, ""max_no_improvement"": 100, ""mutation_rate"": 0.18, ""population_size"": 150, ""tournament_size"": 3}","{""algorithm_type"": ""bildiri_meta"", ""crossover_rate"": 0.8, ""elite_count"": 2, ""generations"": 500, ""max_no_improvement"": 100, ""mutation_rate"": 0.18, ""population_size"": 150, ""tournament_size"": 3}"
2026-05-15T22:11:39.269468,bier127,B-GA,14,135529.8,14.581931,2474.5294,5,"{""algorithm_type"": ""bildiri_meta"", ""crossover_rate"": 0.85, ""elite_count"": 4, ""generations"": 300, ""max_no_improvement"": 100, ""mutation_rate"": 0.18, ""population_size"": 80, ""tournament_size"": 3}","{""algorithm_type"": ""bildiri_meta"", ""crossover_rate"": 0.85, ""elite_count"": 4, ""generations"": 300, ""max_no_improvement"": 100, ""mutation_rate"": 0.18, ""population_size"": 80, ""tournament_size"": 3}"
2026-05-15T22:11:39.543595,bier127,B-GA,16,134625.2,13.817149,2267.8389,5,"{""algorithm_type"": ""bildiri_meta"", ""crossover_rate"": 0.8, ""elite_count"": 2, ""generations"": 500, ""max_no_improvement"": 100, ""mutation_rate"": 0.12, ""population_size"": 100, ""tournament_size"": 3}","{""algorithm_type"": ""bildiri_meta"", ""crossover_rate"": 0.8, ""elite_count"": 2, ""generations"": 500, ""max_no_improvement"": 100, ""mutation_rate"": 0.12, ""population_size"": 100, ""tournament_size"": 3}"
2026-05-15T22:11:39.891508,bier127,B-GA,18,134722.6,13.899494,1857.3163,5,"{""algorithm_type"": ""bildiri_meta"", ""crossover_rate"": 0.8, ""elite_count"": 4, ""generations"": 300, ""max_no_improvement"": 100, ""mutation_rate"": 0.15, ""population_size"": 80, ""tournament_size"": 5}","{""algorithm_type"": ""bildiri_meta"", ""crossover_rate"": 0.8, ""elite_count"": 4, ""generations"": 300, ""max_no_improvement"": 100, ""mutation_rate"": 0.15, ""population_size"": 80, ""tournament_size"": 5}"
2026-05-15T22:11:40.971981,bier127,B-GA,19,134702.6,13.882586,2053.5388,5,"{""algorithm_type"": ""bildiri_meta"", ""crossover_rate"": 0.85, ""elite_count"": 4, ""generations"": 300, ""max_no_improvement"": 100, ""mutation_rate"": 0.18, ""population_size"": 80, ""tournament_size"": 5}","{""algorithm_type"": ""bildiri_meta"", ""crossover_rate"": 0.85, ""elite_count"": 4, ""generations"": 300, ""max_no_improvement"": 100, ""mutation_rate"": 0.18, ""population_size"": 80, ""tournament_size"": 5}"
2026-05-15T22:11:41.258355,bier127,B-GA,21,134621.6,13.814105,1680.74,5,"{""algorithm_type"": ""bildiri_meta"", ""crossover_rate"": 0.85, ""elite_count"": 4, ""generations"": 500, ""max_no_improvement"": 100, ""mutation_rate"": 0.18, ""population_size"": 80, ""tournament_size"": 5}","{""algorithm_type"": ""bildiri_meta"", ""crossover_rate"": 0.85, ""elite_count"": 4, ""generations"": 500, ""max_no_improvement"": 100, ""mutation_rate"": 0.18, ""population_size"": 80, ""tournament_size"": 5}"
2026-05-15T22:11:42.283648,bier127,B-GA,20,134623.2,13.815458,2142.6936,5,"{""algorithm_type"": ""bildiri_meta"", ""crossover_rate"": 0.85, ""elite_count"": 4, ""generations"": 500, ""max_no_improvement"": 100, ""mutation_rate"": 0.15, ""population_size"": 80, ""tournament_size"": 5}","{""algorithm_type"": ""bildiri_meta"", ""crossover_rate"": 0.85, ""elite_count"": 4, ""generations"": 500, ""max_no_improvement"": 100, ""mutation_rate"": 0.15, ""population_size"": 80, ""tournament_size"": 5}"
2026-05-15T22:11:46.253322,bier127,B-GA,15,133353.8,12.74226,3810.7354,5,"{""algorithm_type"": ""bildiri_meta"", ""crossover_rate"": 0.8, ""elite_count"": 4, ""generations"": 300, ""max_no_improvement"": 100, ""mutation_rate"": 0.15, ""population_size"": 150, ""tournament_size"": 5}","{""algorithm_type"": ""bildiri_meta"", ""crossover_rate"": 0.8, ""elite_count"": 4, ""generations"": 300, ""max_no_improvement"": 100, ""mutation_rate"": 0.15, ""population_size"": 150, ""tournament_size"": 5}"
2026-05-15T22:11:46.673478,bier127,B-GA,22,135051.2,14.177305,2080.6091,5,"{""algorithm_type"": ""bildiri_meta"", ""crossover_rate"": 0.85, ""elite_count"": 2, ""generations"": 500, ""max_no_improvement"": 100, ""mutation_rate"": 0.18, ""population_size"": 100, ""tournament_size"": 5}","{""algorithm_type"": ""bildiri_meta"", ""crossover_rate"": 0.85, ""elite_count"": 2, ""generations"": 500, ""max_no_improvement"": 100, ""mutation_rate"": 0.18, ""population_size"": 100, ""tournament_size"": 5}"
2026-05-15T22:11:48.078022,bier127,B-GA,26,134429.6,13.651781,1862.7958,5,"{""algorithm_type"": ""bildiri_meta"", ""crossover_rate"": 0.85, ""elite_count"": 4, ""generations"": 500, ""max_no_improvement"": 100, ""mutation_rate"": 0.12, ""population_size"": 80, ""tournament_size"": 3}","{""algorithm_type"": ""bildiri_meta"", ""crossover_rate"": 0.85, ""elite_count"": 4, ""generations"": 500, ""max_no_improvement"": 100, ""mutation_rate"": 0.12, ""population_size"": 80, ""tournament_size"": 3}"
2026-05-15T22:11:49.759495,bier127,B-GA,25,135054.6,14.18018,2252.7596,5,"{""algorithm_type"": ""bildiri_meta"", ""crossover_rate"": 0.9, ""elite_count"": 4, ""generations"": 500, ""max_no_improvement"": 100, ""mutation_rate"": 0.18, ""population_size"": 100, ""tournament_size"": 5}","{""algorithm_type"": ""bildiri_meta"", ""crossover_rate"": 0.9, ""elite_count"": 4, ""generations"": 500, ""max_no_improvement"": 100, ""mutation_rate"": 0.18, ""population_size"": 100, ""tournament_size"": 5}"
2026-05-15T22:11:51.954442,bier127,B-GA,32,134595.2,13.791786,1931.8359,5,"{""algorithm_type"": ""bildiri_meta"", ""crossover_rate"": 0.85, ""elite_count"": 2, ""generations"": 500, ""max_no_improvement"": 100, ""mutation_rate"": 0.18, ""population_size"": 80, ""tournament_size"": 3}","{""algorithm_type"": ""bildiri_meta"", ""crossover_rate"": 0.85, ""elite_count"": 2, ""generations"": 500, ""max_no_improvement"": 100, ""mutation_rate"": 0.18, ""population_size"": 80, ""tournament_size"": 3}"
2026-05-15T22:11:53.704203,bier127,B-GA,27,134046.0,13.327472,2884.7264,5,"{""algorithm_type"": ""bildiri_meta"", ""crossover_rate"": 0.8, ""elite_count"": 4, ""generations"": 500, ""max_no_improvement"": 100, ""mutation_rate"": 0.12, ""population_size"": 150, ""tournament_size"": 5}","{""algorithm_type"": ""bildiri_meta"", ""crossover_rate"": 0.8, ""elite_count"": 4, ""generations"": 500, ""max_no_improvement"": 100, ""mutation_rate"": 0.12, ""population_size"": 150, ""tournament_size"": 5}"
2026-05-15T22:11:53.795902,bier127,B-GA,23,134535.2,13.74106,3341.2329,5,"{""algorithm_type"": ""bildiri_meta"", ""crossover_rate"": 0.8, ""elite_count"": 4, ""generations"": 300, ""max_no_improvement"": 100, ""mutation_rate"": 0.18, ""population_size"": 150, ""tournament_size"": 3}","{""algorithm_type"": ""bildiri_meta"", ""crossover_rate"": 0.8, ""elite_count"": 4, ""generations"": 300, ""max_no_improvement"": 100, ""mutation_rate"": 0.18, ""population_size"": 150, ""tournament_size"": 3}"
2026-05-15T22:11:53.991887,bier127,B-GA,31,133592.0,12.943643,2543.7597,5,"{""algorithm_type"": ""bildiri_meta"", ""crossover_rate"": 0.9, ""elite_count"": 4, ""generations"": 300, ""max_no_improvement"": 100, ""mutation_rate"": 0.18, ""population_size"": 100, ""tournament_size"": 5}","{""algorithm_type"": ""bildiri_meta"", ""crossover_rate"": 0.9, ""elite_count"": 4, ""generations"": 300, ""max_no_improvement"": 100, ""mutation_rate"": 0.18, ""population_size"": 100, ""tournament_size"": 5}"
2026-05-15T22:11:56.978090,bier127,B-GA,24,133859.6,13.169882,3701.7599,5,"{""algorithm_type"": ""bildiri_meta"", ""crossover_rate"": 0.9, ""elite_count"": 2, ""generations"": 500, ""max_no_improvement"": 100, ""mutation_rate"": 0.18, ""population_size"": 150, ""tournament_size"": 5}","{""algorithm_type"": ""bildiri_meta"", ""crossover_rate"": 0.9, ""elite_count"": 2, ""generations"": 500, ""max_no_improvement"": 100, ""mutation_rate"": 0.18, ""population_size"": 150, ""tournament_size"": 5}"
2026-05-15T22:11:57.160691,bier127,B-GA,35,135062.4,14.186774,1610.1533,5,"{""algorithm_type"": ""bildiri_meta"", ""crossover_rate"": 0.9, ""elite_count"": 4, ""generations"": 500, ""max_no_improvement"": 100, ""mutation_rate"": 0.18, ""population_size"": 80, ""tournament_size"": 5}","{""algorithm_type"": ""bildiri_meta"", ""crossover_rate"": 0.9, ""elite_count"": 4, ""generations"": 500, ""max_no_improvement"": 100, ""mutation_rate"": 0.18, ""population_size"": 80, ""tournament_size"": 5}"
2026-05-15T22:11:57.313180,bier127,B-GA,28,133948.8,13.245295,3539.1394,5,"{""algorithm_type"": ""bildiri_meta"", ""crossover_rate"": 0.85, ""elite_count"": 4, ""generations"": 300, ""max_no_improvement"": 100, ""mutation_rate"": 0.18, ""population_size"": 150, ""tournament_size"": 3}","{""algorithm_type"": ""bildiri_meta"", ""crossover_rate"": 0.85, ""elite_count"": 4, ""generations"": 300, ""max_no_improvement"": 100, ""mutation_rate"": 0.18, ""population_size"": 150, ""tournament_size"": 3}"
2026-05-15T22:11:58.174976,bier127,B-GA,29,133973.2,13.265924,3654.5776,5,"{""algorithm_type"": ""bildiri_meta"", ""crossover_rate"": 0.9, ""elite_count"": 4, ""generations"": 300, ""max_no_improvement"": 100, ""mutation_rate"": 0.18, ""population_size"": 150, ""tournament_size"": 5}","{""algorithm_type"": ""bildiri_meta"", ""crossover_rate"": 0.9, ""elite_count"": 4, ""generations"": 300, ""max_no_improvement"": 100, ""mutation_rate"": 0.18, ""population_size"": 150, ""tournament_size"": 5}"
2026-05-15T22:11:59.060427,bier127,B-GA,30,133840.2,13.153481,3608.3695,5,"{""algorithm_type"": ""bildiri_meta"", ""crossover_rate"": 0.85, ""elite_count"": 4, ""generations"": 500, ""max_no_improvement"": 100, ""mutation_rate"": 0.18, ""population_size"": 150, ""tournament_size"": 5}","{""algorithm_type"": ""bildiri_meta"", ""crossover_rate"": 0.85, ""elite_count"": 4, ""generations"": 500, ""max_no_improvement"": 100, ""mutation_rate"": 0.18, ""population_size"": 150, ""tournament_size"": 5}"
2026-05-15T22:12:00.517181,bier127,B-GA,36,134194.8,13.453273,2148.9051,5,"{""algorithm_type"": ""bildiri_meta"", ""crossover_rate"": 0.8, ""elite_count"": 2, ""generations"": 300, ""max_no_improvement"": 100, ""mutation_rate"": 0.12, ""population_size"": 80, ""tournament_size"": 5}","{""algorithm_type"": ""bildiri_meta"", ""crossover_rate"": 0.8, ""elite_count"": 2, ""generations"": 300, ""max_no_improvement"": 100, ""mutation_rate"": 0.12, ""population_size"": 80, ""tournament_size"": 5}"
2026-05-15T22:12:00.579877,bier127,B-GA,33,134249.0,13.499095,2862.6924,5,"{""algorithm_type"": ""bildiri_meta"", ""crossover_rate"": 0.8, ""elite_count"": 4, ""generations"": 500, ""max_no_improvement"": 100, ""mutation_rate"": 0.15, ""population_size"": 100, ""tournament_size"": 3}","{""algorithm_type"": ""bildiri_meta"", ""crossover_rate"": 0.8, ""elite_count"": 4, ""generations"": 500, ""max_no_improvement"": 100, ""mutation_rate"": 0.15, ""population_size"": 100, ""tournament_size"": 3}"
2026-05-15T22:12:00.993683,bier127,B-GA,37,134916.0,14.063002,1805.7898,5,"{""algorithm_type"": ""bildiri_meta"", ""crossover_rate"": 0.8, ""elite_count"": 2, ""generations"": 500, ""max_no_improvement"": 100, ""mutation_rate"": 0.15, ""population_size"": 80, ""tournament_size"": 3}","{""algorithm_type"": ""bildiri_meta"", ""crossover_rate"": 0.8, ""elite_count"": 2, ""generations"": 500, ""max_no_improvement"": 100, ""mutation_rate"": 0.15, ""population_size"": 80, ""tournament_size"": 3}"
2026-05-15T22:12:02.832491,bier127,B-GA,34,134094.6,13.36856,3229.611,5,"{""algorithm_type"": ""bildiri_meta"", ""crossover_rate"": 0.8, ""elite_count"": 4, ""generations"": 300, ""max_no_improvement"": 100, ""mutation_rate"": 0.15, ""population_size"": 150, ""tournament_size"": 3}","{""algorithm_type"": ""bildiri_meta"", ""crossover_rate"": 0.8, ""elite_count"": 4, ""generations"": 300, ""max_no_improvement"": 100, ""mutation_rate"": 0.15, ""population_size"": 150, ""tournament_size"": 3}"
2026-05-15T22:12:05.695035,bier127,B-GA,40,135043.0,14.170372,2332.6153,5,"{""algorithm_type"": ""bildiri_meta"", ""crossover_rate"": 0.85, ""elite_count"": 4, ""generations"": 300, ""max_no_improvement"": 100, ""mutation_rate"": 0.12, ""population_size"": 100, ""tournament_size"": 5}","{""algorithm_type"": ""bildiri_meta"", ""crossover_rate"": 0.85, ""elite_count"": 4, ""generations"": 300, ""max_no_improvement"": 100, ""mutation_rate"": 0.12, ""population_size"": 100, ""tournament_size"": 5}"
2026-05-15T22:12:06.915656,bier127,B-GA,42,134283.2,13.528009,1947.9148,5,"{""algorithm_type"": ""bildiri_meta"", ""crossover_rate"": 0.8, ""elite_count"": 4, ""generations"": 500, ""max_no_improvement"": 100, ""mutation_rate"": 0.12, ""population_size"": 80, ""tournament_size"": 5}","{""algorithm_type"": ""bildiri_meta"", ""crossover_rate"": 0.8, ""elite_count"": 4, ""generations"": 500, ""max_no_improvement"": 100, ""mutation_rate"": 0.12, ""population_size"": 80, ""tournament_size"": 5}"
2026-05-15T22:12:08.781910,bier127,B-GA,44,134105.2,13.377522,2110.7759,5,"{""algorithm_type"": ""bildiri_meta"", ""crossover_rate"": 0.85, ""elite_count"": 4, ""generations"": 300, ""max_no_improvement"": 100, ""mutation_rate"": 0.12, ""population_size"": 100, ""tournament_size"": 3}","{""algorithm_type"": ""bildiri_meta"", ""crossover_rate"": 0.85, ""elite_count"": 4, ""generations"": 300, ""max_no_improvement"": 100, ""mutation_rate"": 0.12, ""population_size"": 100, ""tournament_size"": 3}"
2026-05-15T22:12:09.824114,bier127,B-GA,39,134163.4,13.426726,3194.6451,5,"{""algorithm_type"": ""bildiri_meta"", ""crossover_rate"": 0.85, ""elite_count"": 2, ""generations"": 500, ""max_no_improvement"": 100, ""mutation_rate"": 0.18, ""population_size"": 150, ""tournament_size"": 3}","{""algorithm_type"": ""bildiri_meta"", ""crossover_rate"": 0.85, ""elite_count"": 2, ""generations"": 500, ""max_no_improvement"": 100, ""mutation_rate"": 0.18, ""population_size"": 150, ""tournament_size"": 3}"
2026-05-15T22:12:10.442685,bier127,B-GA,48,134850.6,14.00771,1885.4259,5,"{""algorithm_type"": ""bildiri_meta"", ""crossover_rate"": 0.9, ""elite_count"": 2, ""generations"": 300, ""max_no_improvement"": 100, ""mutation_rate"": 0.12, ""population_size"": 80, ""tournament_size"": 3}","{""algorithm_type"": ""bildiri_meta"", ""crossover_rate"": 0.9, ""elite_count"": 2, ""generations"": 300, ""max_no_improvement"": 100, ""mutation_rate"": 0.12, ""population_size"": 80, ""tournament_size"": 3}"
2026-05-15T22:12:11.428456,bier127,B-GA,38,134800.4,13.965269,3536.6122,5,"{""algorithm_type"": ""bildiri_meta"", ""crossover_rate"": 0.9, ""elite_count"": 4, ""generations"": 300, ""max_no_improvement"": 100, ""mutation_rate"": 0.18, ""population_size"": 150, ""tournament_size"": 3}","{""algorithm_type"": ""bildiri_meta"", ""crossover_rate"": 0.9, ""elite_count"": 4, ""generations"": 300, ""max_no_improvement"": 100, ""mutation_rate"": 0.18, ""population_size"": 150, ""tournament_size"": 3}"
2026-05-15T22:12:12.386811,bier127,B-GA,41,133646.6,12.989804,3079.6178,5,"{""algorithm_type"": ""bildiri_meta"", ""crossover_rate"": 0.8, ""elite_count"": 2, ""generations"": 500, ""max_no_improvement"": 100, ""mutation_rate"": 0.12, ""population_size"": 150, ""tournament_size"": 5}","{""algorithm_type"": ""bildiri_meta"", ""crossover_rate"": 0.8, ""elite_count"": 2, ""generations"": 500, ""max_no_improvement"": 100, ""mutation_rate"": 0.12, ""population_size"": 150, ""tournament_size"": 5}"
2026-05-15T22:12:12.448491,bier127,B-GA,47,134862.8,14.018025,2371.2065,5,"{""algorithm_type"": ""bildiri_meta"", ""crossover_rate"": 0.9, ""elite_count"": 2, ""generations"": 300, ""max_no_improvement"": 100, ""mutation_rate"": 0.12, ""population_size"": 100, ""tournament_size"": 5}","{""algorithm_type"": ""bildiri_meta"", ""crossover_rate"": 0.9, ""elite_count"": 2, ""generations"": 300, ""max_no_improvement"": 100, ""mutation_rate"": 0.12, ""population_size"": 100, ""tournament_size"": 5}"
2026-05-15T22:12:13.484335,bier127,B-GA,49,134867.8,14.022252,2075.3165,5,"{""algorithm_type"": ""bildiri_meta"", ""crossover_rate"": 0.85, ""elite_count"": 4, ""generations"": 300, ""max_no_improvement"": 100, ""mutation_rate"": 0.15, ""population_size"": 100, ""tournament_size"": 5}","{""algorithm_type"": ""bildiri_meta"", ""crossover_rate"": 0.85, ""elite_count"": 4, ""generations"": 300, ""max_no_improvement"": 100, ""mutation_rate"": 0.15, ""population_size"": 100, ""tournament_size"": 5}"
2026-05-15T22:12:15.544943,bier127,B-GA,45,133791.0,13.111885,3294.1368,5,"{""algorithm_type"": ""bildiri_meta"", ""crossover_rate"": 0.9, ""elite_count"": 4, ""generations"": 500, ""max_no_improvement"": 100, ""mutation_rate"": 0.12, ""population_size"": 150, ""tournament_size"": 3}","{""algorithm_type"": ""bildiri_meta"", ""crossover_rate"": 0.9, ""elite_count"": 4, ""generations"": 500, ""max_no_improvement"": 100, ""mutation_rate"": 0.12, ""population_size"": 150, ""tournament_size"": 3}"
2026-05-15T22:12:15.891576,bier127,B-GA,43,133892.4,13.197612,3713.2166,5,"{""algorithm_type"": ""bildiri_meta"", ""crossover_rate"": 0.85, ""elite_count"": 2, ""generations"": 500, ""max_no_improvement"": 100, ""mutation_rate"": 0.15, ""population_size"": 150, ""tournament_size"": 3}","{""algorithm_type"": ""bildiri_meta"", ""crossover_rate"": 0.85, ""elite_count"": 2, ""generations"": 500, ""max_no_improvement"": 100, ""mutation_rate"": 0.15, ""population_size"": 150, ""tournament_size"": 3}"
2026-05-15T22:12:15.961430,bier127,B-GA,50,134097.8,13.371265,2037.7125,5,"{""algorithm_type"": ""bildiri_meta"", ""crossover_rate"": 0.85, ""elite_count"": 2, ""generations"": 300, ""max_no_improvement"": 100, ""mutation_rate"": 0.15, ""population_size"": 100, ""tournament_size"": 3}","{""algorithm_type"": ""bildiri_meta"", ""crossover_rate"": 0.85, ""elite_count"": 2, ""generations"": 300, ""max_no_improvement"": 100, ""mutation_rate"": 0.15, ""population_size"": 100, ""tournament_size"": 3}"
2026-05-15T22:12:17.155828,bier127,B-GA,46,134327.8,13.565716,3309.4076,5,"{""algorithm_type"": ""bildiri_meta"", ""crossover_rate"": 0.85, ""elite_count"": 2, ""generations"": 500, ""max_no_improvement"": 100, ""mutation_rate"": 0.15, ""population_size"": 150, ""tournament_size"": 5}","{""algorithm_type"": ""bildiri_meta"", ""crossover_rate"": 0.85, ""elite_count"": 2, ""generations"": 500, ""max_no_improvement"": 100, ""mutation_rate"": 0.15, ""population_size"": 150, ""tournament_size"": 5}"
