timestamp,problem,model_id,algorithm,run_idx,duration,elapsed_ms,seed
00:49:43,berlin52,8,GWO-LKH,2,7542.0,4273,9801
00:49:43,berlin52,8,GWO-LKH,3,7717.0,4318,9802
00:49:43,berlin52,8,GWO-LKH,6,7894.0,4344,9805
00:49:43,berlin52,8,GWO-LKH,8,7679.0,4244,9807
00:49:44,berlin52,8,GWO-LKH,9,7987.0,4434,9808
00:49:44,berlin52,8,GWO-LKH,5,7877.0,4775,9804
00:49:44,berlin52,8,GWO-LKH,11,7895.0,4538,9810
00:49:44,berlin52,8,GWO-LKH,12,7794.0,4597,9811
00:49:44,berlin52,8,GWO-LKH,7,7935.0,4700,9806
00:49:44,berlin52,8,GWO-LKH,1,7869.0,5034,9800
00:49:44,berlin52,8,GWO-LKH,4,7968.0,5254,9803
00:49:45,berlin52,8,GWO-LKH,10,7765.0,5785,9809
00:49:46,berlin52,8,GWO-LKH,16,7792.0,5934,9815
00:49:46,berlin52,8,GWO-LKH,13,7682.0,6292,9812
00:49:46,berlin52,8,GWO-LKH,14,7975.0,6180,9813
00:49:46,berlin52,8,GWO-LKH,15,7744.0,6260,9814
00:49:46,berlin52,8,GWO-LKH,18,7925.0,3079,9817
00:49:47,berlin52,8,GWO-LKH,17,7682.0,3255,9816
00:49:47,berlin52,8,GWO-LKH,20,7933.0,3166,9819
00:49:47,berlin52,8,GWO-LKH,19,7682.0,3442,9818
00:49:47,berlin52,8,GWO-LKH,23,7806.0,3239,9822
00:49:47,berlin52,8,GWO-LKH,21,7814.0,3433,9820
00:49:47,berlin52,8,GWO-LKH,24,7934.0,3318,9823
00:49:47,berlin52,8,GWO-LKH,25,7871.0,3396,9824
00:49:47,berlin52,8,GWO-LKH,26,7715.0,3434,9825
00:49:48,berlin52,8,GWO-LKH,22,7844.0,3705,9821
00:49:48,berlin52,8,GWO-LKH,27,7763.0,3490,9826
00:49:48,berlin52,8,GWO-LKH,28,7954.0,3222,9827
00:49:48,berlin52,8,GWO-LKH,29,7966.0,2882,9828
00:49:49,berlin52,8,GWO-LKH,30,7885.0,2888,9829
00:50:00,berlin52,9,GWO-ALNS,3,7542.0,8876,9902
00:50:00,berlin52,9,GWO-ALNS,5,7542.0,8997,9904
00:50:00,berlin52,9,GWO-ALNS,12,7542.0,8711,9911
00:50:01,berlin52,9,GWO-ALNS,14,7542.0,8574,9913
00:50:01,berlin52,9,GWO-ALNS,10,7542.0,8992,9909
00:50:01,berlin52,9,GWO-ALNS,6,7542.0,9433,9905
00:50:01,berlin52,9,GWO-ALNS,13,7542.0,9268,9912
00:50:01,berlin52,9,GWO-ALNS,1,7542.0,9909,9900
00:50:02,berlin52,9,GWO-ALNS,2,7542.0,10551,9901
00:50:02,berlin52,9,GWO-ALNS,8,7542.0,10453,9907
00:50:02,berlin52,9,GWO-ALNS,4,7542.0,10770,9903
00:50:02,berlin52,9,GWO-ALNS,9,7542.0,10579,9908
00:50:03,berlin52,9,GWO-ALNS,7,7542.0,11925,9906
00:50:04,berlin52,9,GWO-ALNS,15,7542.0,11761,9914
00:50:04,berlin52,9,GWO-ALNS,11,7542.0,12405,9910
00:50:04,berlin52,9,GWO-ALNS,16,7542.0,11774,9915
00:50:08,berlin52,9,GWO-ALNS,17,7542.0,7655,9916
00:50:08,berlin52,9,GWO-ALNS,21,7542.0,7601,9920
00:50:09,berlin52,9,GWO-ALNS,19,7542.0,8109,9918
00:50:09,berlin52,9,GWO-ALNS,18,7542.0,8163,9917
00:50:09,berlin52,9,GWO-ALNS,23,7542.0,7934,9922
00:50:09,berlin52,9,GWO-ALNS,22,7542.0,8021,9921
00:50:09,berlin52,9,GWO-ALNS,20,7542.0,8393,9919
00:50:09,berlin52,9,GWO-ALNS,24,7542.0,8162,9923
00:50:10,berlin52,9,GWO-ALNS,25,7542.0,7681,9924
00:50:10,berlin52,9,GWO-ALNS,27,7542.0,7437,9926
00:50:10,berlin52,9,GWO-ALNS,26,7542.0,7894,9925
00:50:10,berlin52,9,GWO-ALNS,28,7542.0,7820,9927
00:50:11,berlin52,9,GWO-ALNS,29,7542.0,7230,9928
00:50:11,berlin52,9,GWO-ALNS,30,7542.0,7280,9929
00:50:18,berlin52,10,HHO-LKH,2,7718.0,4145,10001
00:50:18,berlin52,10,HHO-LKH,4,7729.0,4152,10003
00:50:18,berlin52,10,HHO-LKH,8,7670.0,4099,10007
00:50:19,berlin52,10,HHO-LKH,5,7876.0,4336,10004
00:50:19,berlin52,10,HHO-LKH,9,7667.0,4307,10008
00:50:19,berlin52,10,HHO-LKH,1,7681.0,4551,10000
00:50:19,berlin52,10,HHO-LKH,7,7779.0,4506,10006
00:50:19,berlin52,10,HHO-LKH,11,7848.0,4393,10010
00:50:19,berlin52,10,HHO-LKH,3,7851.0,4878,10002
00:50:19,berlin52,10,HHO-LKH,6,7807.0,5001,10005
00:50:20,berlin52,10,HHO-LKH,15,7864.0,4885,10014
00:50:20,berlin52,10,HHO-LKH,10,7840.0,5228,10009
00:50:20,berlin52,10,HHO-LKH,14,7767.0,5656,10013
00:50:21,berlin52,10,HHO-LKH,16,7769.0,5857,10015
00:50:21,berlin52,10,HHO-LKH,12,8038.0,6046,10011
00:50:21,berlin52,10,HHO-LKH,13,7780.0,6095,10012
00:50:21,berlin52,10,HHO-LKH,17,7829.0,3078,10016
00:50:21,berlin52,10,HHO-LKH,18,7792.0,3059,10017
00:50:21,berlin52,10,HHO-LKH,19,7814.0,3063,10018
00:50:22,berlin52,10,HHO-LKH,22,7794.0,3033,10021
00:50:22,berlin52,10,HHO-LKH,21,8058.0,3071,10020
00:50:22,berlin52,10,HHO-LKH,23,7542.0,2980,10022
00:50:22,berlin52,10,HHO-LKH,20,7827.0,3208,10019
00:50:22,berlin52,10,HHO-LKH,24,8006.0,3087,10023
00:50:22,berlin52,10,HHO-LKH,25,7736.0,3184,10024
00:50:22,berlin52,10,HHO-LKH,26,7542.0,3016,10025
00:50:22,berlin52,10,HHO-LKH,27,7614.0,2780,10026
00:50:23,berlin52,10,HHO-LKH,28,7820.0,2883,10027
00:50:23,berlin52,10,HHO-LKH,30,7912.0,2457,10029
00:50:23,berlin52,10,HHO-LKH,29,8062.0,2712,10028
00:50:32,berlin52,11,HHO-ALNS,7,7542.0,6191,10106
00:50:32,berlin52,11,HHO-ALNS,4,7542.0,6281,10103
00:50:32,berlin52,11,HHO-ALNS,6,7542.0,6495,10105
00:50:32,berlin52,11,HHO-ALNS,5,7542.0,6532,10104
00:50:33,berlin52,11,HHO-ALNS,1,7542.0,7110,10100
00:50:33,berlin52,11,HHO-ALNS,9,7542.0,6758,10108
00:50:33,berlin52,11,HHO-ALNS,8,7542.0,6781,10107
00:50:33,berlin52,11,HHO-ALNS,14,7542.0,7202,10113
00:50:33,berlin52,11,HHO-ALNS,13,7542.0,7319,10112
00:50:33,berlin52,11,HHO-ALNS,3,7542.0,7548,10102
00:50:33,berlin52,11,HHO-ALNS,2,7673.0,7817,10101
00:50:34,berlin52,11,HHO-ALNS,10,7673.0,7643,10109
00:50:34,berlin52,11,HHO-ALNS,11,7542.0,7760,10110
00:50:34,berlin52,11,HHO-ALNS,12,7542.0,8030,10111
00:50:34,berlin52,11,HHO-ALNS,16,7542.0,8041,10115
00:50:35,berlin52,11,HHO-ALNS,15,7715.0,8488,10114
00:50:37,berlin52,11,HHO-ALNS,17,7542.0,5065,10116
00:50:37,berlin52,11,HHO-ALNS,20,7542.0,5015,10119
00:50:38,berlin52,11,HHO-ALNS,18,7542.0,5572,10117
00:50:38,berlin52,11,HHO-ALNS,23,7542.0,5059,10122
00:50:38,berlin52,11,HHO-ALNS,19,7542.0,5473,10118
00:50:38,berlin52,11,HHO-ALNS,21,7542.0,5495,10120
00:50:38,berlin52,11,HHO-ALNS,24,7542.0,5010,10123
00:50:38,berlin52,11,HHO-ALNS,22,7542.0,5599,10121
00:50:38,berlin52,11,HHO-ALNS,25,7542.0,5225,10124
00:50:39,berlin52,11,HHO-ALNS,26,7542.0,5300,10125
00:50:39,berlin52,11,HHO-ALNS,29,7542.0,4934,10128
00:50:39,berlin52,11,HHO-ALNS,27,7673.0,5149,10126
00:50:39,berlin52,11,HHO-ALNS,28,7542.0,5202,10127
00:50:39,berlin52,11,HHO-ALNS,30,7542.0,4894,10129
00:50:43,berlin52,12,HHO-Pure,1,22669.0,1495,10200
00:50:43,berlin52,12,HHO-Pure,2,20613.0,1500,10201
00:50:43,berlin52,12,HHO-Pure,9,20706.0,1473,10208
00:50:43,berlin52,12,HHO-Pure,7,23029.0,1559,10206
00:50:43,berlin52,12,HHO-Pure,6,21439.0,1755,10205
00:50:43,berlin52,12,HHO-Pure,18,22024.0,417,10217
00:50:44,berlin52,12,HHO-Pure,8,21417.0,2023,10207
00:50:44,berlin52,12,HHO-Pure,4,20058.0,2097,10203
00:50:44,berlin52,12,HHO-Pure,14,19159.0,2059,10213
00:50:44,berlin52,12,HHO-Pure,5,21153.0,2225,10204
00:50:44,berlin52,12,HHO-Pure,21,21032.0,483,10220
00:50:44,berlin52,12,HHO-Pure,15,19117.0,2146,10214
00:50:44,berlin52,12,HHO-Pure,3,21289.0,2260,10202
00:50:44,berlin52,12,HHO-Pure,11,22610.0,2256,10210
00:50:44,berlin52,12,HHO-Pure,20,21934.0,788,10219
00:50:44,berlin52,12,HHO-Pure,12,18968.0,2289,10211
00:50:44,berlin52,12,HHO-Pure,17,21165.0,1056,10216
00:50:44,berlin52,12,HHO-Pure,25,19827.0,567,10224
00:50:44,berlin52,12,HHO-Pure,29,20752.0,579,10228
00:50:44,berlin52,12,HHO-Pure,24,18875.0,743,10223
00:50:44,berlin52,12,HHO-Pure,30,19605.0,507,10229
00:50:44,berlin52,12,HHO-Pure,19,16650.0,1393,10218
00:50:44,berlin52,12,HHO-Pure,10,20868.0,2913,10209
00:50:44,berlin52,12,HHO-Pure,28,22832.0,737,10227
00:50:45,berlin52,12,HHO-Pure,26,18725.0,874,10225
00:50:45,berlin52,12,HHO-Pure,13,21032.0,3132,10212
00:50:45,berlin52,12,HHO-Pure,27,18436.0,975,10226
00:50:45,berlin52,12,HHO-Pure,23,19026.0,1220,10222
00:50:45,berlin52,12,HHO-Pure,22,19086.0,1378,10221
00:50:45,berlin52,12,HHO-Pure,16,19689.0,3367,10215
00:50:49,berlin52,13,2-opt,3,7878.0,1414,10302
00:50:49,berlin52,13,2-opt,4,7788.0,1440,10303
00:50:49,berlin52,13,2-opt,5,7775.0,1445,10304
00:50:49,berlin52,13,2-opt,17,7862.0,78,10316
00:50:49,berlin52,13,2-opt,1,7914.0,1554,10300
00:50:49,berlin52,13,2-opt,6,7871.0,1420,10305
00:50:49,berlin52,13,2-opt,19,7917.0,59,10318
00:50:49,berlin52,13,2-opt,18,7686.0,80,10317
00:50:49,berlin52,13,2-opt,20,7910.0,67,10319
00:50:50,berlin52,13,2-opt,2,8076.0,1622,10301
00:50:50,berlin52,13,2-opt,22,7825.0,64,10321
00:50:50,berlin52,13,2-opt,21,7797.0,72,10320
00:50:50,berlin52,13,2-opt,23,7885.0,76,10322
00:50:50,berlin52,13,2-opt,24,7898.0,75,10323
00:50:50,berlin52,13,2-opt,25,8014.0,70,10324
00:50:50,berlin52,13,2-opt,27,7734.0,64,10326
00:50:50,berlin52,13,2-opt,26,8042.0,72,10325
00:50:50,berlin52,13,2-opt,29,7845.0,64,10328
00:50:50,berlin52,13,2-opt,28,7815.0,74,10327
00:50:50,berlin52,13,2-opt,30,7775.0,74,10329
00:50:50,berlin52,13,2-opt,7,7878.0,1618,10306
00:50:50,berlin52,13,2-opt,9,7990.0,1529,10308
00:50:50,berlin52,13,2-opt,8,7788.0,1794,10307
00:50:50,berlin52,13,2-opt,15,7909.0,1586,10314
00:50:50,berlin52,13,2-opt,14,7542.0,1598,10313
00:50:50,berlin52,13,2-opt,10,8054.0,1787,10309
00:50:50,berlin52,13,2-opt,12,8020.0,1725,10311
00:50:50,berlin52,13,2-opt,16,7902.0,1632,10315
00:50:50,berlin52,13,2-opt,11,7810.0,1770,10310
00:50:50,berlin52,13,2-opt,13,7992.0,1706,10312
00:50:57,berlin52,14,3-opt,6,8189.0,3497,10405
00:50:57,berlin52,14,3-opt,3,7750.0,3996,10402
00:50:57,berlin52,14,3-opt,4,7842.0,4005,10403
00:50:57,berlin52,14,3-opt,1,7715.0,4325,10400
00:50:57,berlin52,14,3-opt,2,7749.0,4256,10401
00:50:57,berlin52,14,3-opt,5,7977.0,4377,10404
00:50:58,berlin52,14,3-opt,8,7542.0,4135,10407
00:50:59,berlin52,14,3-opt,9,8060.0,5042,10408
00:50:59,berlin52,14,3-opt,15,7683.0,4917,10414
00:50:59,berlin52,14,3-opt,17,7776.0,1998,10416
00:50:59,berlin52,14,3-opt,7,7941.0,5649,10406
00:50:59,berlin52,14,3-opt,11,7780.0,5400,10410
00:50:59,berlin52,14,3-opt,10,7755.0,5398,10409
00:50:59,berlin52,14,3-opt,18,7683.0,2272,10417
00:50:59,berlin52,14,3-opt,19,7932.0,2254,10418
00:50:59,berlin52,14,3-opt,22,8357.0,1961,10421
00:51:00,berlin52,14,3-opt,20,8037.0,2508,10419
00:51:00,berlin52,14,3-opt,26,7848.0,1532,10425
00:51:00,berlin52,14,3-opt,21,8020.0,3062,10420
00:51:00,berlin52,14,3-opt,23,8013.0,2791,10422
00:51:00,berlin52,14,3-opt,25,8039.0,1840,10424
00:51:01,berlin52,14,3-opt,24,8002.0,2246,10423
00:51:01,berlin52,14,3-opt,12,8116.0,7227,10411
00:51:01,berlin52,14,3-opt,13,7542.0,7186,10412
00:51:01,berlin52,14,3-opt,14,7736.0,7208,10413
00:51:01,berlin52,14,3-opt,16,8223.0,6843,10415
00:51:01,berlin52,14,3-opt,29,8151.0,2115,10428
00:51:01,berlin52,14,3-opt,27,8155.0,2433,10426
00:51:01,berlin52,14,3-opt,30,8138.0,2115,10429
00:51:01,berlin52,14,3-opt,28,7832.0,2415,10427
00:51:06,berlin52,15,Or-opt,3,7868.0,1607,10502
00:51:06,berlin52,15,Or-opt,4,7715.0,1571,10503
00:51:06,berlin52,15,Or-opt,1,8277.0,1728,10500
00:51:06,berlin52,15,Or-opt,2,8182.0,1731,10501
00:51:06,berlin52,15,Or-opt,5,7985.0,1652,10504
00:51:06,berlin52,15,Or-opt,7,8013.0,1577,10506
00:51:06,berlin52,15,Or-opt,6,7783.0,1687,10505
00:51:06,berlin52,15,Or-opt,17,7834.0,206,10516
00:51:07,berlin52,15,Or-opt,19,7899.0,188,10518
00:51:07,berlin52,15,Or-opt,18,8504.0,221,10517
00:51:07,berlin52,15,Or-opt,20,8124.0,203,10519
00:51:07,berlin52,15,Or-opt,22,7769.0,166,10521
00:51:07,berlin52,15,Or-opt,21,8357.0,203,10520
00:51:07,berlin52,15,Or-opt,8,7975.0,1639,10507
00:51:07,berlin52,15,Or-opt,23,7542.0,246,10522
00:51:07,berlin52,15,Or-opt,24,8043.0,254,10523
00:51:07,berlin52,15,Or-opt,25,7930.0,207,10524
00:51:07,berlin52,15,Or-opt,27,8198.0,182,10526
00:51:07,berlin52,15,Or-opt,26,8178.0,261,10525
00:51:07,berlin52,15,Or-opt,28,8176.0,272,10527
00:51:07,berlin52,15,Or-opt,29,8328.0,283,10528
00:51:07,berlin52,15,Or-opt,30,7714.0,240,10529
00:51:07,berlin52,15,Or-opt,9,7738.0,2005,10508
00:51:07,berlin52,15,Or-opt,14,8239.0,1999,10513
00:51:07,berlin52,15,Or-opt,10,8086.0,2046,10509
00:51:07,berlin52,15,Or-opt,12,7995.0,2026,10511
00:51:07,berlin52,15,Or-opt,15,8053.0,1814,10514
00:51:07,berlin52,15,Or-opt,11,8087.0,2046,10510
00:51:08,berlin52,15,Or-opt,13,7989.0,2092,10512
00:51:08,berlin52,15,Or-opt,16,7895.0,1895,10515
00:51:13,berlin52,16,GA,2,7819.0,1996,10601
00:51:13,berlin52,16,GA,1,7542.0,2103,10600
00:51:13,berlin52,16,GA,6,7814.0,1856,10605
00:51:13,berlin52,16,GA,3,7596.0,2140,10602
00:51:13,berlin52,16,GA,5,7782.0,1961,10604
00:51:14,berlin52,16,GA,4,7709.0,2342,10603
00:51:14,berlin52,16,GA,18,7596.0,578,10617
00:51:14,berlin52,16,GA,17,7542.0,760,10616
00:51:14,berlin52,16,GA,19,7542.0,686,10618
00:51:14,berlin52,16,GA,20,7618.0,670,10619
00:51:14,berlin52,16,GA,9,7827.0,2382,10608
00:51:14,berlin52,16,GA,22,7728.0,517,10621
00:51:14,berlin52,16,GA,8,7734.0,2907,10607
00:51:14,berlin52,16,GA,21,7542.0,1028,10620
00:51:15,berlin52,16,GA,27,7777.0,523,10626
00:51:15,berlin52,16,GA,23,7755.0,812,10622
00:51:15,berlin52,16,GA,24,7700.0,782,10623
00:51:15,berlin52,16,GA,25,7800.0,727,10624
00:51:15,berlin52,16,GA,10,7542.0,3067,10609
00:51:15,berlin52,16,GA,28,7782.0,508,10627
00:51:15,berlin52,16,GA,7,7542.0,3391,10606
00:51:15,berlin52,16,GA,30,7542.0,510,10629
00:51:15,berlin52,16,GA,26,7542.0,1044,10625
00:51:15,berlin52,16,GA,13,7762.0,3040,10612
00:51:15,berlin52,16,GA,15,7596.0,3043,10614
00:51:15,berlin52,16,GA,11,7657.0,3063,10610
00:51:15,berlin52,16,GA,12,7669.0,3090,10611
00:51:15,berlin52,16,GA,14,7618.0,3109,10613
00:51:15,berlin52,16,GA,16,7808.0,3103,10615
00:51:15,berlin52,16,GA,29,7542.0,848,10628
00:51:20,berlin52,17,PSO,4,7775.0,1885,10703
00:51:20,berlin52,17,PSO,2,7618.0,2037,10701
00:51:20,berlin52,17,PSO,11,7542.0,1912,10710
00:51:21,berlin52,17,PSO,3,7677.0,2089,10702
00:51:21,berlin52,17,PSO,1,7775.0,2435,10700
00:51:21,berlin52,17,PSO,13,7797.0,2055,10712
00:51:21,berlin52,17,PSO,12,7829.0,2114,10711
00:51:21,berlin52,17,PSO,10,7732.0,2183,10709
00:51:21,berlin52,17,PSO,17,7542.0,429,10716
00:51:21,berlin52,17,PSO,9,7627.0,2212,10708
00:51:21,berlin52,17,PSO,18,7618.0,438,10717
00:51:21,berlin52,17,PSO,14,7670.0,2089,10713
00:51:21,berlin52,17,PSO,20,7670.0,434,10719
00:51:21,berlin52,17,PSO,19,7670.0,482,10718
00:51:21,berlin52,17,PSO,8,7840.0,2436,10707
00:51:21,berlin52,17,PSO,6,7542.0,2658,10705
00:51:21,berlin52,17,PSO,22,7849.0,451,10721
00:51:21,berlin52,17,PSO,23,7542.0,434,10722
00:51:21,berlin52,17,PSO,21,7767.0,627,10720
00:51:21,berlin52,17,PSO,5,7751.0,2713,10704
00:51:21,berlin52,17,PSO,25,7743.0,439,10724
00:51:21,berlin52,17,PSO,24,7820.0,451,10723
00:51:21,berlin52,17,PSO,26,7704.0,450,10725
00:51:21,berlin52,17,PSO,27,7745.0,444,10726
00:51:21,berlin52,17,PSO,28,7604.0,436,10727
00:51:21,berlin52,17,PSO,7,7708.0,2772,10706
00:51:21,berlin52,17,PSO,15,7752.0,2585,10714
00:51:21,berlin52,17,PSO,29,7776.0,435,10728
00:51:21,berlin52,17,PSO,16,7680.0,2452,10715
00:51:21,berlin52,17,PSO,30,7682.0,506,10729
00:51:28,berlin52,18,GWO-2opt,3,7542.0,2742,10802
00:51:28,berlin52,18,GWO-2opt,4,7980.0,2824,10803
00:51:28,berlin52,18,GWO-2opt,1,7672.0,3142,10800
00:51:28,berlin52,18,GWO-2opt,5,7739.0,2885,10804
00:51:28,berlin52,18,GWO-2opt,6,7822.0,2805,10805
00:51:28,berlin52,18,GWO-2opt,2,7682.0,3040,10801
00:51:28,berlin52,18,GWO-2opt,9,7667.0,2585,10808
00:51:28,berlin52,18,GWO-2opt,7,7657.0,2884,10806
00:51:28,berlin52,18,GWO-2opt,11,7815.0,2755,10810
00:51:29,berlin52,18,GWO-2opt,20,7752.0,705,10819
00:51:29,berlin52,18,GWO-2opt,17,7791.0,952,10816
00:51:29,berlin52,18,GWO-2opt,21,7741.0,715,10820
00:51:29,berlin52,18,GWO-2opt,23,7793.0,672,10822
00:51:29,berlin52,18,GWO-2opt,19,7596.0,764,10818
00:51:29,berlin52,18,GWO-2opt,22,7826.0,703,10821
00:51:29,berlin52,18,GWO-2opt,18,7745.0,959,10817
00:51:29,berlin52,18,GWO-2opt,24,7751.0,685,10823
00:51:29,berlin52,18,GWO-2opt,8,7542.0,3457,10807
00:51:29,berlin52,18,GWO-2opt,16,7796.0,3086,10815
00:51:29,berlin52,18,GWO-2opt,12,7810.0,3120,10811
00:51:29,berlin52,18,GWO-2opt,14,7818.0,3155,10813
00:51:29,berlin52,18,GWO-2opt,15,7728.0,3395,10814
00:51:29,berlin52,18,GWO-2opt,10,7627.0,3484,10809
00:51:29,berlin52,18,GWO-2opt,25,7782.0,766,10824
00:51:29,berlin52,18,GWO-2opt,13,7775.0,3547,10812
00:51:29,berlin52,18,GWO-2opt,26,7542.0,752,10825
00:51:29,berlin52,18,GWO-2opt,28,7873.0,744,10827
00:51:29,berlin52,18,GWO-2opt,29,7542.0,754,10828
00:51:29,berlin52,18,GWO-2opt,30,7810.0,784,10829
00:51:29,berlin52,18,GWO-2opt,27,7738.0,853,10826
00:51:35,berlin52,19,GWO-Pure,2,20727.0,2054,10901
00:51:35,berlin52,19,GWO-Pure,9,21273.0,2234,10908
00:51:35,berlin52,19,GWO-Pure,3,18369.0,2498,10902
00:51:36,berlin52,19,GWO-Pure,7,20883.0,2571,10906
00:51:36,berlin52,19,GWO-Pure,6,16476.0,2721,10905
00:51:36,berlin52,19,GWO-Pure,4,14682.0,2769,10903
00:51:36,berlin52,19,GWO-Pure,13,23720.0,2522,10912
00:51:36,berlin52,19,GWO-Pure,1,11946.0,2948,10900
00:51:36,berlin52,19,GWO-Pure,14,18534.0,2396,10913
00:51:36,berlin52,19,GWO-Pure,8,15591.0,2827,10907
00:51:36,berlin52,19,GWO-Pure,10,22579.0,2737,10909
00:51:36,berlin52,19,GWO-Pure,19,17700.0,560,10918
00:51:36,berlin52,19,GWO-Pure,12,15787.0,2832,10911
00:51:36,berlin52,19,GWO-Pure,11,13561.0,2887,10910
00:51:36,berlin52,19,GWO-Pure,26,17838.0,398,10925
00:51:37,berlin52,19,GWO-Pure,17,16316.0,1599,10916
00:51:37,berlin52,19,GWO-Pure,27,24181.0,578,10926
00:51:37,berlin52,19,GWO-Pure,5,15042.0,3596,10904
00:51:37,berlin52,19,GWO-Pure,18,13960.0,1209,10917
00:51:37,berlin52,19,GWO-Pure,25,21144.0,904,10924
00:51:37,berlin52,19,GWO-Pure,22,19252.0,1043,10921
00:51:37,berlin52,19,GWO-Pure,30,14970.0,923,10929
00:51:37,berlin52,19,GWO-Pure,15,14639.0,3589,10914
00:51:37,berlin52,19,GWO-Pure,21,12958.0,1337,10920
00:51:37,berlin52,19,GWO-Pure,16,14185.0,3582,10915
00:51:37,berlin52,19,GWO-Pure,24,14174.0,1303,10923
00:51:37,berlin52,19,GWO-Pure,28,15607.0,1233,10927
00:51:37,berlin52,19,GWO-Pure,20,13622.0,1597,10919
00:51:37,berlin52,19,GWO-Pure,23,14644.0,1466,10922
00:51:37,berlin52,19,GWO-Pure,29,16012.0,1203,10928
00:51:42,berlin52,20,HHO-2opt,1,7864.0,2404,11000
00:51:42,berlin52,20,HHO-2opt,2,7604.0,2202,11001
00:51:43,berlin52,20,HHO-2opt,4,7765.0,2308,11003
00:51:43,berlin52,20,HHO-2opt,6,7734.0,2310,11005
00:51:43,berlin52,20,HHO-2opt,7,7680.0,2357,11006
00:51:43,berlin52,20,HHO-2opt,5,7542.0,2519,11004
00:51:43,berlin52,20,HHO-2opt,3,7758.0,2636,11002
00:51:43,berlin52,20,HHO-2opt,8,7854.0,2605,11007
00:51:43,berlin52,20,HHO-2opt,17,7596.0,702,11016
00:51:43,berlin52,20,HHO-2opt,13,7791.0,2364,11012
00:51:43,berlin52,20,HHO-2opt,18,7542.0,711,11017
00:51:43,berlin52,20,HHO-2opt,9,7658.0,2688,11008
00:51:43,berlin52,20,HHO-2opt,19,7654.0,722,11018
00:51:43,berlin52,20,HHO-2opt,20,7787.0,725,11019
00:51:43,berlin52,20,HHO-2opt,11,7767.0,2772,11010
00:51:43,berlin52,20,HHO-2opt,10,7542.0,2923,11009
00:51:44,berlin52,20,HHO-2opt,23,7670.0,894,11022
00:51:44,berlin52,20,HHO-2opt,14,7782.0,3241,11013
00:51:44,berlin52,20,HHO-2opt,25,7670.0,915,11024
00:51:44,berlin52,20,HHO-2opt,24,7669.0,1090,11023
00:51:44,berlin52,20,HHO-2opt,29,7669.0,758,11028
00:51:44,berlin52,20,HHO-2opt,28,7623.0,914,11027
00:51:44,berlin52,20,HHO-2opt,21,7775.0,1396,11020
00:51:44,berlin52,20,HHO-2opt,30,7914.0,811,11029
00:51:44,berlin52,20,HHO-2opt,15,7618.0,3374,11014
00:51:44,berlin52,20,HHO-2opt,26,7618.0,1054,11025
00:51:44,berlin52,20,HHO-2opt,27,7882.0,1074,11026
00:51:44,berlin52,20,HHO-2opt,22,7542.0,1443,11021
00:51:44,berlin52,20,HHO-2opt,12,7732.0,3529,11011
00:51:44,berlin52,20,HHO-2opt,16,7721.0,3330,11015
00:51:52,eil51,8,GWO-LKH,4,438.0,4370,9803
00:51:52,eil51,8,GWO-LKH,3,437.0,4681,9802
00:51:52,eil51,8,GWO-LKH,1,444.0,4810,9800
00:51:52,eil51,8,GWO-LKH,6,429.0,4788,9805
00:51:52,eil51,8,GWO-LKH,14,438.0,4604,9813
00:51:52,eil51,8,GWO-LKH,9,440.0,4797,9808
00:51:53,eil51,8,GWO-LKH,15,432.0,4947,9814
00:51:53,eil51,8,GWO-LKH,12,440.0,5075,9811
00:51:53,eil51,8,GWO-LKH,2,438.0,5517,9801
00:51:53,eil51,8,GWO-LKH,7,431.0,5455,9806
00:51:53,eil51,8,GWO-LKH,5,426.0,5781,9804
00:51:54,eil51,8,GWO-LKH,8,441.0,6202,9807
00:51:54,eil51,8,GWO-LKH,11,441.0,6840,9810
00:51:54,eil51,8,GWO-LKH,13,440.0,6854,9812
00:51:55,eil51,8,GWO-LKH,10,441.0,6998,9809
00:51:55,eil51,8,GWO-LKH,17,431.0,2928,9816
00:51:55,eil51,8,GWO-LKH,16,438.0,6912,9815
00:51:55,eil51,8,GWO-LKH,18,446.0,3021,9817
00:51:55,eil51,8,GWO-LKH,20,435.0,2978,9819
00:51:55,eil51,8,GWO-LKH,21,439.0,3040,9820
00:51:55,eil51,8,GWO-LKH,22,427.0,3094,9821
00:51:55,eil51,8,GWO-LKH,19,434.0,3434,9818
00:51:55,eil51,8,GWO-LKH,23,441.0,2914,9822
00:51:56,eil51,8,GWO-LKH,26,448.0,3053,9825
00:51:56,eil51,8,GWO-LKH,25,434.0,3440,9824
00:51:56,eil51,8,GWO-LKH,24,441.0,3654,9823
00:51:57,eil51,8,GWO-LKH,27,437.0,3505,9826
00:51:57,eil51,8,GWO-LKH,28,439.0,3028,9827
00:51:57,eil51,8,GWO-LKH,29,440.0,2753,9828
00:51:57,eil51,8,GWO-LKH,30,431.0,2731,9829
00:52:09,eil51,9,GWO-ALNS,3,432.0,8574,9902
00:52:09,eil51,9,GWO-ALNS,1,427.0,9101,9900
00:52:09,eil51,9,GWO-ALNS,6,427.0,9250,9905
00:52:10,eil51,9,GWO-ALNS,8,428.0,9271,9907
00:52:10,eil51,9,GWO-ALNS,11,427.0,8926,9910
00:52:10,eil51,9,GWO-ALNS,12,427.0,9389,9911
00:52:10,eil51,9,GWO-ALNS,15,427.0,9414,9914
00:52:10,eil51,9,GWO-ALNS,16,426.0,9354,9915
00:52:10,eil51,9,GWO-ALNS,2,427.0,10339,9901
00:52:11,eil51,9,GWO-ALNS,7,430.0,10364,9906
00:52:11,eil51,9,GWO-ALNS,5,432.0,10761,9904
00:52:11,eil51,9,GWO-ALNS,4,427.0,10837,9903
00:52:12,eil51,9,GWO-ALNS,13,426.0,11353,9912
00:52:13,eil51,9,GWO-ALNS,14,426.0,11921,9913
00:52:13,eil51,9,GWO-ALNS,9,428.0,12544,9908
00:52:13,eil51,9,GWO-ALNS,10,426.0,12396,9909
00:52:15,eil51,9,GWO-ALNS,17,429.0,6683,9916
00:52:16,eil51,9,GWO-ALNS,18,431.0,7285,9917
00:52:16,eil51,9,GWO-ALNS,19,427.0,7000,9918
00:52:17,eil51,9,GWO-ALNS,21,427.0,7490,9920
00:52:17,eil51,9,GWO-ALNS,23,430.0,7089,9922
00:52:18,eil51,9,GWO-ALNS,26,427.0,6939,9925
00:52:18,eil51,9,GWO-ALNS,28,431.0,6686,9927
00:52:18,eil51,9,GWO-ALNS,24,427.0,7509,9923
00:52:18,eil51,9,GWO-ALNS,27,427.0,7117,9926
00:52:18,eil51,9,GWO-ALNS,20,427.0,8494,9919
00:52:18,eil51,9,GWO-ALNS,22,427.0,7970,9921
00:52:18,eil51,9,GWO-ALNS,25,427.0,7863,9924
00:52:19,eil51,9,GWO-ALNS,29,427.0,7188,9928
00:52:19,eil51,9,GWO-ALNS,30,427.0,6766,9929
00:52:27,eil51,10,HHO-LKH,2,440.0,4237,10001
00:52:27,eil51,10,HHO-LKH,3,435.0,4252,10002
00:52:27,eil51,10,HHO-LKH,4,442.0,4418,10003
00:52:27,eil51,10,HHO-LKH,6,435.0,4292,10005
00:52:28,eil51,10,HHO-LKH,9,438.0,5065,10008
00:52:28,eil51,10,HHO-LKH,13,432.0,5032,10012
00:52:28,eil51,10,HHO-LKH,8,443.0,5252,10007
00:52:28,eil51,10,HHO-LKH,5,445.0,5524,10004
00:52:28,eil51,10,HHO-LKH,1,435.0,5977,10000
00:52:28,eil51,10,HHO-LKH,7,438.0,5670,10006
00:52:29,eil51,10,HHO-LKH,12,429.0,5544,10011
00:52:29,eil51,10,HHO-LKH,11,450.0,6091,10010
00:52:29,eil51,10,HHO-LKH,17,436.0,2614,10016
00:52:30,eil51,10,HHO-LKH,20,435.0,2518,10019
00:52:30,eil51,10,HHO-LKH,10,446.0,6992,10009
00:52:30,eil51,10,HHO-LKH,18,442.0,3638,10017
00:52:30,eil51,10,HHO-LKH,19,434.0,3458,10018
00:52:31,eil51,10,HHO-LKH,24,440.0,2384,10023
00:52:31,eil51,10,HHO-LKH,14,438.0,7267,10013
00:52:31,eil51,10,HHO-LKH,16,435.0,7350,10015
00:52:31,eil51,10,HHO-LKH,15,439.0,7347,10014
00:52:31,eil51,10,HHO-LKH,23,436.0,2766,10022
00:52:31,eil51,10,HHO-LKH,21,437.0,2892,10020
00:52:31,eil51,10,HHO-LKH,22,441.0,2834,10021
00:52:31,eil51,10,HHO-LKH,26,432.0,2478,10025
00:52:31,eil51,10,HHO-LKH,27,441.0,2591,10026
00:52:32,eil51,10,HHO-LKH,25,435.0,3140,10024
00:52:32,eil51,10,HHO-LKH,29,441.0,2268,10028
00:52:32,eil51,10,HHO-LKH,30,438.0,2131,10029
00:52:32,eil51,10,HHO-LKH,28,445.0,2792,10027
00:52:41,eil51,11,HHO-ALNS,2,430.0,6230,10101
00:52:41,eil51,11,HHO-ALNS,4,430.0,6242,10103
00:52:41,eil51,11,HHO-ALNS,7,427.0,6221,10106
00:52:41,eil51,11,HHO-ALNS,1,432.0,6725,10100
00:52:42,eil51,11,HHO-ALNS,5,427.0,6989,10104
00:52:42,eil51,11,HHO-ALNS,6,430.0,7109,10105
00:52:42,eil51,11,HHO-ALNS,9,431.0,7140,10108
00:52:42,eil51,11,HHO-ALNS,8,427.0,7229,10107
00:52:42,eil51,11,HHO-ALNS,12,432.0,7086,10111
00:52:43,eil51,11,HHO-ALNS,3,427.0,7918,10102
00:52:43,eil51,11,HHO-ALNS,10,426.0,8164,10109
00:52:43,eil51,11,HHO-ALNS,13,427.0,7856,10112
00:52:44,eil51,11,HHO-ALNS,11,428.0,9343,10110
00:52:45,eil51,11,HHO-ALNS,16,426.0,9203,10115
00:52:45,eil51,11,HHO-ALNS,15,426.0,9621,10114
00:52:46,eil51,11,HHO-ALNS,14,427.0,9932,10113
00:52:46,eil51,11,HHO-ALNS,17,430.0,4778,10116
00:52:46,eil51,11,HHO-ALNS,18,432.0,5084,10117
00:52:46,eil51,11,HHO-ALNS,20,432.0,4982,10119
00:52:47,eil51,11,HHO-ALNS,23,428.0,4715,10122
00:52:47,eil51,11,HHO-ALNS,21,427.0,5262,10120
00:52:47,eil51,11,HHO-ALNS,25,426.0,4801,10124
00:52:47,eil51,11,HHO-ALNS,19,428.0,5956,10118
00:52:48,eil51,11,HHO-ALNS,22,427.0,5517,10121
00:52:48,eil51,11,HHO-ALNS,24,427.0,5667,10123
00:52:48,eil51,11,HHO-ALNS,28,432.0,4574,10127
00:52:48,eil51,11,HHO-ALNS,26,430.0,5850,10125
00:52:48,eil51,11,HHO-ALNS,27,427.0,5237,10126
00:52:49,eil51,11,HHO-ALNS,29,427.0,4182,10128
00:52:49,eil51,11,HHO-ALNS,30,433.0,4270,10129
00:52:54,eil51,12,HHO-Pure,5,1193.0,1608,10204
00:52:54,eil51,12,HHO-Pure,3,1159.0,1871,10202
00:52:54,eil51,12,HHO-Pure,1,1237.0,1935,10200
00:52:54,eil51,12,HHO-Pure,6,1210.0,1877,10205
00:52:54,eil51,12,HHO-Pure,2,1106.0,2158,10201
00:52:54,eil51,12,HHO-Pure,17,1124.0,465,10216
00:52:54,eil51,12,HHO-Pure,18,1142.0,382,10217
00:52:54,eil51,12,HHO-Pure,4,1185.0,2253,10203
00:52:55,eil51,12,HHO-Pure,20,1125.0,498,10219
00:52:55,eil51,12,HHO-Pure,8,1256.0,2276,10207
00:52:55,eil51,12,HHO-Pure,7,1208.0,2478,10206
00:52:55,eil51,12,HHO-Pure,19,1223.0,896,10218
00:52:55,eil51,12,HHO-Pure,25,1215.0,320,10224
00:52:55,eil51,12,HHO-Pure,21,1056.0,866,10220
00:52:55,eil51,12,HHO-Pure,11,1034.0,2505,10210
00:52:55,eil51,12,HHO-Pure,12,1110.0,2553,10211
00:52:55,eil51,12,HHO-Pure,24,1014.0,838,10223
00:52:55,eil51,12,HHO-Pure,22,1232.0,1025,10221
00:52:55,eil51,12,HHO-Pure,23,1120.0,976,10222
00:52:55,eil51,12,HHO-Pure,10,1186.0,2678,10209
00:52:55,eil51,12,HHO-Pure,14,1080.0,2521,10213
00:52:56,eil51,12,HHO-Pure,30,1241.0,616,10229
00:52:56,eil51,12,HHO-Pure,29,1197.0,821,10228
00:52:56,eil51,12,HHO-Pure,13,1083.0,3081,10212
00:52:56,eil51,12,HHO-Pure,16,1033.0,2665,10215
00:52:56,eil51,12,HHO-Pure,27,1169.0,1045,10226
00:52:56,eil51,12,HHO-Pure,26,1172.0,1100,10225
00:52:56,eil51,12,HHO-Pure,28,1169.0,1015,10227
00:52:56,eil51,12,HHO-Pure,9,1099.0,3374,10208
00:52:56,eil51,12,HHO-Pure,15,1059.0,2936,10214
00:53:00,eil51,13,2-opt,1,441.0,1353,10300
00:53:00,eil51,13,2-opt,4,435.0,1314,10303
00:53:00,eil51,13,2-opt,17,435.0,50,10316
00:53:00,eil51,13,2-opt,9,435.0,1227,10308
00:53:00,eil51,13,2-opt,2,438.0,1419,10301
00:53:00,eil51,13,2-opt,18,435.0,72,10317
00:53:00,eil51,13,2-opt,19,438.0,63,10318
00:53:00,eil51,13,2-opt,20,430.0,50,10319
00:53:00,eil51,13,2-opt,3,445.0,1429,10302
00:53:00,eil51,13,2-opt,21,437.0,68,10320
00:53:00,eil51,13,2-opt,22,443.0,60,10321
00:53:00,eil51,13,2-opt,23,431.0,56,10322
00:53:00,eil51,13,2-opt,24,445.0,72,10323
00:53:00,eil51,13,2-opt,25,431.0,80,10324
00:53:00,eil51,13,2-opt,26,436.0,54,10325
00:53:00,eil51,13,2-opt,27,440.0,50,10326
00:53:00,eil51,13,2-opt,28,439.0,67,10327
00:53:00,eil51,13,2-opt,10,443.0,1366,10309
00:53:00,eil51,13,2-opt,29,435.0,57,10328
00:53:00,eil51,13,2-opt,30,438.0,57,10329
00:53:00,eil51,13,2-opt,8,438.0,1452,10307
00:53:00,eil51,13,2-opt,6,438.0,1545,10305
00:53:01,eil51,13,2-opt,7,430.0,1630,10306
00:53:01,eil51,13,2-opt,5,434.0,1691,10304
00:53:01,eil51,13,2-opt,11,431.0,1553,10310
00:53:01,eil51,13,2-opt,15,433.0,1395,10314
00:53:01,eil51,13,2-opt,12,433.0,1545,10311
00:53:01,eil51,13,2-opt,13,437.0,1457,10312
00:53:01,eil51,13,2-opt,14,444.0,1457,10313
00:53:01,eil51,13,2-opt,16,438.0,1395,10315
00:53:06,eil51,14,3-opt,9,445.0,2589,10408
00:53:06,eil51,14,3-opt,5,458.0,2636,10404
00:53:07,eil51,14,3-opt,2,441.0,2867,10401
00:53:07,eil51,14,3-opt,3,439.0,2872,10402
00:53:07,eil51,14,3-opt,1,447.0,3040,10400
00:53:07,eil51,14,3-opt,11,442.0,2872,10410
00:53:07,eil51,14,3-opt,10,452.0,3015,10409
00:53:07,eil51,14,3-opt,6,438.0,3095,10405
00:53:07,eil51,14,3-opt,8,458.0,3113,10407
00:53:07,eil51,14,3-opt,7,446.0,3325,10406
00:53:07,eil51,14,3-opt,4,468.0,3434,10403
00:53:08,eil51,14,3-opt,13,443.0,3640,10412
00:53:08,eil51,14,3-opt,18,468.0,1331,10417
00:53:08,eil51,14,3-opt,16,461.0,3519,10415
00:53:08,eil51,14,3-opt,17,427.0,1748,10416
00:53:08,eil51,14,3-opt,24,468.0,1411,10423
00:53:08,eil51,14,3-opt,19,463.0,1777,10418
00:53:08,eil51,14,3-opt,23,455.0,1518,10422
00:53:08,eil51,14,3-opt,21,442.0,1631,10420
00:53:08,eil51,14,3-opt,12,449.0,4368,10411
00:53:08,eil51,14,3-opt,20,444.0,1808,10419
00:53:08,eil51,14,3-opt,14,450.0,4227,10413
00:53:09,eil51,14,3-opt,15,437.0,4137,10414
00:53:09,eil51,14,3-opt,25,447.0,1654,10424
00:53:09,eil51,14,3-opt,22,439.0,1744,10421
00:53:09,eil51,14,3-opt,27,450.0,1507,10426
00:53:09,eil51,14,3-opt,26,433.0,1688,10425
00:53:09,eil51,14,3-opt,29,436.0,1256,10428
00:53:09,eil51,14,3-opt,28,452.0,1350,10427
00:53:09,eil51,14,3-opt,30,443.0,1435,10429
00:53:13,eil51,15,Or-opt,3,452.0,1310,10502
00:53:13,eil51,15,Or-opt,2,447.0,1391,10501
00:53:13,eil51,15,Or-opt,9,444.0,1198,10508
00:53:13,eil51,15,Or-opt,5,451.0,1341,10504
00:53:13,eil51,15,Or-opt,6,447.0,1321,10505
00:53:13,eil51,15,Or-opt,7,449.0,1283,10506
00:53:13,eil51,15,Or-opt,17,459.0,148,10516
00:53:13,eil51,15,Or-opt,18,454.0,137,10517
00:53:13,eil51,15,Or-opt,19,449.0,146,10518
00:53:13,eil51,15,Or-opt,1,447.0,1559,10500
00:53:13,eil51,15,Or-opt,20,459.0,158,10519
00:53:13,eil51,15,Or-opt,21,463.0,128,10520
00:53:13,eil51,15,Or-opt,22,468.0,132,10521
00:53:13,eil51,15,Or-opt,23,462.0,121,10522
00:53:14,eil51,15,Or-opt,26,456.0,113,10525
00:53:14,eil51,15,Or-opt,25,439.0,131,10524
00:53:14,eil51,15,Or-opt,24,456.0,172,10523
00:53:14,eil51,15,Or-opt,27,445.0,130,10526
00:53:14,eil51,15,Or-opt,29,436.0,123,10528
00:53:14,eil51,15,Or-opt,28,449.0,136,10527
00:53:14,eil51,15,Or-opt,30,455.0,127,10529
00:53:14,eil51,15,Or-opt,8,451.0,1572,10507
00:53:14,eil51,15,Or-opt,4,448.0,1717,10503
00:53:14,eil51,15,Or-opt,12,466.0,1540,10511
00:53:14,eil51,15,Or-opt,11,448.0,1555,10510
00:53:14,eil51,15,Or-opt,10,450.0,1564,10509
00:53:14,eil51,15,Or-opt,16,452.0,1470,10515
00:53:14,eil51,15,Or-opt,14,448.0,1494,10513
00:53:14,eil51,15,Or-opt,13,442.0,1544,10512
00:53:14,eil51,15,Or-opt,15,451.0,1573,10514
00:53:18,eil51,16,GA,1,434.0,1659,10600
00:53:18,eil51,16,GA,3,434.0,1655,10602
00:53:18,eil51,16,GA,2,434.0,1667,10601
00:53:18,eil51,16,GA,4,433.0,1700,10603
00:53:18,eil51,16,GA,5,432.0,1709,10604
00:53:18,eil51,16,GA,7,433.0,1776,10606
00:53:19,eil51,16,GA,9,437.0,1833,10608
00:53:19,eil51,16,GA,18,434.0,449,10617
00:53:19,eil51,16,GA,20,434.0,447,10619
00:53:19,eil51,16,GA,6,434.0,2014,10605
00:53:19,eil51,16,GA,21,432.0,445,10620
00:53:19,eil51,16,GA,10,433.0,1941,10609
00:53:19,eil51,16,GA,13,431.0,1843,10612
00:53:19,eil51,16,GA,17,431.0,674,10616
00:53:19,eil51,16,GA,15,432.0,1808,10614
00:53:19,eil51,16,GA,22,430.0,436,10621
00:53:19,eil51,16,GA,23,431.0,438,10622
00:53:19,eil51,16,GA,11,428.0,2258,10610
00:53:19,eil51,16,GA,14,429.0,2104,10613
00:53:19,eil51,16,GA,8,433.0,2421,10607
00:53:19,eil51,16,GA,25,429.0,449,10624
00:53:19,eil51,16,GA,24,435.0,534,10623
00:53:19,eil51,16,GA,26,436.0,483,10625
00:53:19,eil51,16,GA,27,432.0,527,10626
00:53:19,eil51,16,GA,29,437.0,461,10628
00:53:19,eil51,16,GA,19,431.0,1079,10618
00:53:19,eil51,16,GA,30,434.0,487,10629
00:53:19,eil51,16,GA,28,434.0,673,10627
00:53:19,eil51,16,GA,12,431.0,2562,10611
00:53:20,eil51,16,GA,16,435.0,2500,10615
00:53:24,eil51,17,PSO,5,433.0,1666,10704
00:53:24,eil51,17,PSO,4,433.0,1785,10703
00:53:24,eil51,17,PSO,3,433.0,1811,10702
00:53:24,eil51,17,PSO,6,433.0,1744,10705
00:53:24,eil51,17,PSO,2,436.0,1851,10701
00:53:24,eil51,17,PSO,1,433.0,1902,10700
00:53:24,eil51,17,PSO,7,432.0,1816,10706
00:53:24,eil51,17,PSO,9,432.0,1777,10708
00:53:24,eil51,17,PSO,10,433.0,1887,10709
00:53:24,eil51,17,PSO,17,432.0,499,10716
00:53:24,eil51,17,PSO,8,435.0,1995,10707
00:53:24,eil51,17,PSO,12,435.0,1881,10711
00:53:25,eil51,17,PSO,18,436.0,481,10717
00:53:25,eil51,17,PSO,20,429.0,450,10719
00:53:25,eil51,17,PSO,19,434.0,559,10718
00:53:25,eil51,17,PSO,21,434.0,529,10720
00:53:25,eil51,17,PSO,23,436.0,425,10722
00:53:25,eil51,17,PSO,22,434.0,559,10721
00:53:25,eil51,17,PSO,24,431.0,416,10723
00:53:25,eil51,17,PSO,13,431.0,2173,10712
00:53:25,eil51,17,PSO,25,434.0,468,10724
00:53:25,eil51,17,PSO,30,432.0,449,10729
00:53:25,eil51,17,PSO,14,435.0,2288,10713
00:53:25,eil51,17,PSO,28,434.0,501,10727
00:53:25,eil51,17,PSO,27,430.0,513,10726
00:53:25,eil51,17,PSO,29,430.0,491,10728
00:53:25,eil51,17,PSO,26,432.0,545,10725
00:53:25,eil51,17,PSO,11,426.0,2444,10710
00:53:25,eil51,17,PSO,15,431.0,2206,10714
00:53:25,eil51,17,PSO,16,434.0,2244,10715
00:53:30,eil51,18,GWO-2opt,2,433.0,1897,10801
00:53:30,eil51,18,GWO-2opt,4,434.0,1917,10803
00:53:30,eil51,18,GWO-2opt,1,436.0,1966,10800
00:53:30,eil51,18,GWO-2opt,3,435.0,1986,10802
00:53:30,eil51,18,GWO-2opt,5,438.0,2041,10804
00:53:30,eil51,18,GWO-2opt,7,430.0,2034,10806
00:53:30,eil51,18,GWO-2opt,6,439.0,2104,10805
00:53:30,eil51,18,GWO-2opt,8,435.0,2115,10807
00:53:30,eil51,18,GWO-2opt,11,433.0,2006,10810
00:53:30,eil51,18,GWO-2opt,12,434.0,2047,10811
00:53:30,eil51,18,GWO-2opt,17,434.0,659,10816
00:53:30,eil51,18,GWO-2opt,18,434.0,701,10817
00:53:30,eil51,18,GWO-2opt,15,433.0,2139,10814
00:53:30,eil51,18,GWO-2opt,20,433.0,666,10819
00:53:30,eil51,18,GWO-2opt,19,439.0,731,10818
00:53:31,eil51,18,GWO-2opt,21,433.0,759,10820
00:53:31,eil51,18,GWO-2opt,22,431.0,724,10821
00:53:31,eil51,18,GWO-2opt,13,436.0,2411,10812
00:53:31,eil51,18,GWO-2opt,23,431.0,743,10822
00:53:31,eil51,18,GWO-2opt,24,432.0,731,10823
00:53:31,eil51,18,GWO-2opt,10,430.0,2685,10809
00:53:31,eil51,18,GWO-2opt,14,434.0,2581,10813
00:53:31,eil51,18,GWO-2opt,16,434.0,2562,10815
00:53:31,eil51,18,GWO-2opt,9,434.0,2885,10808
00:53:31,eil51,18,GWO-2opt,25,432.0,729,10824
00:53:31,eil51,18,GWO-2opt,26,434.0,752,10825
00:53:31,eil51,18,GWO-2opt,27,436.0,678,10826
00:53:31,eil51,18,GWO-2opt,30,436.0,616,10829
00:53:31,eil51,18,GWO-2opt,28,436.0,686,10827
00:53:31,eil51,18,GWO-2opt,29,436.0,679,10828
00:53:35,eil51,19,GWO-Pure,8,1297.0,1546,10907
00:53:36,eil51,19,GWO-Pure,17,1290.0,393,10916
00:53:36,eil51,19,GWO-Pure,1,934.0,2347,10900
00:53:36,eil51,19,GWO-Pure,2,861.0,2317,10901
00:53:36,eil51,19,GWO-Pure,6,744.0,2273,10905
00:53:36,eil51,19,GWO-Pure,7,807.0,2337,10906
00:53:36,eil51,19,GWO-Pure,5,888.0,2379,10904
00:53:36,eil51,19,GWO-Pure,3,924.0,2451,10902
00:53:36,eil51,19,GWO-Pure,4,694.0,2464,10903
00:53:36,eil51,19,GWO-Pure,12,1197.0,2292,10911
00:53:36,eil51,19,GWO-Pure,19,1344.0,533,10918
00:53:36,eil51,19,GWO-Pure,10,855.0,2618,10909
00:53:37,eil51,19,GWO-Pure,21,1091.0,647,10920
00:53:37,eil51,19,GWO-Pure,11,791.0,2746,10910
00:53:37,eil51,19,GWO-Pure,25,1140.0,611,10924
00:53:37,eil51,19,GWO-Pure,30,1325.0,266,10929
00:53:37,eil51,19,GWO-Pure,27,1217.0,510,10926
00:53:37,eil51,19,GWO-Pure,9,877.0,3127,10908
00:53:37,eil51,19,GWO-Pure,20,934.0,1172,10919
00:53:37,eil51,19,GWO-Pure,18,794.0,1422,10917
00:53:37,eil51,19,GWO-Pure,22,815.0,1170,10921
00:53:37,eil51,19,GWO-Pure,24,844.0,1198,10923
00:53:37,eil51,19,GWO-Pure,23,779.0,1257,10922
00:53:37,eil51,19,GWO-Pure,26,962.0,1217,10925
00:53:37,eil51,19,GWO-Pure,13,910.0,3400,10912
00:53:37,eil51,19,GWO-Pure,14,765.0,3500,10913
00:53:38,eil51,19,GWO-Pure,16,838.0,3275,10915
00:53:38,eil51,19,GWO-Pure,28,805.0,1182,10927
00:53:38,eil51,19,GWO-Pure,15,847.0,3354,10914
00:53:38,eil51,19,GWO-Pure,29,881.0,1179,10928
00:53:42,eil51,20,HHO-2opt,2,439.0,2088,11001
00:53:42,eil51,20,HHO-2opt,4,435.0,2104,11003
00:53:42,eil51,20,HHO-2opt,3,436.0,2176,11002
00:53:42,eil51,20,HHO-2opt,5,435.0,2182,11004
00:53:42,eil51,20,HHO-2opt,1,432.0,2265,11000
00:53:43,eil51,20,HHO-2opt,6,435.0,2201,11005
00:53:43,eil51,20,HHO-2opt,7,430.0,2304,11006
00:53:43,eil51,20,HHO-2opt,9,436.0,2236,11008
00:53:43,eil51,20,HHO-2opt,11,432.0,2302,11010
00:53:43,eil51,20,HHO-2opt,13,436.0,2273,11012
00:53:43,eil51,20,HHO-2opt,17,434.0,645,11016
00:53:43,eil51,20,HHO-2opt,14,430.0,2495,11013
00:53:43,eil51,20,HHO-2opt,19,434.0,678,11018
00:53:43,eil51,20,HHO-2opt,8,433.0,2705,11007
00:53:43,eil51,20,HHO-2opt,18,431.0,897,11017
00:53:43,eil51,20,HHO-2opt,22,433.0,816,11021
00:53:43,eil51,20,HHO-2opt,21,435.0,877,11020
00:53:43,eil51,20,HHO-2opt,23,431.0,756,11022
00:53:43,eil51,20,HHO-2opt,20,441.0,906,11019
00:53:43,eil51,20,HHO-2opt,12,430.0,2926,11011
00:53:43,eil51,20,HHO-2opt,10,434.0,2991,11009
00:53:44,eil51,20,HHO-2opt,24,438.0,861,11023
00:53:44,eil51,20,HHO-2opt,26,432.0,684,11025
00:53:44,eil51,20,HHO-2opt,15,439.0,2910,11014
00:53:44,eil51,20,HHO-2opt,16,433.0,2830,11015
00:53:44,eil51,20,HHO-2opt,27,436.0,681,11026
00:53:44,eil51,20,HHO-2opt,25,435.0,807,11024
00:53:44,eil51,20,HHO-2opt,28,429.0,715,11027
00:53:44,eil51,20,HHO-2opt,29,435.0,694,11028
00:53:44,eil51,20,HHO-2opt,30,434.0,725,11029
00:53:58,kroA100,8,GWO-LKH,4,26857.0,11164,9803
00:53:58,kroA100,8,GWO-LKH,8,26540.0,11328,9807
00:53:58,kroA100,8,GWO-LKH,10,29480.0,11526,9809
00:53:58,kroA100,8,GWO-LKH,9,27530.0,11600,9808
00:53:58,kroA100,8,GWO-LKH,6,27441.0,11862,9805
00:53:59,kroA100,8,GWO-LKH,14,30154.0,11697,9813
00:53:59,kroA100,8,GWO-LKH,2,27671.0,12161,9801
00:53:59,kroA100,8,GWO-LKH,1,27104.0,12380,9800
00:53:59,kroA100,8,GWO-LKH,5,28099.0,12775,9804
00:54:00,kroA100,8,GWO-LKH,3,28844.0,13337,9802
00:54:00,kroA100,8,GWO-LKH,13,28737.0,13411,9812
00:54:01,kroA100,8,GWO-LKH,7,28906.0,14000,9806
00:54:01,kroA100,8,GWO-LKH,11,28023.0,14446,9810
00:54:03,kroA100,8,GWO-LKH,15,29534.0,15656,9814
00:54:03,kroA100,8,GWO-LKH,12,28231.0,16127,9811
00:54:03,kroA100,8,GWO-LKH,16,28311.0,16020,9815
00:54:08,kroA100,8,GWO-LKH,17,28564.0,10396,9816
00:54:08,kroA100,8,GWO-LKH,19,28087.0,9860,9818
00:54:08,kroA100,8,GWO-LKH,18,29429.0,10143,9817
00:54:08,kroA100,8,GWO-LKH,20,28205.0,9915,9819
00:54:09,kroA100,8,GWO-LKH,22,27485.0,10207,9821
00:54:09,kroA100,8,GWO-LKH,23,26748.0,10159,9822
00:54:10,kroA100,8,GWO-LKH,21,28602.0,11082,9820
00:54:10,kroA100,8,GWO-LKH,25,27175.0,10179,9824
00:54:10,kroA100,8,GWO-LKH,24,29374.0,10839,9823
00:54:10,kroA100,8,GWO-LKH,27,28807.0,9641,9826
00:54:10,kroA100,8,GWO-LKH,26,27886.0,10541,9825
00:54:11,kroA100,8,GWO-LKH,28,28278.0,10304,9827
00:54:11,kroA100,8,GWO-LKH,29,28888.0,9773,9828
00:54:12,kroA100,8,GWO-LKH,30,27936.0,9393,9829
00:55:09,kroA100,9,GWO-ALNS,14,21305.0,54320,9913
00:55:12,kroA100,9,GWO-ALNS,10,21282.0,56933,9909
00:55:13,kroA100,9,GWO-ALNS,16,21305.0,57820,9915
00:55:14,kroA100,9,GWO-ALNS,6,21305.0,59322,9905
00:55:15,kroA100,9,GWO-ALNS,5,21292.0,60084,9904
00:55:15,kroA100,9,GWO-ALNS,3,21282.0,60213,9902
00:55:16,kroA100,9,GWO-ALNS,7,21305.0,61332,9906
00:55:17,kroA100,9,GWO-ALNS,2,21282.0,62199,9901
00:55:18,kroA100,9,GWO-ALNS,8,21282.0,63053,9907
00:55:18,kroA100,9,GWO-ALNS,4,21282.0,63818,9903
00:55:21,kroA100,9,GWO-ALNS,13,21282.0,66130,9912
00:55:21,kroA100,9,GWO-ALNS,12,21282.0,66581,9911
00:55:22,kroA100,9,GWO-ALNS,1,21282.0,67182,9900
00:55:22,kroA100,9,GWO-ALNS,15,21282.0,66875,9914
00:55:27,kroA100,9,GWO-ALNS,11,21282.0,72515,9910
00:55:33,kroA100,9,GWO-ALNS,9,21282.0,78120,9908
00:56:08,kroA100,9,GWO-ALNS,17,21282.0,59166,9916
00:56:11,kroA100,9,GWO-ALNS,18,21282.0,59452,9917
00:56:12,kroA100,9,GWO-ALNS,22,21282.0,57622,9921
00:56:12,kroA100,9,GWO-ALNS,23,21282.0,56509,9922
00:56:13,kroA100,9,GWO-ALNS,21,21282.0,58131,9920
00:56:14,kroA100,9,GWO-ALNS,19,21282.0,60475,9918
00:56:14,kroA100,9,GWO-ALNS,24,21282.0,57383,9923
00:56:16,kroA100,9,GWO-ALNS,29,21282.0,54794,9928
00:56:17,kroA100,9,GWO-ALNS,20,21282.0,63162,9919
00:56:17,kroA100,9,GWO-ALNS,27,21282.0,56145,9926
00:56:17,kroA100,9,GWO-ALNS,25,21282.0,59514,9924
00:56:19,kroA100,9,GWO-ALNS,26,21320.0,60228,9925
00:56:20,kroA100,9,GWO-ALNS,30,21282.0,57837,9929
00:56:21,kroA100,9,GWO-ALNS,28,21282.0,59397,9927
00:56:34,kroA100,10,HHO-LKH,6,30229.0,10961,10005
00:56:35,kroA100,10,HHO-LKH,12,28529.0,10935,10011
00:56:35,kroA100,10,HHO-LKH,13,29376.0,11147,10012
00:56:36,kroA100,10,HHO-LKH,14,29420.0,11872,10013
00:56:36,kroA100,10,HHO-LKH,2,25861.0,12965,10001
00:56:36,kroA100,10,HHO-LKH,7,27829.0,12908,10006
00:56:37,kroA100,10,HHO-LKH,8,30588.0,12949,10007
00:56:37,kroA100,10,HHO-LKH,3,28608.0,13196,10002
00:56:37,kroA100,10,HHO-LKH,11,27849.0,12994,10010
00:56:37,kroA100,10,HHO-LKH,4,29834.0,13243,10003
00:56:38,kroA100,10,HHO-LKH,9,26716.0,14084,10008
00:56:38,kroA100,10,HHO-LKH,10,26742.0,14106,10009
00:56:38,kroA100,10,HHO-LKH,15,29263.0,14180,10014
00:56:38,kroA100,10,HHO-LKH,1,28414.0,14626,10000
00:56:39,kroA100,10,HHO-LKH,5,29163.0,15520,10004
00:56:40,kroA100,10,HHO-LKH,16,27776.0,15828,10015
00:56:44,kroA100,10,HHO-LKH,18,28083.0,9723,10017
00:56:45,kroA100,10,HHO-LKH,17,29569.0,10139,10016
00:56:46,kroA100,10,HHO-LKH,19,27649.0,10814,10018
00:56:46,kroA100,10,HHO-LKH,20,27746.0,10479,10019
00:56:47,kroA100,10,HHO-LKH,26,29435.0,10165,10025
00:56:47,kroA100,10,HHO-LKH,22,27800.0,10468,10021
00:56:47,kroA100,10,HHO-LKH,23,26832.0,10395,10022
00:56:47,kroA100,10,HHO-LKH,21,27857.0,10998,10020
00:56:48,kroA100,10,HHO-LKH,24,27606.0,10948,10023
00:56:48,kroA100,10,HHO-LKH,25,28770.0,11034,10024
00:56:48,kroA100,10,HHO-LKH,29,27943.0,10170,10028
00:56:48,kroA100,10,HHO-LKH,30,28465.0,10201,10029
00:56:48,kroA100,10,HHO-LKH,28,29189.0,10514,10027
00:56:48,kroA100,10,HHO-LKH,27,27987.0,10752,10026
00:57:26,kroA100,11,HHO-ALNS,1,21292.0,35359,10100
00:57:26,kroA100,11,HHO-ALNS,15,21282.0,34896,10114
00:57:28,kroA100,11,HHO-ALNS,3,21282.0,36645,10102
00:57:28,kroA100,11,HHO-ALNS,2,21282.0,36689,10101
00:57:28,kroA100,11,HHO-ALNS,7,21282.0,36617,10106
00:57:28,kroA100,11,HHO-ALNS,12,21282.0,36302,10111
00:57:28,kroA100,11,HHO-ALNS,9,21282.0,37373,10108
00:57:29,kroA100,11,HHO-ALNS,4,21282.0,37867,10103
00:57:29,kroA100,11,HHO-ALNS,11,21379.0,37957,10110
00:57:29,kroA100,11,HHO-ALNS,8,21282.0,38178,10107
00:57:30,kroA100,11,HHO-ALNS,5,21282.0,38848,10104
00:57:31,kroA100,11,HHO-ALNS,10,21282.0,40199,10109
00:57:32,kroA100,11,HHO-ALNS,6,21282.0,40573,10105
00:57:33,kroA100,11,HHO-ALNS,13,21292.0,41587,10112
00:57:34,kroA100,11,HHO-ALNS,16,21282.0,42327,10115
00:57:34,kroA100,11,HHO-ALNS,14,21343.0,42911,10113
00:57:58,kroA100,11,HHO-ALNS,17,21320.0,31656,10116
00:57:59,kroA100,11,HHO-ALNS,20,21562.0,31641,10119
00:58:00,kroA100,11,HHO-ALNS,19,21378.0,32688,10118
00:58:00,kroA100,11,HHO-ALNS,22,21343.0,32613,10121
00:58:01,kroA100,11,HHO-ALNS,23,21282.0,32492,10122
00:58:01,kroA100,11,HHO-ALNS,21,21393.0,33747,10120
00:58:02,kroA100,11,HHO-ALNS,26,21320.0,32705,10125
00:58:02,kroA100,11,HHO-ALNS,25,21282.0,33049,10124
00:58:02,kroA100,11,HHO-ALNS,24,21282.0,33600,10123
00:58:03,kroA100,11,HHO-ALNS,18,21305.0,36345,10117
00:58:03,kroA100,11,HHO-ALNS,27,21292.0,33588,10126
00:58:04,kroA100,11,HHO-ALNS,28,21315.0,33075,10127
00:58:05,kroA100,11,HHO-ALNS,29,21282.0,33214,10128
00:58:06,kroA100,11,HHO-ALNS,30,21292.0,33300,10129
00:58:11,kroA100,12,HHO-Pure,4,132235.0,1841,10203
00:58:11,kroA100,12,HHO-Pure,5,126148.0,1892,10204
00:58:11,kroA100,12,HHO-Pure,13,128007.0,1971,10212
00:58:11,kroA100,12,HHO-Pure,10,134318.0,2076,10209
00:58:11,kroA100,12,HHO-Pure,11,132198.0,2157,10210
00:58:11,kroA100,12,HHO-Pure,3,122061.0,2520,10202
00:58:11,kroA100,12,HHO-Pure,1,118903.0,2561,10200
00:58:11,kroA100,12,HHO-Pure,9,122611.0,2326,10208
00:58:12,kroA100,12,HHO-Pure,2,127176.0,2630,10201
00:58:12,kroA100,12,HHO-Pure,6,129071.0,2575,10205
00:58:12,kroA100,12,HHO-Pure,19,129646.0,451,10218
00:58:12,kroA100,12,HHO-Pure,18,119875.0,776,10217
00:58:12,kroA100,12,HHO-Pure,21,134853.0,420,10220
00:58:12,kroA100,12,HHO-Pure,24,130058.0,441,10223
00:58:12,kroA100,12,HHO-Pure,12,129670.0,2728,10211
00:58:12,kroA100,12,HHO-Pure,7,120717.0,2957,10206
00:58:12,kroA100,12,HHO-Pure,26,142514.0,575,10225
00:58:12,kroA100,12,HHO-Pure,15,122445.0,2952,10214
00:58:12,kroA100,12,HHO-Pure,8,118727.0,3196,10207
00:58:12,kroA100,12,HHO-Pure,14,125594.0,3094,10213
00:58:12,kroA100,12,HHO-Pure,17,116604.0,1727,10216
00:58:13,kroA100,12,HHO-Pure,20,111278.0,1299,10219
00:58:13,kroA100,12,HHO-Pure,23,122192.0,1179,10222
00:58:13,kroA100,12,HHO-Pure,30,123872.0,749,10229
00:58:13,kroA100,12,HHO-Pure,16,121730.0,3284,10215
00:58:13,kroA100,12,HHO-Pure,28,133710.0,1403,10227
00:58:13,kroA100,12,HHO-Pure,29,125302.0,1371,10228
00:58:13,kroA100,12,HHO-Pure,27,125333.0,1472,10226
00:58:13,kroA100,12,HHO-Pure,22,113063.0,1779,10221
00:58:13,kroA100,12,HHO-Pure,25,115795.0,1773,10224
00:58:18,kroA100,13,2-opt,2,21796.0,2467,10301
00:58:18,kroA100,13,2-opt,4,21564.0,2509,10303
00:58:18,kroA100,13,2-opt,3,21514.0,2608,10302
00:58:18,kroA100,13,2-opt,1,21690.0,2761,10300
00:58:18,kroA100,13,2-opt,9,21837.0,2428,10308
00:58:18,kroA100,13,2-opt,6,21815.0,2636,10305
00:58:18,kroA100,13,2-opt,7,21315.0,2582,10306
00:58:19,kroA100,13,2-opt,5,21571.0,2761,10304
00:58:19,kroA100,13,2-opt,8,21746.0,2573,10307
00:58:19,kroA100,13,2-opt,15,21805.0,2713,10314
00:58:19,kroA100,13,2-opt,12,21780.0,2741,10311
00:58:19,kroA100,13,2-opt,14,21865.0,2767,10313
00:58:20,kroA100,13,2-opt,19,21796.0,1184,10318
00:58:20,kroA100,13,2-opt,11,21836.0,3423,10310
00:58:20,kroA100,13,2-opt,17,21950.0,1446,10316
00:58:20,kroA100,13,2-opt,23,21559.0,1185,10322
00:58:20,kroA100,13,2-opt,18,21908.0,1386,10317
00:58:20,kroA100,13,2-opt,24,21767.0,1142,10323
00:58:20,kroA100,13,2-opt,10,21759.0,3726,10309
00:58:20,kroA100,13,2-opt,25,21640.0,1188,10324
00:58:20,kroA100,13,2-opt,13,21292.0,3747,10312
00:58:20,kroA100,13,2-opt,20,21709.0,1471,10319
00:58:20,kroA100,13,2-opt,16,21498.0,3649,10315
00:58:20,kroA100,13,2-opt,22,21536.0,1526,10321
00:58:20,kroA100,13,2-opt,26,21543.0,1204,10325
00:58:20,kroA100,13,2-opt,28,21642.0,1172,10327
00:58:20,kroA100,13,2-opt,27,21379.0,1202,10326
00:58:20,kroA100,13,2-opt,21,21479.0,1771,10320
00:58:21,kroA100,13,2-opt,29,21934.0,934,10328
00:58:21,kroA100,13,2-opt,30,21737.0,1060,10329
00:58:57,kroA100,14,3-opt,2,27077.0,33766,10401
00:58:58,kroA100,14,3-opt,12,26898.0,34561,10411
00:58:58,kroA100,14,3-opt,5,28619.0,35108,10404
00:58:59,kroA100,14,3-opt,6,27146.0,35440,10405
00:58:59,kroA100,14,3-opt,11,27743.0,35405,10410
00:58:59,kroA100,14,3-opt,4,29126.0,35924,10403
00:59:02,kroA100,14,3-opt,3,26573.0,38529,10402
00:59:03,kroA100,14,3-opt,9,27577.0,39328,10408
00:59:03,kroA100,14,3-opt,8,26203.0,39951,10407
00:59:07,kroA100,14,3-opt,7,29203.0,43880,10406
00:59:08,kroA100,14,3-opt,1,27444.0,45207,10400
00:59:10,kroA100,14,3-opt,15,28214.0,46551,10414
00:59:14,kroA100,14,3-opt,10,28753.0,51019,10409
00:59:15,kroA100,14,3-opt,13,27171.0,51321,10412
00:59:15,kroA100,14,3-opt,16,27874.0,51565,10415
00:59:20,kroA100,14,3-opt,14,25373.0,56756,10413
00:59:30,kroA100,14,3-opt,18,27286.0,32377,10417
00:59:32,kroA100,14,3-opt,19,25866.0,34160,10418
00:59:34,kroA100,14,3-opt,17,29120.0,36858,10416
00:59:34,kroA100,14,3-opt,21,25782.0,35393,10420
00:59:35,kroA100,14,3-opt,25,28224.0,32174,10424
00:59:36,kroA100,14,3-opt,22,28592.0,37024,10421
00:59:37,kroA100,14,3-opt,20,26661.0,38433,10419
00:59:37,kroA100,14,3-opt,24,27386.0,34414,10423
00:59:39,kroA100,14,3-opt,26,28602.0,32259,10425
00:59:40,kroA100,14,3-opt,23,28250.0,38588,10422
00:59:41,kroA100,14,3-opt,27,25921.0,32435,10426
00:59:44,kroA100,14,3-opt,28,29166.0,33611,10427
00:59:44,kroA100,14,3-opt,29,29814.0,29888,10428
00:59:46,kroA100,14,3-opt,30,27149.0,31116,10429
00:59:50,kroA100,15,Or-opt,2,78133.0,1361,10501
00:59:50,kroA100,15,Or-opt,1,73296.0,1492,10500
00:59:50,kroA100,15,Or-opt,4,82915.0,1415,10503
00:59:50,kroA100,15,Or-opt,3,78042.0,1456,10502
00:59:50,kroA100,15,Or-opt,6,74313.0,1356,10505
00:59:50,kroA100,15,Or-opt,7,81698.0,1368,10506
00:59:50,kroA100,15,Or-opt,17,74654.0,181,10516
00:59:50,kroA100,15,Or-opt,18,88852.0,122,10517
00:59:50,kroA100,15,Or-opt,5,82178.0,1503,10504
00:59:50,kroA100,15,Or-opt,20,79345.0,129,10519
00:59:50,kroA100,15,Or-opt,21,86609.0,96,10520
00:59:50,kroA100,15,Or-opt,8,84163.0,1474,10507
00:59:50,kroA100,15,Or-opt,27,80141.0,85,10526
00:59:50,kroA100,15,Or-opt,23,78485.0,151,10522
00:59:50,kroA100,15,Or-opt,24,83191.0,151,10523
00:59:50,kroA100,15,Or-opt,22,72432.0,212,10521
00:59:50,kroA100,15,Or-opt,25,71279.0,148,10524
00:59:50,kroA100,15,Or-opt,19,73639.0,314,10518
00:59:50,kroA100,15,Or-opt,28,85247.0,152,10527
00:59:50,kroA100,15,Or-opt,26,77982.0,228,10525
00:59:50,kroA100,15,Or-opt,12,72810.0,1533,10511
00:59:50,kroA100,15,Or-opt,29,89120.0,138,10528
00:59:50,kroA100,15,Or-opt,30,83446.0,130,10529
00:59:50,kroA100,15,Or-opt,10,77465.0,1644,10509
00:59:51,kroA100,15,Or-opt,15,87212.0,1607,10514
00:59:51,kroA100,15,Or-opt,13,75362.0,1760,10512
00:59:51,kroA100,15,Or-opt,11,77900.0,1768,10510
00:59:51,kroA100,15,Or-opt,9,80361.0,1806,10508
00:59:51,kroA100,15,Or-opt,14,75670.0,1784,10513
00:59:51,kroA100,15,Or-opt,16,75819.0,1519,10515
00:59:56,kroA100,16,GA,4,21812.0,2455,10603
00:59:56,kroA100,16,GA,5,21752.0,2533,10604
00:59:56,kroA100,16,GA,10,21859.0,2376,10609
00:59:56,kroA100,16,GA,11,21488.0,2357,10610
00:59:56,kroA100,16,GA,8,21820.0,2692,10607
00:59:56,kroA100,16,GA,14,21728.0,2505,10613
00:59:56,kroA100,16,GA,1,21657.0,2942,10600
00:59:56,kroA100,16,GA,3,21716.0,2886,10602
00:59:57,kroA100,16,GA,7,21515.0,3027,10606
00:59:57,kroA100,16,GA,9,21894.0,3353,10608
00:59:57,kroA100,16,GA,17,21634.0,1064,10616
00:59:57,kroA100,16,GA,19,21827.0,1085,10618
00:59:57,kroA100,16,GA,13,21622.0,3452,10612
00:59:57,kroA100,16,GA,22,21569.0,1066,10621
00:59:57,kroA100,16,GA,20,21728.0,1315,10619
00:59:57,kroA100,16,GA,18,21635.0,1430,10617
00:59:58,kroA100,16,GA,2,21790.0,4231,10601
00:59:58,kroA100,16,GA,21,21535.0,1421,10620
00:59:58,kroA100,16,GA,16,21569.0,3746,10615
00:59:58,kroA100,16,GA,24,21917.0,1464,10623
00:59:58,kroA100,16,GA,6,21484.0,4367,10605
00:59:58,kroA100,16,GA,15,21614.0,4134,10614
00:59:58,kroA100,16,GA,25,21574.0,1423,10624
00:59:58,kroA100,16,GA,27,21657.0,1102,10626
00:59:58,kroA100,16,GA,12,21365.0,4359,10611
00:59:58,kroA100,16,GA,23,21692.0,1834,10622
00:59:58,kroA100,16,GA,28,21717.0,1154,10627
00:59:58,kroA100,16,GA,29,21637.0,1213,10628
00:59:58,kroA100,16,GA,26,21644.0,1512,10625
00:59:58,kroA100,16,GA,30,21765.0,1102,10629
01:00:04,kroA100,17,PSO,2,21628.0,2578,10701
01:00:04,kroA100,17,PSO,9,21646.0,2643,10708
01:00:04,kroA100,17,PSO,4,21940.0,2815,10703
01:00:04,kroA100,17,PSO,8,21605.0,2698,10707
01:00:04,kroA100,17,PSO,5,21809.0,2974,10704
01:00:04,kroA100,17,PSO,10,21701.0,2858,10709
01:00:05,kroA100,17,PSO,3,21843.0,3166,10702
01:00:05,kroA100,17,PSO,6,21502.0,3245,10705
01:00:05,kroA100,17,PSO,7,21484.0,3238,10706
01:00:05,kroA100,17,PSO,1,21590.0,3357,10700
01:00:05,kroA100,17,PSO,14,21815.0,3189,10713
01:00:05,kroA100,17,PSO,17,21832.0,1185,10716
01:00:05,kroA100,17,PSO,13,21781.0,3649,10712
01:00:06,kroA100,17,PSO,18,21756.0,1230,10717
01:00:06,kroA100,17,PSO,20,21738.0,1261,10719
01:00:06,kroA100,17,PSO,21,21664.0,1242,10720
01:00:06,kroA100,17,PSO,22,21556.0,1237,10721
01:00:06,kroA100,17,PSO,23,22048.0,1249,10722
01:00:06,kroA100,17,PSO,19,21489.0,1640,10718
01:00:06,kroA100,17,PSO,12,21710.0,4299,10711
01:00:06,kroA100,17,PSO,11,21547.0,4351,10710
01:00:06,kroA100,17,PSO,25,21826.0,1196,10724
01:00:06,kroA100,17,PSO,15,21904.0,4242,10714
01:00:06,kroA100,17,PSO,16,21715.0,4170,10715
01:00:06,kroA100,17,PSO,24,21957.0,1567,10723
01:00:06,kroA100,17,PSO,26,21515.0,1544,10725
01:00:06,kroA100,17,PSO,27,21843.0,1501,10726
01:00:06,kroA100,17,PSO,28,21415.0,1238,10727
01:00:07,kroA100,17,PSO,29,21856.0,1179,10728
01:00:07,kroA100,17,PSO,30,21836.0,1169,10729
01:00:12,kroA100,18,GWO-2opt,3,21465.0,2401,10802
01:00:12,kroA100,18,GWO-2opt,6,21904.0,2422,10805
01:00:12,kroA100,18,GWO-2opt,1,21770.0,2531,10800
01:00:12,kroA100,18,GWO-2opt,7,21685.0,2471,10806
01:00:12,kroA100,18,GWO-2opt,8,21643.0,2342,10807
01:00:12,kroA100,18,GWO-2opt,13,21962.0,2488,10812
01:00:12,kroA100,18,GWO-2opt,10,21745.0,2545,10809
01:00:12,kroA100,18,GWO-2opt,2,21682.0,2953,10801
01:00:12,kroA100,18,GWO-2opt,4,21720.0,2988,10803
01:00:12,kroA100,18,GWO-2opt,9,21771.0,2766,10808
01:00:12,kroA100,18,GWO-2opt,5,21710.0,3060,10804
01:00:13,kroA100,18,GWO-2opt,11,21613.0,3109,10810
01:00:13,kroA100,18,GWO-2opt,18,22081.0,1068,10817
01:00:13,kroA100,18,GWO-2opt,17,22165.0,1174,10816
01:00:13,kroA100,18,GWO-2opt,20,21748.0,1047,10819
01:00:13,kroA100,18,GWO-2opt,21,21761.0,1047,10820
01:00:13,kroA100,18,GWO-2opt,19,21767.0,1398,10818
01:00:13,kroA100,18,GWO-2opt,22,21767.0,1149,10821
01:00:13,kroA100,18,GWO-2opt,23,22191.0,1179,10822
01:00:13,kroA100,18,GWO-2opt,15,21828.0,3693,10814
01:00:13,kroA100,18,GWO-2opt,14,21990.0,3720,10813
01:00:13,kroA100,18,GWO-2opt,25,21583.0,1091,10824
01:00:13,kroA100,18,GWO-2opt,12,21459.0,3775,10811
01:00:14,kroA100,18,GWO-2opt,16,22014.0,3818,10815
01:00:14,kroA100,18,GWO-2opt,26,21315.0,1376,10825
01:00:14,kroA100,18,GWO-2opt,24,21639.0,1498,10823
01:00:14,kroA100,18,GWO-2opt,27,21973.0,1413,10826
01:00:14,kroA100,18,GWO-2opt,28,21824.0,1084,10827
01:00:14,kroA100,18,GWO-2opt,29,21560.0,1079,10828
01:00:14,kroA100,18,GWO-2opt,30,21888.0,1115,10829
01:00:18,kroA100,19,GWO-Pure,3,138945.0,1463,10902
01:00:18,kroA100,19,GWO-Pure,2,145852.0,1520,10901
01:00:18,kroA100,19,GWO-Pure,5,123877.0,1594,10904
01:00:18,kroA100,19,GWO-Pure,9,141695.0,1634,10908
01:00:19,kroA100,19,GWO-Pure,6,134151.0,2277,10905
01:00:19,kroA100,19,GWO-Pure,1,101194.0,2650,10900
01:00:19,kroA100,19,GWO-Pure,17,115857.0,1211,10916
01:00:19,kroA100,19,GWO-Pure,21,141103.0,379,10920
01:00:19,kroA100,19,GWO-Pure,19,127667.0,1075,10918
01:00:19,kroA100,19,GWO-Pure,4,85761.0,2811,10903
01:00:20,kroA100,19,GWO-Pure,13,147345.0,2864,10912
01:00:20,kroA100,19,GWO-Pure,8,83011.0,3019,10907
01:00:20,kroA100,19,GWO-Pure,7,88533.0,3091,10906
01:00:20,kroA100,19,GWO-Pure,18,86204.0,1728,10917
01:00:20,kroA100,19,GWO-Pure,10,91611.0,3134,10909
01:00:20,kroA100,19,GWO-Pure,20,85276.0,1502,10919
01:00:20,kroA100,19,GWO-Pure,12,86992.0,3049,10911
01:00:20,kroA100,19,GWO-Pure,14,117082.0,3301,10913
01:00:20,kroA100,19,GWO-Pure,28,140239.0,478,10927
01:00:20,kroA100,19,GWO-Pure,25,141515.0,925,10924
01:00:20,kroA100,19,GWO-Pure,27,138985.0,652,10926
01:00:21,kroA100,19,GWO-Pure,11,84280.0,3847,10910
01:00:21,kroA100,19,GWO-Pure,22,86602.0,1394,10921
01:00:21,kroA100,19,GWO-Pure,15,132985.0,3534,10914
01:00:21,kroA100,19,GWO-Pure,23,75452.0,1371,10922
01:00:21,kroA100,19,GWO-Pure,24,95901.0,1377,10923
01:00:21,kroA100,19,GWO-Pure,16,86703.0,3663,10915
01:00:21,kroA100,19,GWO-Pure,26,93490.0,1406,10925
01:00:21,kroA100,19,GWO-Pure,29,97129.0,1335,10928
01:00:21,kroA100,19,GWO-Pure,30,104497.0,1304,10929
01:00:26,kroA100,20,HHO-2opt,1,21642.0,2440,11000
01:00:26,kroA100,20,HHO-2opt,6,21672.0,2322,11005
01:00:26,kroA100,20,HHO-2opt,3,21930.0,2540,11002
01:00:26,kroA100,20,HHO-2opt,2,21379.0,2606,11001
01:00:26,kroA100,20,HHO-2opt,11,21684.0,2448,11010
01:00:26,kroA100,20,HHO-2opt,4,21926.0,2649,11003
01:00:27,kroA100,20,HHO-2opt,9,21767.0,2754,11008
01:00:27,kroA100,20,HHO-2opt,8,21500.0,2863,11007
01:00:27,kroA100,20,HHO-2opt,12,21731.0,2821,11011
01:00:27,kroA100,20,HHO-2opt,5,21885.0,3210,11004
01:00:27,kroA100,20,HHO-2opt,7,21483.0,3284,11006
01:00:27,kroA100,20,HHO-2opt,17,21805.0,1203,11016
01:00:27,kroA100,20,HHO-2opt,18,21586.0,1166,11017
01:00:27,kroA100,20,HHO-2opt,10,21648.0,3397,11009
01:00:28,kroA100,20,HHO-2opt,20,21990.0,1179,11019
01:00:28,kroA100,20,HHO-2opt,21,21804.0,1162,11020
01:00:28,kroA100,20,HHO-2opt,22,21699.0,1307,11021
01:00:28,kroA100,20,HHO-2opt,23,21600.0,1249,11022
01:00:28,kroA100,20,HHO-2opt,24,21927.0,1288,11023
01:00:28,kroA100,20,HHO-2opt,25,21517.0,1313,11024
01:00:28,kroA100,20,HHO-2opt,19,21632.0,1947,11018
01:00:28,kroA100,20,HHO-2opt,14,22002.0,4011,11013
01:00:28,kroA100,20,HHO-2opt,13,21779.0,4172,11012
01:00:28,kroA100,20,HHO-2opt,15,21652.0,4199,11014
01:00:29,kroA100,20,HHO-2opt,27,21619.0,1418,11026
01:00:29,kroA100,20,HHO-2opt,16,21598.0,4235,11015
01:00:29,kroA100,20,HHO-2opt,29,21815.0,1263,11028
01:00:29,kroA100,20,HHO-2opt,28,21565.0,1297,11027
01:00:29,kroA100,20,HHO-2opt,26,21862.0,1566,11025
01:00:29,kroA100,20,HHO-2opt,30,21824.0,1372,11029
01:00:38,st70,8,GWO-LKH,7,738.0,6395,9806
01:00:38,st70,8,GWO-LKH,9,730.0,6630,9808
01:00:38,st70,8,GWO-LKH,10,734.0,6644,9809
01:00:38,st70,8,GWO-LKH,5,690.0,6789,9804
01:00:38,st70,8,GWO-LKH,6,727.0,6873,9805
01:00:39,st70,8,GWO-LKH,4,745.0,7013,9803
01:00:39,st70,8,GWO-LKH,1,778.0,7483,9800
01:00:39,st70,8,GWO-LKH,14,735.0,7206,9813
01:00:40,st70,8,GWO-LKH,2,751.0,8297,9801
01:00:40,st70,8,GWO-LKH,12,725.0,8213,9811
01:00:40,st70,8,GWO-LKH,13,726.0,8868,9812
01:00:41,st70,8,GWO-LKH,3,720.0,9211,9802
01:00:41,st70,8,GWO-LKH,15,747.0,9653,9814
01:00:41,st70,8,GWO-LKH,11,716.0,9782,9810
01:00:42,st70,8,GWO-LKH,8,743.0,10184,9807
01:00:42,st70,8,GWO-LKH,16,779.0,10460,9815
01:00:43,st70,8,GWO-LKH,19,757.0,5095,9818
01:00:44,st70,8,GWO-LKH,18,747.0,5315,9817
01:00:44,st70,8,GWO-LKH,21,715.0,5208,9820
01:00:44,st70,8,GWO-LKH,22,750.0,5302,9821
01:00:44,st70,8,GWO-LKH,17,762.0,6547,9816
01:00:45,st70,8,GWO-LKH,26,715.0,4942,9825
01:00:45,st70,8,GWO-LKH,25,724.0,4994,9824
01:00:45,st70,8,GWO-LKH,20,785.0,6580,9819
01:00:45,st70,8,GWO-LKH,24,753.0,6125,9823
01:00:46,st70,8,GWO-LKH,28,747.0,4851,9827
01:00:46,st70,8,GWO-LKH,23,760.0,6839,9822
01:00:46,st70,8,GWO-LKH,27,754.0,5254,9826
01:00:46,st70,8,GWO-LKH,30,741.0,4982,9829
01:00:46,st70,8,GWO-LKH,29,774.0,5089,9828
01:01:06,st70,9,GWO-ALNS,4,679.0,16582,9903
01:01:06,st70,9,GWO-ALNS,10,679.0,17074,9909
01:01:07,st70,9,GWO-ALNS,12,679.0,17311,9911
01:01:07,st70,9,GWO-ALNS,8,679.0,17936,9907
01:01:07,st70,9,GWO-ALNS,3,675.0,18552,9902
01:01:07,st70,9,GWO-ALNS,6,679.0,18430,9905
01:01:08,st70,9,GWO-ALNS,1,679.0,19099,9900
01:01:08,st70,9,GWO-ALNS,7,679.0,19066,9906
01:01:09,st70,9,GWO-ALNS,9,675.0,19646,9908
01:01:09,st70,9,GWO-ALNS,14,675.0,19650,9913
01:01:10,st70,9,GWO-ALNS,2,679.0,21026,9901
01:01:10,st70,9,GWO-ALNS,5,679.0,21459,9904
01:01:12,st70,9,GWO-ALNS,13,679.0,22383,9912
01:01:12,st70,9,GWO-ALNS,16,675.0,22490,9915
01:01:13,st70,9,GWO-ALNS,11,675.0,23612,9910
01:01:13,st70,9,GWO-ALNS,15,676.0,23303,9914
01:01:22,st70,9,GWO-ALNS,17,680.0,16115,9916
01:01:23,st70,9,GWO-ALNS,19,680.0,16304,9918
01:01:23,st70,9,GWO-ALNS,21,675.0,15586,9920
01:01:23,st70,9,GWO-ALNS,18,679.0,17037,9917
01:01:24,st70,9,GWO-ALNS,20,677.0,16523,9919
01:01:24,st70,9,GWO-ALNS,22,679.0,16782,9921
01:01:24,st70,9,GWO-ALNS,23,679.0,16499,9922
01:01:25,st70,9,GWO-ALNS,25,679.0,16243,9924
01:01:25,st70,9,GWO-ALNS,24,675.0,16950,9923
01:01:25,st70,9,GWO-ALNS,26,679.0,16029,9925
01:01:26,st70,9,GWO-ALNS,27,679.0,15727,9926
01:01:27,st70,9,GWO-ALNS,28,679.0,16406,9927
01:01:27,st70,9,GWO-ALNS,29,680.0,15286,9928
01:01:28,st70,9,GWO-ALNS,30,680.0,15388,9929
01:01:36,st70,10,HHO-LKH,3,767.0,5783,10002
01:01:36,st70,10,HHO-LKH,2,710.0,6063,10001
01:01:37,st70,10,HHO-LKH,5,735.0,6074,10004
01:01:37,st70,10,HHO-LKH,14,722.0,6264,10013
01:01:37,st70,10,HHO-LKH,13,796.0,6443,10012
01:01:37,st70,10,HHO-LKH,10,744.0,6466,10009
01:01:37,st70,10,HHO-LKH,9,800.0,6549,10008
01:01:37,st70,10,HHO-LKH,16,778.0,6582,10015
01:01:38,st70,10,HHO-LKH,4,737.0,7601,10003
01:01:38,st70,10,HHO-LKH,1,720.0,7922,10000
01:01:39,st70,10,HHO-LKH,6,731.0,8013,10005
01:01:39,st70,10,HHO-LKH,7,769.0,7955,10006
01:01:40,st70,10,HHO-LKH,15,757.0,8802,10014
01:01:40,st70,10,HHO-LKH,12,760.0,8947,10011
01:01:40,st70,10,HHO-LKH,11,769.0,9163,10010
01:01:40,st70,10,HHO-LKH,8,768.0,9170,10007
01:01:41,st70,10,HHO-LKH,17,677.0,4833,10016
01:01:41,st70,10,HHO-LKH,18,772.0,4685,10017
01:01:41,st70,10,HHO-LKH,19,729.0,4801,10018
01:01:42,st70,10,HHO-LKH,20,718.0,4840,10019
01:01:42,st70,10,HHO-LKH,21,738.0,4885,10020
01:01:42,st70,10,HHO-LKH,23,754.0,4804,10022
01:01:42,st70,10,HHO-LKH,22,749.0,4944,10021
01:01:43,st70,10,HHO-LKH,24,722.0,5195,10023
01:01:43,st70,10,HHO-LKH,25,747.0,4994,10024
01:01:43,st70,10,HHO-LKH,26,778.0,4994,10025
01:01:44,st70,10,HHO-LKH,27,757.0,5185,10026
01:01:44,st70,10,HHO-LKH,28,728.0,5250,10027
01:01:44,st70,10,HHO-LKH,29,763.0,4487,10028
01:01:44,st70,10,HHO-LKH,30,706.0,4453,10029
01:02:00,st70,11,HHO-ALNS,2,679.0,12756,10101
01:02:00,st70,11,HHO-ALNS,6,681.0,12466,10105
01:02:00,st70,11,HHO-ALNS,14,679.0,12553,10113
01:02:01,st70,11,HHO-ALNS,11,680.0,13044,10110
01:02:01,st70,11,HHO-ALNS,10,675.0,13409,10109
01:02:02,st70,11,HHO-ALNS,12,683.0,13920,10111
01:02:02,st70,11,HHO-ALNS,13,675.0,13915,10112
01:02:02,st70,11,HHO-ALNS,9,681.0,14684,10108
01:02:02,st70,11,HHO-ALNS,8,680.0,14791,10107
01:02:03,st70,11,HHO-ALNS,4,685.0,15703,10103
01:02:03,st70,11,HHO-ALNS,1,679.0,15988,10100
01:02:03,st70,11,HHO-ALNS,16,679.0,14675,10115
01:02:04,st70,11,HHO-ALNS,15,683.0,15282,10114
01:02:04,st70,11,HHO-ALNS,7,675.0,16212,10106
01:02:04,st70,11,HHO-ALNS,3,675.0,16913,10102
01:02:04,st70,11,HHO-ALNS,5,675.0,16996,10104
01:02:12,st70,11,HHO-ALNS,18,679.0,11706,10117
01:02:12,st70,11,HHO-ALNS,19,679.0,11880,10118
01:02:13,st70,11,HHO-ALNS,17,679.0,12865,10116
01:02:13,st70,11,HHO-ALNS,20,680.0,12025,10119
01:02:13,st70,11,HHO-ALNS,22,675.0,11652,10121
01:02:14,st70,11,HHO-ALNS,21,679.0,12597,10120
01:02:14,st70,11,HHO-ALNS,25,675.0,11864,10124
01:02:14,st70,11,HHO-ALNS,26,680.0,11481,10125
01:02:14,st70,11,HHO-ALNS,27,685.0,11328,10126
01:02:14,st70,11,HHO-ALNS,24,680.0,12244,10123
01:02:15,st70,11,HHO-ALNS,23,675.0,13054,10122
01:02:15,st70,11,HHO-ALNS,29,679.0,11489,10128
01:02:16,st70,11,HHO-ALNS,28,680.0,12480,10127
01:02:16,st70,11,HHO-ALNS,30,679.0,12214,10129
01:02:22,st70,12,HHO-Pure,1,2879.0,2425,10200
01:02:22,st70,12,HHO-Pure,6,2605.0,2864,10205
01:02:22,st70,12,HHO-Pure,5,2331.0,3046,10204
01:02:22,st70,12,HHO-Pure,17,2762.0,783,10216
01:02:22,st70,12,HHO-Pure,7,2592.0,2910,10206
01:02:22,st70,12,HHO-Pure,9,2641.0,2707,10208
01:02:23,st70,12,HHO-Pure,4,2765.0,3261,10203
01:02:23,st70,12,HHO-Pure,2,2395.0,3493,10201
01:02:23,st70,12,HHO-Pure,3,2667.0,3622,10202
01:02:23,st70,12,HHO-Pure,8,2835.0,3425,10207
01:02:23,st70,12,HHO-Pure,23,2625.0,557,10222
01:02:23,st70,12,HHO-Pure,10,2697.0,3568,10209
01:02:24,st70,12,HHO-Pure,19,2640.0,1208,10218
01:02:24,st70,12,HHO-Pure,20,2442.0,1189,10219
01:02:24,st70,12,HHO-Pure,13,2564.0,3772,10212
01:02:24,st70,12,HHO-Pure,11,2651.0,3970,10210
01:02:24,st70,12,HHO-Pure,27,2722.0,693,10226
01:02:24,st70,12,HHO-Pure,12,2924.0,3971,10211
01:02:24,st70,12,HHO-Pure,18,1994.0,1672,10217
01:02:24,st70,12,HHO-Pure,22,2685.0,1529,10221
01:02:24,st70,12,HHO-Pure,28,2712.0,729,10227
01:02:24,st70,12,HHO-Pure,21,2535.0,1707,10220
01:02:24,st70,12,HHO-Pure,24,2611.0,1603,10223
01:02:24,st70,12,HHO-Pure,29,2743.0,757,10228
01:02:24,st70,12,HHO-Pure,26,2647.0,1428,10225
01:02:25,st70,12,HHO-Pure,30,2633.0,1058,10229
01:02:25,st70,12,HHO-Pure,25,2537.0,1865,10224
01:02:25,st70,12,HHO-Pure,14,2705.0,4666,10213
01:02:25,st70,12,HHO-Pure,15,2513.0,4493,10214
01:02:25,st70,12,HHO-Pure,16,2405.0,4833,10215
01:02:31,st70,13,2-opt,4,688.0,2025,10303
01:02:31,st70,13,2-opt,1,686.0,2272,10300
01:02:31,st70,13,2-opt,3,679.0,2149,10302
01:02:31,st70,13,2-opt,2,695.0,2261,10301
01:02:31,st70,13,2-opt,5,692.0,2258,10304
01:02:31,st70,13,2-opt,6,684.0,2065,10305
01:02:31,st70,13,2-opt,18,681.0,345,10317
01:02:31,st70,13,2-opt,17,687.0,420,10316
01:02:32,st70,13,2-opt,19,680.0,348,10318
01:02:32,st70,13,2-opt,20,705.0,396,10319
01:02:32,st70,13,2-opt,7,678.0,2172,10306
01:02:32,st70,13,2-opt,22,690.0,418,10321
01:02:32,st70,13,2-opt,21,699.0,487,10320
01:02:32,st70,13,2-opt,8,676.0,2273,10307
01:02:32,st70,13,2-opt,24,689.0,390,10323
01:02:32,st70,13,2-opt,23,683.0,439,10322
01:02:32,st70,13,2-opt,25,676.0,408,10324
01:02:32,st70,13,2-opt,26,694.0,394,10325
01:02:32,st70,13,2-opt,27,685.0,406,10326
01:02:32,st70,13,2-opt,28,684.0,382,10327
01:02:32,st70,13,2-opt,30,689.0,346,10329
01:02:32,st70,13,2-opt,29,687.0,413,10328
01:02:33,st70,13,2-opt,9,688.0,2949,10308
01:02:33,st70,13,2-opt,10,691.0,2651,10309
01:02:33,st70,13,2-opt,12,690.0,2592,10311
01:02:33,st70,13,2-opt,15,691.0,2521,10314
01:02:33,st70,13,2-opt,11,688.0,2670,10310
01:02:33,st70,13,2-opt,16,686.0,2514,10315
01:02:33,st70,13,2-opt,14,684.0,2582,10313
01:02:33,st70,13,2-opt,13,685.0,2645,10312
01:02:46,st70,14,3-opt,1,725.0,8677,10400
01:02:47,st70,14,3-opt,4,708.0,10105,10403
01:02:47,st70,14,3-opt,3,793.0,10307,10402
01:02:48,st70,14,3-opt,8,742.0,10581,10407
01:02:49,st70,14,3-opt,2,761.0,11795,10401
01:02:49,st70,14,3-opt,10,777.0,11269,10409
01:02:49,st70,14,3-opt,13,770.0,11060,10412
01:02:50,st70,14,3-opt,9,775.0,11666,10408
01:02:50,st70,14,3-opt,5,722.0,12330,10404
01:02:50,st70,14,3-opt,7,738.0,12657,10406
01:02:50,st70,14,3-opt,11,708.0,12397,10410
01:02:51,st70,14,3-opt,6,718.0,13144,10405
01:02:52,st70,14,3-opt,15,812.0,13032,10414
01:02:53,st70,14,3-opt,17,747.0,6843,10416
01:02:54,st70,14,3-opt,18,734.0,6399,10417
01:02:54,st70,14,3-opt,19,723.0,6724,10418
01:02:56,st70,14,3-opt,22,743.0,7145,10421
01:02:57,st70,14,3-opt,23,728.0,7281,10422
01:02:57,st70,14,3-opt,14,756.0,18253,10413
01:02:57,st70,14,3-opt,24,768.0,7568,10423
01:02:57,st70,14,3-opt,28,717.0,6622,10427
01:02:57,st70,14,3-opt,20,755.0,9132,10419
01:02:57,st70,14,3-opt,16,720.0,18618,10415
01:02:58,st70,14,3-opt,12,741.0,19794,10411
01:02:58,st70,14,3-opt,21,798.0,9286,10420
01:02:59,st70,14,3-opt,25,774.0,8841,10424
01:02:59,st70,14,3-opt,29,757.0,7540,10428
01:02:59,st70,14,3-opt,26,745.0,9072,10425
01:02:59,st70,14,3-opt,30,775.0,6915,10429
01:03:00,st70,14,3-opt,27,767.0,9099,10426
01:03:04,st70,15,Or-opt,6,969.0,1633,10505
01:03:04,st70,15,Or-opt,1,798.0,1777,10500
01:03:04,st70,15,Or-opt,5,960.0,1714,10504
01:03:04,st70,15,Or-opt,9,878.0,1745,10508
01:03:04,st70,15,Or-opt,3,917.0,1803,10502
01:03:04,st70,15,Or-opt,7,791.0,1781,10506
01:03:04,st70,15,Or-opt,18,974.0,252,10517
01:03:04,st70,15,Or-opt,11,838.0,1734,10510
01:03:04,st70,15,Or-opt,19,946.0,247,10518
01:03:04,st70,15,Or-opt,17,848.0,351,10516
01:03:04,st70,15,Or-opt,21,1031.0,232,10520
01:03:04,st70,15,Or-opt,8,953.0,2012,10507
01:03:05,st70,15,Or-opt,22,967.0,285,10521
01:03:05,st70,15,Or-opt,10,906.0,1963,10509
01:03:05,st70,15,Or-opt,23,1003.0,187,10522
01:03:05,st70,15,Or-opt,20,733.0,346,10519
01:03:05,st70,15,Or-opt,14,1005.0,1822,10513
01:03:05,st70,15,Or-opt,24,1147.0,242,10523
01:03:05,st70,15,Or-opt,25,905.0,226,10524
01:03:05,st70,15,Or-opt,12,908.0,1984,10511
01:03:05,st70,15,Or-opt,2,970.0,2273,10501
01:03:05,st70,15,Or-opt,27,889.0,258,10526
01:03:05,st70,15,Or-opt,29,1022.0,202,10528
01:03:05,st70,15,Or-opt,26,881.0,326,10525
01:03:05,st70,15,Or-opt,30,946.0,238,10529
01:03:05,st70,15,Or-opt,13,943.0,2112,10512
01:03:05,st70,15,Or-opt,28,879.0,309,10527
01:03:05,st70,15,Or-opt,4,982.0,2348,10503
01:03:05,st70,15,Or-opt,16,981.0,1911,10515
01:03:05,st70,15,Or-opt,15,901.0,2030,10514
01:03:09,st70,16,GA,6,682.0,1851,10605
01:03:09,st70,16,GA,2,686.0,2048,10601
01:03:09,st70,16,GA,3,684.0,2063,10602
01:03:10,st70,16,GA,1,693.0,2167,10600
01:03:10,st70,16,GA,4,677.0,2357,10603
01:03:10,st70,16,GA,5,685.0,2359,10604
01:03:10,st70,16,GA,8,686.0,2095,10607
01:03:10,st70,16,GA,12,684.0,2074,10611
01:03:10,st70,16,GA,17,688.0,607,10616
01:03:10,st70,16,GA,13,686.0,2218,10612
01:03:10,st70,16,GA,19,681.0,621,10618
01:03:10,st70,16,GA,16,679.0,2260,10615
01:03:10,st70,16,GA,11,682.0,2324,10610
01:03:10,st70,16,GA,18,679.0,936,10617
01:03:10,st70,16,GA,22,686.0,658,10621
01:03:10,st70,16,GA,15,681.0,2543,10614
01:03:10,st70,16,GA,21,683.0,676,10620
01:03:11,st70,16,GA,20,682.0,926,10619
01:03:11,st70,16,GA,9,682.0,2926,10608
01:03:11,st70,16,GA,14,681.0,2788,10613
01:03:11,st70,16,GA,23,693.0,852,10622
01:03:11,st70,16,GA,10,686.0,2866,10609
01:03:11,st70,16,GA,7,682.0,3035,10606
01:03:11,st70,16,GA,25,682.0,736,10624
01:03:11,st70,16,GA,26,682.0,637,10625
01:03:11,st70,16,GA,24,680.0,805,10623
01:03:11,st70,16,GA,27,683.0,650,10626
01:03:11,st70,16,GA,29,681.0,616,10628
01:03:11,st70,16,GA,28,684.0,620,10627
01:03:11,st70,16,GA,30,685.0,571,10629
01:03:16,st70,17,PSO,2,677.0,2005,10701
01:03:16,st70,17,PSO,1,684.0,2059,10700
01:03:16,st70,17,PSO,7,676.0,2121,10706
01:03:16,st70,17,PSO,6,688.0,2154,10705
01:03:16,st70,17,PSO,10,681.0,2161,10709
01:03:16,st70,17,PSO,8,684.0,2300,10707
01:03:16,st70,17,PSO,3,676.0,2472,10702
01:03:16,st70,17,PSO,5,683.0,2595,10704
01:03:16,st70,17,PSO,14,683.0,2389,10713
01:03:16,st70,17,PSO,17,684.0,658,10716
01:03:16,st70,17,PSO,18,682.0,648,10717
01:03:16,st70,17,PSO,11,689.0,2546,10710
01:03:16,st70,17,PSO,19,686.0,658,10718
01:03:16,st70,17,PSO,15,683.0,2499,10714
01:03:16,st70,17,PSO,12,681.0,2746,10711
01:03:17,st70,17,PSO,21,680.0,665,10720
01:03:17,st70,17,PSO,23,686.0,626,10722
01:03:17,st70,17,PSO,13,684.0,2884,10712
01:03:17,st70,17,PSO,22,684.0,701,10721
01:03:17,st70,17,PSO,4,684.0,3154,10703
01:03:17,st70,17,PSO,9,681.0,3101,10708
01:03:17,st70,17,PSO,25,681.0,669,10724
01:03:17,st70,17,PSO,26,683.0,697,10725
01:03:17,st70,17,PSO,16,689.0,2935,10715
01:03:17,st70,17,PSO,27,683.0,694,10726
01:03:17,st70,17,PSO,20,689.0,1227,10719
01:03:17,st70,17,PSO,29,685.0,676,10728
01:03:17,st70,17,PSO,28,685.0,864,10727
01:03:17,st70,17,PSO,30,688.0,688,10729
01:03:17,st70,17,PSO,24,686.0,957,10723
01:03:22,st70,18,GWO-2opt,7,684.0,2045,10806
01:03:22,st70,18,GWO-2opt,9,692.0,2145,10808
01:03:22,st70,18,GWO-2opt,4,684.0,2223,10803
01:03:22,st70,18,GWO-2opt,1,685.0,2339,10800
01:03:22,st70,18,GWO-2opt,11,683.0,2201,10810
01:03:22,st70,18,GWO-2opt,6,684.0,2344,10805
01:03:23,st70,18,GWO-2opt,5,689.0,2520,10804
01:03:23,st70,18,GWO-2opt,3,687.0,2550,10802
01:03:23,st70,18,GWO-2opt,2,685.0,2778,10801
01:03:23,st70,18,GWO-2opt,8,678.0,2782,10807
01:03:23,st70,18,GWO-2opt,17,684.0,825,10816
01:03:23,st70,18,GWO-2opt,21,681.0,750,10820
01:03:23,st70,18,GWO-2opt,19,685.0,840,10818
01:03:23,st70,18,GWO-2opt,20,684.0,842,10819
01:03:23,st70,18,GWO-2opt,14,687.0,3000,10813
01:03:23,st70,18,GWO-2opt,10,682.0,3180,10809
01:03:23,st70,18,GWO-2opt,12,686.0,3166,10811
01:03:23,st70,18,GWO-2opt,24,686.0,753,10823
01:03:23,st70,18,GWO-2opt,23,686.0,760,10822
01:03:23,st70,18,GWO-2opt,18,686.0,1103,10817
01:03:23,st70,18,GWO-2opt,13,683.0,3204,10812
01:03:23,st70,18,GWO-2opt,16,693.0,2999,10815
01:03:23,st70,18,GWO-2opt,22,691.0,1044,10821
01:03:23,st70,18,GWO-2opt,15,684.0,3100,10814
01:03:24,st70,18,GWO-2opt,25,690.0,762,10824
01:03:24,st70,18,GWO-2opt,27,683.0,773,10826
01:03:24,st70,18,GWO-2opt,28,685.0,738,10827
01:03:24,st70,18,GWO-2opt,29,692.0,749,10828
01:03:24,st70,18,GWO-2opt,26,683.0,985,10825
01:03:24,st70,18,GWO-2opt,30,683.0,771,10829
01:03:28,st70,19,GWO-Pure,3,2772.0,1477,10902
01:03:28,st70,19,GWO-Pure,9,2878.0,1811,10908
01:03:29,st70,19,GWO-Pure,8,3006.0,1898,10907
01:03:29,st70,19,GWO-Pure,2,2629.0,2107,10901
01:03:29,st70,19,GWO-Pure,11,2951.0,2072,10910
01:03:29,st70,19,GWO-Pure,17,2632.0,1005,10916
01:03:29,st70,19,GWO-Pure,4,1696.0,2499,10903
01:03:29,st70,19,GWO-Pure,1,1764.0,2631,10900
01:03:29,st70,19,GWO-Pure,21,2950.0,361,10920
01:03:29,st70,19,GWO-Pure,24,2784.0,306,10923
01:03:29,st70,19,GWO-Pure,7,1889.0,2768,10906
01:03:30,st70,19,GWO-Pure,10,2002.0,2958,10909
01:03:30,st70,19,GWO-Pure,14,1859.0,2772,10913
01:03:30,st70,19,GWO-Pure,26,2991.0,379,10925
01:03:30,st70,19,GWO-Pure,5,1861.0,3275,10904
01:03:30,st70,19,GWO-Pure,22,2756.0,819,10921
01:03:30,st70,19,GWO-Pure,19,1938.0,1330,10918
01:03:30,st70,19,GWO-Pure,15,1564.0,3103,10914
01:03:30,st70,19,GWO-Pure,12,2754.0,3157,10911
01:03:30,st70,19,GWO-Pure,16,2021.0,3200,10915
01:03:30,st70,19,GWO-Pure,18,2055.0,1940,10917
01:03:30,st70,19,GWO-Pure,23,2925.0,1422,10922
01:03:31,st70,19,GWO-Pure,30,2838.0,753,10929
01:03:31,st70,19,GWO-Pure,20,1544.0,1961,10919
01:03:31,st70,19,GWO-Pure,6,1700.0,4011,10905
01:03:31,st70,19,GWO-Pure,27,1676.0,1320,10926
01:03:31,st70,19,GWO-Pure,25,1858.0,1409,10924
01:03:31,st70,19,GWO-Pure,13,1953.0,3947,10912
01:03:31,st70,19,GWO-Pure,28,1576.0,1226,10927
01:03:31,st70,19,GWO-Pure,29,2080.0,1236,10928
01:03:36,st70,20,HHO-2opt,5,684.0,2261,11004
01:03:36,st70,20,HHO-2opt,9,690.0,2447,11008
01:03:36,st70,20,HHO-2opt,2,691.0,2599,11001
01:03:36,st70,20,HHO-2opt,1,691.0,2660,11000
01:03:36,st70,20,HHO-2opt,4,683.0,2557,11003
01:03:37,st70,20,HHO-2opt,3,695.0,2673,11002
01:03:37,st70,20,HHO-2opt,11,689.0,2640,11010
01:03:37,st70,20,HHO-2opt,7,685.0,2783,11006
01:03:37,st70,20,HHO-2opt,8,685.0,2892,11007
01:03:37,st70,20,HHO-2opt,12,682.0,2878,11011
01:03:37,st70,20,HHO-2opt,17,683.0,882,11016
01:03:37,st70,20,HHO-2opt,15,683.0,2954,11014
01:03:37,st70,20,HHO-2opt,6,690.0,3310,11005
01:03:37,st70,20,HHO-2opt,19,682.0,932,11018
01:03:37,st70,20,HHO-2opt,21,684.0,1039,11020
01:03:38,st70,20,HHO-2opt,23,684.0,1055,11022
01:03:38,st70,20,HHO-2opt,18,691.0,1336,11017
01:03:38,st70,20,HHO-2opt,24,687.0,1030,11023
01:03:38,st70,20,HHO-2opt,25,680.0,948,11024
01:03:38,st70,20,HHO-2opt,20,692.0,1318,11019
01:03:38,st70,20,HHO-2opt,26,676.0,921,11025
01:03:38,st70,20,HHO-2opt,10,687.0,3912,11009
01:03:38,st70,20,HHO-2opt,22,697.0,1315,11021
01:03:38,st70,20,HHO-2opt,13,685.0,3828,11012
01:03:38,st70,20,HHO-2opt,14,689.0,3767,11013
01:03:38,st70,20,HHO-2opt,27,684.0,963,11026
01:03:38,st70,20,HHO-2opt,16,683.0,3760,11015
01:03:38,st70,20,HHO-2opt,29,686.0,906,11028
01:03:38,st70,20,HHO-2opt,30,688.0,844,11029
01:03:38,st70,20,HHO-2opt,28,688.0,1024,11027
01:03:44,student_matrix,8,GWO-LKH,2,314.0,2821,9801
01:03:44,student_matrix,8,GWO-LKH,3,314.0,2906,9802
01:03:44,student_matrix,8,GWO-LKH,5,314.0,2921,9804
01:03:44,student_matrix,8,GWO-LKH,11,314.0,2728,9810
01:03:44,student_matrix,8,GWO-LKH,13,314.0,2753,9812
01:03:44,student_matrix,8,GWO-LKH,7,316.0,2909,9806
01:03:44,student_matrix,8,GWO-LKH,9,314.0,2892,9808
01:03:44,student_matrix,8,GWO-LKH,1,314.0,3287,9800
01:03:44,student_matrix,8,GWO-LKH,6,314.0,3017,9805
01:03:44,student_matrix,8,GWO-LKH,14,314.0,2962,9813
01:03:44,student_matrix,8,GWO-LKH,16,314.0,2841,9815
01:03:44,student_matrix,8,GWO-LKH,4,314.0,3569,9803
01:03:44,student_matrix,8,GWO-LKH,10,315.0,3333,9809
01:03:45,student_matrix,8,GWO-LKH,17,314.0,1153,9816
01:03:45,student_matrix,8,GWO-LKH,8,314.0,3883,9807
01:03:45,student_matrix,8,GWO-LKH,20,315.0,1132,9819
01:03:45,student_matrix,8,GWO-LKH,15,314.0,3848,9814
01:03:45,student_matrix,8,GWO-LKH,21,314.0,1143,9820
01:03:45,student_matrix,8,GWO-LKH,22,314.0,1229,9821
01:03:45,student_matrix,8,GWO-LKH,23,315.0,1220,9822
01:03:45,student_matrix,8,GWO-LKH,12,314.0,4037,9811
01:03:45,student_matrix,8,GWO-LKH,18,314.0,1542,9817
01:03:45,student_matrix,8,GWO-LKH,24,314.0,1219,9823
01:03:45,student_matrix,8,GWO-LKH,19,314.0,1527,9818
01:03:45,student_matrix,8,GWO-LKH,27,314.0,1125,9826
01:03:45,student_matrix,8,GWO-LKH,26,314.0,1222,9825
01:03:45,student_matrix,8,GWO-LKH,25,314.0,1388,9824
01:03:46,student_matrix,8,GWO-LKH,29,314.0,1152,9828
01:03:46,student_matrix,8,GWO-LKH,28,315.0,1239,9827
01:03:46,student_matrix,8,GWO-LKH,30,314.0,1026,9829
01:03:52,student_matrix,9,GWO-ALNS,2,314.0,3801,9901
01:03:52,student_matrix,9,GWO-ALNS,5,314.0,3832,9904
01:03:52,student_matrix,9,GWO-ALNS,9,314.0,3679,9908
01:03:52,student_matrix,9,GWO-ALNS,3,314.0,3916,9902
01:03:52,student_matrix,9,GWO-ALNS,4,314.0,3885,9903
01:03:52,student_matrix,9,GWO-ALNS,6,314.0,3904,9905
01:03:53,student_matrix,9,GWO-ALNS,1,314.0,4114,9900
01:03:53,student_matrix,9,GWO-ALNS,8,314.0,3971,9907
01:03:53,student_matrix,9,GWO-ALNS,7,314.0,4493,9906
01:03:53,student_matrix,9,GWO-ALNS,11,314.0,4402,9910
01:03:54,student_matrix,9,GWO-ALNS,13,314.0,4774,9912
01:03:54,student_matrix,9,GWO-ALNS,10,314.0,4930,9909
01:03:54,student_matrix,9,GWO-ALNS,15,314.0,5122,9914
01:03:54,student_matrix,9,GWO-ALNS,14,314.0,5172,9913
01:03:54,student_matrix,9,GWO-ALNS,16,314.0,4829,9915
01:03:54,student_matrix,9,GWO-ALNS,12,314.0,5297,9911
01:03:55,student_matrix,9,GWO-ALNS,17,314.0,2265,9916
01:03:55,student_matrix,9,GWO-ALNS,18,314.0,2405,9917
01:03:55,student_matrix,9,GWO-ALNS,20,314.0,2403,9919
01:03:55,student_matrix,9,GWO-ALNS,21,314.0,2504,9920
01:03:55,student_matrix,9,GWO-ALNS,24,314.0,2281,9923
01:03:55,student_matrix,9,GWO-ALNS,19,314.0,2615,9918
01:03:55,student_matrix,9,GWO-ALNS,23,314.0,2456,9922
01:03:55,student_matrix,9,GWO-ALNS,22,314.0,2656,9921
01:03:55,student_matrix,9,GWO-ALNS,25,314.0,2082,9924
01:03:55,student_matrix,9,GWO-ALNS,26,314.0,2235,9925
01:03:56,student_matrix,9,GWO-ALNS,28,314.0,2037,9927
01:03:56,student_matrix,9,GWO-ALNS,27,314.0,2104,9926
01:03:56,student_matrix,9,GWO-ALNS,30,314.0,2022,9929
01:03:56,student_matrix,9,GWO-ALNS,29,314.0,2080,9928
01:04:01,student_matrix,10,HHO-LKH,7,314.0,2131,10006
01:04:01,student_matrix,10,HHO-LKH,2,314.0,2356,10001
01:04:01,student_matrix,10,HHO-LKH,10,314.0,2275,10009
01:04:01,student_matrix,10,HHO-LKH,6,314.0,2496,10005
01:04:02,student_matrix,10,HHO-LKH,3,314.0,2794,10002
01:04:02,student_matrix,10,HHO-LKH,5,314.0,2778,10004
01:04:02,student_matrix,10,HHO-LKH,4,314.0,2823,10003
01:04:02,student_matrix,10,HHO-LKH,16,314.0,2581,10015
01:04:02,student_matrix,10,HHO-LKH,9,314.0,2854,10008
01:04:02,student_matrix,10,HHO-LKH,1,314.0,3045,10000
01:04:02,student_matrix,10,HHO-LKH,17,314.0,801,10016
01:04:02,student_matrix,10,HHO-LKH,11,314.0,2851,10010
01:04:02,student_matrix,10,HHO-LKH,18,314.0,827,10017
01:04:02,student_matrix,10,HHO-LKH,8,314.0,3073,10007
01:04:02,student_matrix,10,HHO-LKH,19,314.0,781,10018
01:04:02,student_matrix,10,HHO-LKH,20,314.0,792,10019
01:04:03,student_matrix,10,HHO-LKH,23,314.0,875,10022
01:04:03,student_matrix,10,HHO-LKH,21,314.0,945,10020
01:04:03,student_matrix,10,HHO-LKH,22,314.0,927,10021
01:04:03,student_matrix,10,HHO-LKH,14,314.0,3492,10013
01:04:03,student_matrix,10,HHO-LKH,27,314.0,866,10026
01:04:03,student_matrix,10,HHO-LKH,25,314.0,940,10024
01:04:03,student_matrix,10,HHO-LKH,13,314.0,3720,10012
01:04:03,student_matrix,10,HHO-LKH,24,314.0,1077,10023
01:04:03,student_matrix,10,HHO-LKH,28,314.0,975,10027
01:04:03,student_matrix,10,HHO-LKH,26,314.0,1045,10025
01:04:03,student_matrix,10,HHO-LKH,29,314.0,900,10028
01:04:03,student_matrix,10,HHO-LKH,15,314.0,3763,10014
01:04:03,student_matrix,10,HHO-LKH,12,314.0,3862,10011
01:04:03,student_matrix,10,HHO-LKH,30,314.0,966,10029
01:04:09,student_matrix,11,HHO-ALNS,2,314.0,2743,10101
01:04:09,student_matrix,11,HHO-ALNS,1,314.0,2832,10100
01:04:09,student_matrix,11,HHO-ALNS,4,314.0,2848,10103
01:04:09,student_matrix,11,HHO-ALNS,3,314.0,2905,10102
01:04:09,student_matrix,11,HHO-ALNS,5,314.0,2747,10104
01:04:09,student_matrix,11,HHO-ALNS,12,314.0,3092,10111
01:04:09,student_matrix,11,HHO-ALNS,8,314.0,3132,10107
01:04:09,student_matrix,11,HHO-ALNS,10,314.0,3172,10109
01:04:09,student_matrix,11,HHO-ALNS,7,314.0,3173,10106
01:04:09,student_matrix,11,HHO-ALNS,6,314.0,3220,10105
01:04:09,student_matrix,11,HHO-ALNS,9,314.0,3316,10108
01:04:10,student_matrix,11,HHO-ALNS,13,314.0,3412,10112
01:04:10,student_matrix,11,HHO-ALNS,18,314.0,1390,10117
01:04:10,student_matrix,11,HHO-ALNS,20,314.0,1381,10119
01:04:10,student_matrix,11,HHO-ALNS,19,314.0,1441,10118
01:04:10,student_matrix,11,HHO-ALNS,14,314.0,3922,10113
01:04:10,student_matrix,11,HHO-ALNS,11,314.0,4059,10110
01:04:10,student_matrix,11,HHO-ALNS,16,314.0,3843,10115
01:04:10,student_matrix,11,HHO-ALNS,21,314.0,1380,10120
01:04:10,student_matrix,11,HHO-ALNS,15,314.0,3908,10114
01:04:11,student_matrix,11,HHO-ALNS,17,314.0,2003,10116
01:04:11,student_matrix,11,HHO-ALNS,23,314.0,1387,10122
01:04:11,student_matrix,11,HHO-ALNS,24,314.0,1420,10123
01:04:11,student_matrix,11,HHO-ALNS,25,314.0,1438,10124
01:04:11,student_matrix,11,HHO-ALNS,22,314.0,1638,10121
01:04:11,student_matrix,11,HHO-ALNS,26,314.0,1592,10125
01:04:11,student_matrix,11,HHO-ALNS,27,314.0,1554,10126
01:04:11,student_matrix,11,HHO-ALNS,28,314.0,1395,10127
01:04:11,student_matrix,11,HHO-ALNS,29,314.0,1302,10128
01:04:11,student_matrix,11,HHO-ALNS,30,314.0,1245,10129
01:04:15,student_matrix,12,HHO-Pure,2,496.0,1446,10201
01:04:15,student_matrix,12,HHO-Pure,1,445.0,1655,10200
01:04:16,student_matrix,12,HHO-Pure,7,484.0,1591,10206
01:04:16,student_matrix,12,HHO-Pure,8,481.0,1619,10207
01:04:16,student_matrix,12,HHO-Pure,6,446.0,1697,10205
01:04:16,student_matrix,12,HHO-Pure,17,431.0,394,10216
01:04:16,student_matrix,12,HHO-Pure,5,475.0,1767,10204
01:04:16,student_matrix,12,HHO-Pure,4,498.0,1887,10203
01:04:16,student_matrix,12,HHO-Pure,12,441.0,1891,10211
01:04:16,student_matrix,12,HHO-Pure,11,473.0,1929,10210
01:04:16,student_matrix,12,HHO-Pure,15,453.0,1839,10214
01:04:16,student_matrix,12,HHO-Pure,21,465.0,397,10220
01:04:16,student_matrix,12,HHO-Pure,14,514.0,1998,10213
01:04:16,student_matrix,12,HHO-Pure,3,455.0,2274,10202
01:04:16,student_matrix,12,HHO-Pure,13,491.0,2092,10212
01:04:16,student_matrix,12,HHO-Pure,10,436.0,2219,10209
01:04:16,student_matrix,12,HHO-Pure,20,485.0,641,10219
01:04:16,student_matrix,12,HHO-Pure,22,466.0,675,10221
01:04:16,student_matrix,12,HHO-Pure,30,527.0,243,10229
01:04:16,student_matrix,12,HHO-Pure,19,463.0,759,10218
01:04:16,student_matrix,12,HHO-Pure,9,490.0,2395,10208
01:04:16,student_matrix,12,HHO-Pure,16,483.0,2178,10215
01:04:16,student_matrix,12,HHO-Pure,27,482.0,372,10226
01:04:16,student_matrix,12,HHO-Pure,29,476.0,338,10228
01:04:16,student_matrix,12,HHO-Pure,26,466.0,473,10225
01:04:16,student_matrix,12,HHO-Pure,18,426.0,992,10217
01:04:16,student_matrix,12,HHO-Pure,23,474.0,790,10222
01:04:17,student_matrix,12,HHO-Pure,25,465.0,595,10224
01:04:17,student_matrix,12,HHO-Pure,24,450.0,1087,10223
01:04:17,student_matrix,12,HHO-Pure,28,447.0,954,10227
01:04:21,student_matrix,13,2-opt,1,314.0,1138,10300
01:04:21,student_matrix,13,2-opt,17,315.0,8,10316
01:04:21,student_matrix,13,2-opt,18,314.0,5,10317
01:04:21,student_matrix,13,2-opt,19,316.0,5,10318
01:04:21,student_matrix,13,2-opt,20,314.0,4,10319
01:04:21,student_matrix,13,2-opt,21,316.0,5,10320
01:04:21,student_matrix,13,2-opt,22,314.0,4,10321
01:04:21,student_matrix,13,2-opt,23,317.0,5,10322
01:04:21,student_matrix,13,2-opt,24,316.0,4,10323
01:04:21,student_matrix,13,2-opt,25,317.0,4,10324
01:04:21,student_matrix,13,2-opt,26,317.0,5,10325
01:04:21,student_matrix,13,2-opt,27,314.0,6,10326
01:04:21,student_matrix,13,2-opt,28,314.0,5,10327
01:04:21,student_matrix,13,2-opt,6,314.0,1121,10305
01:04:21,student_matrix,13,2-opt,4,314.0,1161,10303
01:04:21,student_matrix,13,2-opt,30,314.0,4,10329
01:04:21,student_matrix,13,2-opt,29,314.0,5,10328
01:04:21,student_matrix,13,2-opt,7,316.0,1152,10306
01:04:21,student_matrix,13,2-opt,8,316.0,1242,10307
01:04:21,student_matrix,13,2-opt,3,315.0,1354,10302
01:04:21,student_matrix,13,2-opt,2,316.0,1383,10301
01:04:21,student_matrix,13,2-opt,11,316.0,1156,10310
01:04:21,student_matrix,13,2-opt,9,314.0,1166,10308
01:04:21,student_matrix,13,2-opt,10,314.0,1166,10309
01:04:21,student_matrix,13,2-opt,5,314.0,1392,10304
01:04:21,student_matrix,13,2-opt,12,314.0,1228,10311
01:04:21,student_matrix,13,2-opt,15,316.0,1136,10314
01:04:21,student_matrix,13,2-opt,14,321.0,1163,10313
01:04:21,student_matrix,13,2-opt,13,314.0,1192,10312
01:04:21,student_matrix,13,2-opt,16,314.0,1192,10315
01:04:26,student_matrix,14,3-opt,4,316.0,1526,10403
01:04:26,student_matrix,14,3-opt,2,319.0,1635,10401
01:04:26,student_matrix,14,3-opt,1,314.0,1779,10400
01:04:26,student_matrix,14,3-opt,17,317.0,140,10416
01:04:26,student_matrix,14,3-opt,18,322.0,148,10417
01:04:26,student_matrix,14,3-opt,19,320.0,166,10418
01:04:26,student_matrix,14,3-opt,5,320.0,1537,10404
01:04:26,student_matrix,14,3-opt,20,320.0,127,10419
01:04:26,student_matrix,14,3-opt,21,320.0,119,10420
01:04:26,student_matrix,14,3-opt,22,320.0,102,10421
01:04:26,student_matrix,14,3-opt,23,319.0,106,10422
01:04:26,student_matrix,14,3-opt,3,319.0,1914,10402
01:04:26,student_matrix,14,3-opt,25,320.0,120,10424
01:04:26,student_matrix,14,3-opt,24,317.0,137,10423
01:04:26,student_matrix,14,3-opt,6,316.0,1745,10405
01:04:26,student_matrix,14,3-opt,26,318.0,139,10425
01:04:26,student_matrix,14,3-opt,8,315.0,1713,10407
01:04:26,student_matrix,14,3-opt,27,317.0,156,10426
01:04:26,student_matrix,14,3-opt,30,319.0,97,10429
01:04:26,student_matrix,14,3-opt,29,319.0,107,10428
01:04:26,student_matrix,14,3-opt,7,321.0,1823,10406
01:04:26,student_matrix,14,3-opt,28,317.0,148,10427
01:04:26,student_matrix,14,3-opt,11,315.0,1697,10410
01:04:26,student_matrix,14,3-opt,13,317.0,1681,10412
01:04:26,student_matrix,14,3-opt,10,319.0,1741,10409
01:04:26,student_matrix,14,3-opt,9,315.0,1868,10408
01:04:26,student_matrix,14,3-opt,12,320.0,1795,10411
01:04:26,student_matrix,14,3-opt,14,317.0,1523,10413
01:04:27,student_matrix,14,3-opt,15,320.0,1546,10414
01:04:27,student_matrix,14,3-opt,16,315.0,1312,10415
01:04:30,student_matrix,15,Or-opt,1,321.0,1144,10500
01:04:30,student_matrix,15,Or-opt,17,316.0,32,10516
01:04:30,student_matrix,15,Or-opt,18,320.0,19,10517
01:04:30,student_matrix,15,Or-opt,19,314.0,21,10518
01:04:30,student_matrix,15,Or-opt,5,327.0,1105,10504
01:04:30,student_matrix,15,Or-opt,21,314.0,22,10520
01:04:30,student_matrix,15,Or-opt,20,322.0,24,10519
01:04:30,student_matrix,15,Or-opt,3,317.0,1177,10502
01:04:30,student_matrix,15,Or-opt,23,321.0,24,10522
01:04:30,student_matrix,15,Or-opt,24,326.0,22,10523
01:04:30,student_matrix,15,Or-opt,4,316.0,1191,10503
01:04:30,student_matrix,15,Or-opt,22,315.0,32,10521
01:04:30,student_matrix,15,Or-opt,26,319.0,27,10525
01:04:30,student_matrix,15,Or-opt,25,314.0,29,10524
01:04:30,student_matrix,15,Or-opt,28,327.0,28,10527
01:04:30,student_matrix,15,Or-opt,2,316.0,1242,10501
01:04:30,student_matrix,15,Or-opt,27,322.0,34,10526
01:04:30,student_matrix,15,Or-opt,6,314.0,1179,10505
01:04:30,student_matrix,15,Or-opt,30,316.0,21,10529
01:04:30,student_matrix,15,Or-opt,29,323.0,24,10528
01:04:30,student_matrix,15,Or-opt,7,314.0,1036,10506
01:04:31,student_matrix,15,Or-opt,8,323.0,1077,10507
01:04:31,student_matrix,15,Or-opt,9,319.0,1095,10508
01:04:31,student_matrix,15,Or-opt,12,323.0,1083,10511
01:04:31,student_matrix,15,Or-opt,13,321.0,1062,10512
01:04:31,student_matrix,15,Or-opt,10,319.0,1132,10509
01:04:31,student_matrix,15,Or-opt,14,314.0,964,10513
01:04:31,student_matrix,15,Or-opt,11,319.0,1192,10510
01:04:31,student_matrix,15,Or-opt,15,327.0,956,10514
01:04:31,student_matrix,15,Or-opt,16,321.0,951,10515
01:04:35,student_matrix,16,GA,2,314.0,1560,10601
01:04:35,student_matrix,16,GA,1,314.0,1594,10600
01:04:35,student_matrix,16,GA,7,314.0,1470,10606
01:04:35,student_matrix,16,GA,6,314.0,1556,10605
01:04:35,student_matrix,16,GA,3,316.0,1683,10602
01:04:35,student_matrix,16,GA,5,314.0,1734,10604
01:04:35,student_matrix,16,GA,4,314.0,1795,10603
01:04:35,student_matrix,16,GA,18,314.0,344,10617
01:04:35,student_matrix,16,GA,19,314.0,340,10618
01:04:36,student_matrix,16,GA,17,314.0,405,10616
01:04:36,student_matrix,16,GA,20,314.0,345,10619
01:04:36,student_matrix,16,GA,21,314.0,343,10620
01:04:36,student_matrix,16,GA,8,314.0,1956,10607
01:04:36,student_matrix,16,GA,22,314.0,439,10621
01:04:36,student_matrix,16,GA,23,314.0,438,10622
01:04:36,student_matrix,16,GA,24,314.0,343,10623
01:04:36,student_matrix,16,GA,25,314.0,337,10624
01:04:36,student_matrix,16,GA,10,314.0,1996,10609
01:04:36,student_matrix,16,GA,28,314.0,343,10627
01:04:36,student_matrix,16,GA,26,314.0,420,10625
01:04:36,student_matrix,16,GA,11,314.0,1852,10610
01:04:36,student_matrix,16,GA,27,314.0,415,10626
01:04:36,student_matrix,16,GA,9,314.0,2158,10608
01:04:36,student_matrix,16,GA,29,314.0,336,10628
01:04:36,student_matrix,16,GA,12,314.0,1958,10611
01:04:36,student_matrix,16,GA,30,314.0,344,10629
01:04:36,student_matrix,16,GA,14,314.0,1917,10613
01:04:36,student_matrix,16,GA,16,314.0,1964,10615
01:04:36,student_matrix,16,GA,15,314.0,2026,10614
01:04:36,student_matrix,16,GA,13,316.0,2067,10612
01:04:40,student_matrix,17,PSO,2,314.0,1383,10701
01:04:40,student_matrix,17,PSO,1,316.0,1406,10700
01:04:40,student_matrix,17,PSO,3,314.0,1442,10702
01:04:40,student_matrix,17,PSO,6,314.0,1348,10705
01:04:40,student_matrix,17,PSO,8,316.0,1344,10707
01:04:40,student_matrix,17,PSO,13,314.0,1331,10712
01:04:40,student_matrix,17,PSO,5,314.0,1403,10704
01:04:40,student_matrix,17,PSO,17,314.0,268,10716
01:04:40,student_matrix,17,PSO,18,314.0,260,10717
01:04:40,student_matrix,17,PSO,19,314.0,241,10718
01:04:40,student_matrix,17,PSO,11,316.0,1493,10710
01:04:40,student_matrix,17,PSO,4,314.0,1544,10703
01:04:40,student_matrix,17,PSO,9,314.0,1522,10708
01:04:41,student_matrix,17,PSO,20,314.0,227,10719
01:04:41,student_matrix,17,PSO,14,314.0,1506,10713
01:04:41,student_matrix,17,PSO,22,314.0,230,10721
01:04:41,student_matrix,17,PSO,21,314.0,285,10720
01:04:41,student_matrix,17,PSO,23,314.0,265,10722
01:04:41,student_matrix,17,PSO,24,314.0,237,10723
01:04:41,student_matrix,17,PSO,26,314.0,230,10725
01:04:41,student_matrix,17,PSO,25,314.0,273,10724
01:04:41,student_matrix,17,PSO,12,314.0,1676,10711
01:04:41,student_matrix,17,PSO,7,315.0,1767,10706
01:04:41,student_matrix,17,PSO,27,314.0,259,10726
01:04:41,student_matrix,17,PSO,29,314.0,255,10728
01:04:41,student_matrix,17,PSO,10,314.0,1778,10709
01:04:41,student_matrix,17,PSO,28,314.0,269,10727
01:04:41,student_matrix,17,PSO,30,314.0,239,10729
01:04:41,student_matrix,17,PSO,15,314.0,1622,10714
01:04:41,student_matrix,17,PSO,16,314.0,1664,10715
01:04:45,student_matrix,18,GWO-2opt,2,317.0,1786,10801
01:04:45,student_matrix,18,GWO-2opt,3,314.0,1802,10802
01:04:45,student_matrix,18,GWO-2opt,4,314.0,1807,10803
01:04:45,student_matrix,18,GWO-2opt,1,314.0,1859,10800
01:04:45,student_matrix,18,GWO-2opt,5,314.0,1887,10804
01:04:45,student_matrix,18,GWO-2opt,8,316.0,1858,10807
01:04:45,student_matrix,18,GWO-2opt,13,316.0,1796,10812
01:04:45,student_matrix,18,GWO-2opt,7,316.0,1942,10806
01:04:45,student_matrix,18,GWO-2opt,14,314.0,1863,10813
01:04:46,student_matrix,18,GWO-2opt,6,314.0,2046,10805
01:04:46,student_matrix,18,GWO-2opt,10,314.0,1975,10809
01:04:46,student_matrix,18,GWO-2opt,17,314.0,591,10816
01:04:46,student_matrix,18,GWO-2opt,19,316.0,590,10818
01:04:46,student_matrix,18,GWO-2opt,20,314.0,583,10819
01:04:46,student_matrix,18,GWO-2opt,18,316.0,663,10817
01:04:46,student_matrix,18,GWO-2opt,9,314.0,2322,10808
01:04:46,student_matrix,18,GWO-2opt,21,314.0,635,10820
01:04:46,student_matrix,18,GWO-2opt,11,314.0,2292,10810
01:04:46,student_matrix,18,GWO-2opt,23,314.0,604,10822
01:04:46,student_matrix,18,GWO-2opt,24,316.0,622,10823
01:04:46,student_matrix,18,GWO-2opt,12,314.0,2437,10811
01:04:46,student_matrix,18,GWO-2opt,25,314.0,576,10824
01:04:46,student_matrix,18,GWO-2opt,22,316.0,781,10821
01:04:46,student_matrix,18,GWO-2opt,15,314.0,2482,10814
01:04:46,student_matrix,18,GWO-2opt,16,314.0,2337,10815
01:04:46,student_matrix,18,GWO-2opt,26,314.0,677,10825
01:04:46,student_matrix,18,GWO-2opt,28,316.0,565,10827
01:04:46,student_matrix,18,GWO-2opt,27,316.0,671,10826
01:04:46,student_matrix,18,GWO-2opt,30,314.0,545,10829
01:04:46,student_matrix,18,GWO-2opt,29,314.0,570,10828
01:04:50,student_matrix,19,GWO-Pure,4,468.0,1400,10903
01:04:50,student_matrix,19,GWO-Pure,7,476.0,1429,10906
01:04:50,student_matrix,19,GWO-Pure,8,410.0,1511,10907
01:04:51,student_matrix,19,GWO-Pure,2,444.0,1889,10901
01:04:51,student_matrix,19,GWO-Pure,9,437.0,1934,10908
01:04:51,student_matrix,19,GWO-Pure,11,404.0,1946,10910
01:04:51,student_matrix,19,GWO-Pure,3,380.0,2162,10902
01:04:51,student_matrix,19,GWO-Pure,18,451.0,725,10917
01:04:51,student_matrix,19,GWO-Pure,13,437.0,2029,10912
01:04:51,student_matrix,19,GWO-Pure,10,426.0,2101,10909
01:04:51,student_matrix,19,GWO-Pure,5,398.0,2277,10904
01:04:51,student_matrix,19,GWO-Pure,17,419.0,885,10916
01:04:51,student_matrix,19,GWO-Pure,19,421.0,724,10918
01:04:51,student_matrix,19,GWO-Pure,23,462.0,314,10922
01:04:51,student_matrix,19,GWO-Pure,6,427.0,2548,10905
01:04:51,student_matrix,19,GWO-Pure,1,428.0,2638,10900
01:04:51,student_matrix,19,GWO-Pure,22,426.0,523,10921
01:04:51,student_matrix,19,GWO-Pure,12,401.0,2495,10911
01:04:51,student_matrix,19,GWO-Pure,20,432.0,867,10919
01:04:52,student_matrix,19,GWO-Pure,24,388.0,696,10923
01:04:52,student_matrix,19,GWO-Pure,21,424.0,886,10920
01:04:52,student_matrix,19,GWO-Pure,29,395.0,728,10928
01:04:52,student_matrix,19,GWO-Pure,15,401.0,2694,10914
01:04:52,student_matrix,19,GWO-Pure,14,422.0,2778,10913
01:04:52,student_matrix,19,GWO-Pure,26,444.0,921,10925
01:04:52,student_matrix,19,GWO-Pure,27,370.0,898,10926
01:04:52,student_matrix,19,GWO-Pure,25,412.0,967,10924
01:04:52,student_matrix,19,GWO-Pure,16,393.0,2808,10915
01:04:52,student_matrix,19,GWO-Pure,30,405.0,802,10929
01:04:52,student_matrix,19,GWO-Pure,28,404.0,1045,10927
01:04:56,student_matrix,20,HHO-2opt,1,314.0,1732,11000
01:04:56,student_matrix,20,HHO-2opt,6,314.0,1688,11005
01:04:57,student_matrix,20,HHO-2opt,4,314.0,1834,11003
01:04:57,student_matrix,20,HHO-2opt,3,316.0,1844,11002
01:04:57,student_matrix,20,HHO-2opt,2,316.0,1876,11001
01:04:57,student_matrix,20,HHO-2opt,5,314.0,1823,11004
01:04:57,student_matrix,20,HHO-2opt,7,316.0,1885,11006
01:04:57,student_matrix,20,HHO-2opt,8,314.0,2051,11007
01:04:57,student_matrix,20,HHO-2opt,17,314.0,550,11016
01:04:57,student_matrix,20,HHO-2opt,12,316.0,1999,11011
01:04:57,student_matrix,20,HHO-2opt,18,316.0,547,11017
01:04:57,student_matrix,20,HHO-2opt,19,314.0,545,11018
01:04:57,student_matrix,20,HHO-2opt,14,316.0,2022,11013
01:04:57,student_matrix,20,HHO-2opt,21,314.0,547,11020
01:04:57,student_matrix,20,HHO-2opt,16,314.0,2168,11015
01:04:57,student_matrix,20,HHO-2opt,20,314.0,784,11019
01:04:57,student_matrix,20,HHO-2opt,13,314.0,2292,11012
01:04:57,student_matrix,20,HHO-2opt,22,314.0,761,11021
01:04:57,student_matrix,20,HHO-2opt,15,314.0,2350,11014
01:04:57,student_matrix,20,HHO-2opt,23,314.0,738,11022
01:04:57,student_matrix,20,HHO-2opt,24,314.0,566,11023
01:04:58,student_matrix,20,HHO-2opt,9,314.0,2640,11008
01:04:58,student_matrix,20,HHO-2opt,25,316.0,567,11024
01:04:58,student_matrix,20,HHO-2opt,11,314.0,2570,11010
01:04:58,student_matrix,20,HHO-2opt,26,314.0,541,11025
01:04:58,student_matrix,20,HHO-2opt,27,317.0,554,11026
01:04:58,student_matrix,20,HHO-2opt,29,314.0,533,11028
01:04:58,student_matrix,20,HHO-2opt,28,314.0,572,11027
01:04:58,student_matrix,20,HHO-2opt,30,316.0,535,11029
01:04:58,student_matrix,20,HHO-2opt,10,314.0,2744,11009
